LogID,LogEntryDate,LogEntryTime,LogEntrySeconds,LogNotes,TPS,RPM,TimingAdv,FuelTrim_Low,FuelTrim_Mid,FuelTrim_High,FuelTrim_InUse,O2FeedbackTrim,CoolantTemp,Battery,Speed,Load1B,KnockSum,CoolantTempScaled,WideBandAF,InjPulseWidth,InjDutyCycle,FuelConsumption,MAP,AirTemp,MAFAirTempScaled,ZTXBoost,ZTXEGT,Baro,AirFlow,AccelEnrich,O2Sensor,TargetIdleRPM,O2Sensor2,Gear,AirVol,JDMMAP,KnockSum3E,ISCSteps,CrankSignalSw,IdlePosSw,PwrSteeringSw,ACSwitch,ACRelaySw,InhibitorSw,AFRMAP,LoadCalc,Load11bit4,ECULoad,InjectorLatency,LoadMUT2Byte,RPMMUT2Byte,AirFlowMUT2Byte,OctaneFlag,EGRTemp,MATScaled,WGDC,LoadError,WGDCCorr,GMMAP,MAPScaled,gmas,LC1WidebandO2,WB02,Alt_Maps,ZTXRPM,ZTXTPS,ZTXUser1,ZTXUser2,ZTXConfig,LC1RPM,LC1Battery,LC1Aux1,LC1Aux2,LC1Aux3,LC1Aux4,LC1Aux5,TestE1,TestE4,KnockVoltage,Knock_72,knock_adc,knock_base,knock_var,knock_change,knock_dynamics,knock_flag,EFI_ClearDTC,DLP1Digital,DLP2Digital,DLP3Digital,DLP4Digital,DLP5Digital,DLP6Digital,DLP7Digital,DLP8Digital,DLP1Analog,DLP2Analog,DLP3Analog,DLP4Analog,DLP5Analog,DLP6Analog,DLP7Analog,DLP8Analog,DLP1Temp,DLP2Temp,DLP3Temp,DLP4Temp,DLP5Temp,DLP6Temp,DLP7Temp,DLP8Temp,Custom
1,2025-11-19,18:03:36.68479,0.33309,,13.7254901960784,843.75,6,4.6875,0,0,4.6875,4.4921875,89,14.22602,0,,,,0,,,,,,,,,,,,,,,,,,,,,,,,,,,,,,,,,,,,,,,,,,,,,,,,,,,,,,,,,,,,,,,,,,,,,,,,,,,,,,,,,,,,,,,,,,,,,
2,2025-11-19,18:03:36.75274,0.40067,,13.7254901960784,843.75,6,4.6875,0,0,4.6875,4.296875,89,14.15269,0,,,,0,,,,,,,,,,,,,,,,,,,,,,,,,,,,,,,,,,,,,,,,,,,,,,,,,,,,,,,,,,,,,,,,,,,,,,,,,,,,,,,,,,,,,,,,,,,,,
3,2025-11-19,18:03:36.88061,0.52969,,13.7254901960784,843.75,6,4.6875,0,0,4.6875,4.296875,89,14.15269,0,,,,0,,,,,,,,,,,,,,,,,,,,,,,,,,,,,,,,,,,,,,,,,,,,,,,,,,,,,,,,,,,,,,,,,,,,,,,,,,,,,,,,,,,,,,,,,,,,,
4,2025-11-19,18:03:36.94348,0.59083,,13.7254901960784,843.75,7,4.6875,0,0,4.6875,4.296875,89,14.22602,0,,,,0,,,,,,,,,,,,,,,,,,,,,,,,,,,,,,,,,,,,,,,,,,,,,,,,,,,,,,,,,,,,,,,,,,,,,,,,,,,,,,,,,,,,,,,,,,,,,
5,2025-11-19,18:03:37.01179,0.65969,,13.7254901960784,843.75,6,4.6875,0,0,4.6875,4.296875,89,14.22602,0,,,,0,,,,,,,,,,,,,,,,,,,,,,,,,,,,,,,,,,,,,,,,,,,,,,,,,,,,,,,,,,,,,,,,,,,,,,,,,,,,,,,,,,,,,,,,,,,,,
6,2025-11-19,18:03:37.10337,0.7515,,13.7254901960784,843.75,6,4.6875,0,0,4.6875,4.4921875,89,14.15269,0,,,,0,,,,,,,,,,,,,,,,,,,,,,,,,,,,,,,,,,,,,,,,,,,,,,,,,,,,,,,,,,,,,,,,,,,,,,,,,,,,,,,,,,,,,,,,,,,,,
7,2025-11-19,18:03:37.16740,0.81563,,13.7254901960784,843.75,5,4.6875,0,0,4.6875,4.4921875,89,14.22602,0,,,,0,,,,,,,,,,,,,,,,,,,,,,,,,,,,,,,,,,,,,,,,,,,,,,,,,,,,,,,,,,,,,,,,,,,,,,,,,,,,,,,,,,,,,,,,,,,,,
8,2025-11-19,18:03:37.22633,0.87394,,13.7254901960784,843.75,5,4.6875,0,0,4.6875,4.6875,89,14.15269,0,,,,0,,,,,,,,,,,,,,,,,,,,,,,,,,,,,,,,,,,,,,,,,,,,,,,,,,,,,,,,,,,,,,,,,,,,,,,,,,,,,,,,,,,,,,,,,,,,,
9,2025-11-19,18:03:37.26930,0.91664,,13.7254901960784,843.75,4,4.6875,0,0,4.6875,4.6875,89,14.15269,0,,,,0,,,,,,,,,,,,,,,,,,,,,,,,,,,,,,,,,,,,,,,,,,,,,,,,,,,,,,,,,,,,,,,,,,,,,,,,,,,,,,,,,,,,,,,,,,,,,
10,2025-11-19,18:03:37.32048,0.96776,,13.7254901960784,843.75,4,4.6875,0,0,4.6875,4.6875,89,14.07936,0,,,,0,,,,,,,,,,,,,,,,,,,,,,,,,,,,,,,,,,,,,,,,,,,,,,,,,,,,,,,,,,,,,,,,,,,,,,,,,,,,,,,,,,,,,,,,,,,,,
11,2025-11-19,18:03:37.35820,1.00603,,13.7254901960784,843.75,5,4.6875,0,0,4.6875,4.8828125,89,14.22602,0,,,,0,,,,,,,,,,,,,,,,,,,,,,,,,,,,,,,,,,,,,,,,,,,,,,,,,,,,,,,,,,,,,,,,,,,,,,,,,,,,,,,,,,,,,,,,,,,,,
12,2025-11-19,18:03:37.40620,1.05442,,13.7254901960784,843.75,5,4.6875,0,0,4.6875,4.8828125,89,14.15269,0,,,,0,,,,,,,,,,,,,,,,,,,,,,,,,,,,,,,,,,,,,,,,,,,,,,,,,,,,,,,,,,,,,,,,,,,,,,,,,,,,,,,,,,,,,,,,,,,,,
13,2025-11-19,18:03:37.44320,1.09297,,13.7254901960784,843.75,5,4.6875,0,0,4.6875,4.8828125,89,14.15269,0,,,,0,,,,,,,,,,,,,,,,,,,,,,,,,,,,,,,,,,,,,,,,,,,,,,,,,,,,,,,,,,,,,,,,,,,,,,,,,,,,,,,,,,,,,,,,,,,,,
14,2025-11-19,18:03:37.48335,1.13087,,13.7254901960784,843.75,5,4.6875,0,0,4.6875,5.078125,89,14.22602,0,,,,0,,,,,,,,,,,,,,,,,,,,,,,,,,,,,,,,,,,,,,,,,,,,,,,,,,,,,,,,,,,,,,,,,,,,,,,,,,,,,,,,,,,,,,,,,,,,,
15,2025-11-19,18:03:37.54607,1.19416,,13.7254901960784,843.75,6,4.6875,0,0,4.6875,5.078125,89,14.22602,0,,,,0,,,,,,,,,,,,,,,,,,,,,,,,,,,,,,,,,,,,,,,,,,,,,,,,,,,,,,,,,,,,,,,,,,,,,,,,,,,,,,,,,,,,,,,,,,,,,
16,2025-11-19,18:03:37.60398,1.25179,,13.7254901960784,843.75,5,4.6875,0,0,4.6875,5.078125,89,14.22602,0,,,,0,,,,,,,,,,,,,,,,,,,,,,,,,,,,,,,,,,,,,,,,,,,,,,,,,,,,,,,,,,,,,,,,,,,,,,,,,,,,,,,,,,,,,,,,,,,,,
17,2025-11-19,18:03:37.66500,1.3124,,13.7254901960784,843.75,4,4.6875,0,0,4.6875,5.2734375,89,14.22602,0,,,,0,,,,,,,,,,,,,,,,,,,,,,,,,,,,,,,,,,,,,,,,,,,,,,,,,,,,,,,,,,,,,,,,,,,,,,,,,,,,,,,,,,,,,,,,,,,,,
18,2025-11-19,18:03:37.72290,1.37029,,13.7254901960784,843.75,4,4.6875,0,0,4.6875,5.2734375,89,14.22602,0,,,,0,,,,,,,,,,,,,,,,,,,,,,,,,,,,,,,,,,,,,,,,,,,,,,,,,,,,,,,,,,,,,,,,,,,,,,,,,,,,,,,,,,,,,,,,,,,,,
19,2025-11-19,18:03:37.78285,1.43041,,13.7254901960784,843.75,4,4.6875,0,0,4.6875,5.2734375,89,14.22602,0,,,,0,,,,,,,,,,,,,,,,,,,,,,,,,,,,,,,,,,,,,,,,,,,,,,,,,,,,,,,,,,,,,,,,,,,,,,,,,,,,,,,,,,,,,,,,,,,,,
20,2025-11-19,18:03:37.84986,1.4977,,13.7254901960784,843.75,4,4.6875,0,0,4.6875,5.078125,89,14.22602,0,,,,0,,,,,,,,,,,,,,,,,,,,,,,,,,,,,,,,,,,,,,,,,,,,,,,,,,,,,,,,,,,,,,,,,,,,,,,,,,,,,,,,,,,,,,,,,,,,,
21,2025-11-19,18:03:37.88863,1.53595,,13.7254901960784,843.75,4,4.6875,0,0,4.6875,5.078125,89,14.22602,0,,,,0,,,,,,,,,,,,,,,,,,,,,,,,,,,,,,,,,,,,,,,,,,,,,,,,,,,,,,,,,,,,,,,,,,,,,,,,,,,,,,,,,,,,,,,,,,,,,
22,2025-11-19,18:03:37.94265,1.59168,,13.7254901960784,843.75,5,4.6875,0,0,4.6875,5.078125,89,14.22602,0,,,,0,,,,,,,,,,,,,,,,,,,,,,,,,,,,,,,,,,,,,,,,,,,,,,,,,,,,,,,,,,,,,,,,,,,,,,,,,,,,,,,,,,,,,,,,,,,,,
23,2025-11-19,18:03:38.00278,1.65016,,13.7254901960784,812.5,6,4.6875,0,0,4.6875,4.8828125,89,14.07936,0,,,,0,,,,,,,,,,,,,,,,,,,,,,,,,,,,,,,,,,,,,,,,,,,,,,,,,,,,,,,,,,,,,,,,,,,,,,,,,,,,,,,,,,,,,,,,,,,,,
24,2025-11-19,18:03:38.06258,1.71005,,13.7254901960784,843.75,6,4.6875,0,0,4.6875,4.8828125,89,14.15269,0,,,,0,,,,,,,,,,,,,,,,,,,,,,,,,,,,,,,,,,,,,,,,,,,,,,,,,,,,,,,,,,,,,,,,,,,,,,,,,,,,,,,,,,,,,,,,,,,,,
25,2025-11-19,18:03:38.10618,1.75397,,13.7254901960784,812.5,6,4.6875,0,0,4.6875,4.8828125,89,14.15269,0,,,,0,,,,,,,,,,,,,,,,,,,,,,,,,,,,,,,,,,,,,,,,,,,,,,,,,,,,,,,,,,,,,,,,,,,,,,,,,,,,,,,,,,,,,,,,,,,,,
26,2025-11-19,18:03:38.14621,1.79371,,13.7254901960784,843.75,6,4.6875,0,0,4.6875,4.6875,89,14.15269,0,,,,0,,,,,,,,,,,,,,,,,,,,,,,,,,,,,,,,,,,,,,,,,,,,,,,,,,,,,,,,,,,,,,,,,,,,,,,,,,,,,,,,,,,,,,,,,,,,,
27,2025-11-19,18:03:38.18455,1.83211,,13.7254901960784,843.75,5,4.6875,0,0,4.6875,4.6875,89,14.22602,0,,,,0,,,,,,,,,,,,,,,,,,,,,,,,,,,,,,,,,,,,,,,,,,,,,,,,,,,,,,,,,,,,,,,,,,,,,,,,,,,,,,,,,,,,,,,,,,,,,
28,2025-11-19,18:03:38.22047,1.86913,,13.7254901960784,843.75,5,4.6875,0,0,4.6875,4.6875,89,14.07936,0,,,,0,,,,,,,,,,,,,,,,,,,,,,,,,,,,,,,,,,,,,,,,,,,,,,,,,,,,,,,,,,,,,,,,,,,,,,,,,,,,,,,,,,,,,,,,,,,,,
29,2025-11-19,18:03:38.28063,1.92889,,13.7254901960784,812.5,5,4.6875,0,0,4.6875,4.6875,89,14.15269,0,,,,0,,,,,,,,,,,,,,,,,,,,,,,,,,,,,,,,,,,,,,,,,,,,,,,,,,,,,,,,,,,,,,,,,,,,,,,,,,,,,,,,,,,,,,,,,,,,,
30,2025-11-19,18:03:38.33994,1.9881,,13.7254901960784,812.5,6,4.6875,0,0,4.6875,4.4921875,89,14.07936,0,,,,0,,,,,,,,,,,,,,,,,,,,,,,,,,,,,,,,,,,,,,,,,,,,,,,,,,,,,,,,,,,,,,,,,,,,,,,,,,,,,,,,,,,,,,,,,,,,,
31,2025-11-19,18:03:38.40533,2.0536,,13.7254901960784,812.5,6,4.6875,0,0,4.6875,4.4921875,89,14.07936,0,,,,0,,,,,,,,,,,,,,,,,,,,,,,,,,,,,,,,,,,,,,,,,,,,,,,,,,,,,,,,,,,,,,,,,,,,,,,,,,,,,,,,,,,,,,,,,,,,,
32,2025-11-19,18:03:38.46638,2.11465,,13.7254901960784,843.75,5,4.6875,0,0,4.6875,4.4921875,89,14.15269,0,,,,0,,,,,,,,,,,,,,,,,,,,,,,,,,,,,,,,,,,,,,,,,,,,,,,,,,,,,,,,,,,,,,,,,,,,,,,,,,,,,,,,,,,,,,,,,,,,,
33,2025-11-19,18:03:38.53247,2.17979,,13.7254901960784,812.5,5,4.6875,0,0,4.6875,4.296875,89,14.15269,0,,,,0,,,,,,,,,,,,,,,,,,,,,,,,,,,,,,,,,,,,,,,,,,,,,,,,,,,,,,,,,,,,,,,,,,,,,,,,,,,,,,,,,,,,,,,,,,,,,
34,2025-11-19,18:03:38.59329,2.24065,,13.7254901960784,812.5,6,4.6875,0,0,4.6875,4.296875,89,14.15269,0,,,,0,,,,,,,,,,,,,,,,,,,,,,,,,,,,,,,,,,,,,,,,,,,,,,,,,,,,,,,,,,,,,,,,,,,,,,,,,,,,,,,,,,,,,,,,,,,,,
35,2025-11-19,18:03:38.65423,2.30225,,13.7254901960784,812.5,5,4.6875,0,0,4.6875,4.296875,89,14.15269,0,,,,0,,,,,,,,,,,,,,,,,,,,,,,,,,,,,,,,,,,,,,,,,,,,,,,,,,,,,,,,,,,,,,,,,,,,,,,,,,,,,,,,,,,,,,,,,,,,,
36,2025-11-19,18:03:38.69723,2.34586,,13.7254901960784,843.75,4,4.6875,0,0,4.6875,4.1015625,89,14.15269,0,,,,0,,,,,,,,,,,,,,,,,,,,,,,,,,,,,,,,,,,,,,,,,,,,,,,,,,,,,,,,,,,,,,,,,,,,,,,,,,,,,,,,,,,,,,,,,,,,,
37,2025-11-19,18:03:38.73835,2.38656,,13.7254901960784,843.75,4,4.6875,0,0,4.6875,4.1015625,89,14.15269,0,,,,0,,,,,,,,,,,,,,,,,,,,,,,,,,,,,,,,,,,,,,,,,,,,,,,,,,,,,,,,,,,,,,,,,,,,,,,,,,,,,,,,,,,,,,,,,,,,,
38,2025-11-19,18:03:38.78005,2.4275,,13.7254901960784,843.75,4,4.6875,0,0,4.6875,4.1015625,89,14.15269,0,,,,0,,,,,,,,,,,,,,,,,,,,,,,,,,,,,,,,,,,,,,,,,,,,,,,,,,,,,,,,,,,,,,,,,,,,,,,,,,,,,,,,,,,,,,,,,,,,,
39,2025-11-19,18:03:38.81809,2.4655,,13.7254901960784,843.75,4,4.6875,0,0,4.6875,4.1015625,89,14.15269,0,,,,0,,,,,,,,,,,,,,,,,,,,,,,,,,,,,,,,,,,,,,,,,,,,,,,,,,,,,,,,,,,,,,,,,,,,,,,,,,,,,,,,,,,,,,,,,,,,,
40,2025-11-19,18:03:38.85771,2.50592,,13.7254901960784,843.75,4,4.6875,0,0,4.6875,4.1015625,89,14.22602,0,,,,0,,,,,,,,,,,,,,,,,,,,,,,,,,,,,,,,,,,,,,,,,,,,,,,,,,,,,,,,,,,,,,,,,,,,,,,,,,,,,,,,,,,,,,,,,,,,,
41,2025-11-19,18:03:38.90602,2.55494,,13.7254901960784,843.75,4,4.6875,0,0,4.6875,3.90625,89,14.22602,0,,,,0,,,,,,,,,,,,,,,,,,,,,,,,,,,,,,,,,,,,,,,,,,,,,,,,,,,,,,,,,,,,,,,,,,,,,,,,,,,,,,,,,,,,,,,,,,,,,
42,2025-11-19,18:03:38.96595,2.61348,,13.7254901960784,812.5,5,4.6875,0,0,4.6875,3.90625,89,14.22602,0,,,,0,,,,,,,,,,,,,,,,,,,,,,,,,,,,,,,,,,,,,,,,,,,,,,,,,,,,,,,,,,,,,,,,,,,,,,,,,,,,,,,,,,,,,,,,,,,,,
43,2025-11-19,18:03:39.05009,2.6976,,13.7254901960784,812.5,7,4.6875,0,0,4.6875,3.90625,89,14.15269,0,,,,0,,,,,,,,,,,,,,,,,,,,,,,,,,,,,,,,,,,,,,,,,,,,,,,,,,,,,,,,,,,,,,,,,,,,,,,,,,,,,,,,,,,,,,,,,,,,,
44,2025-11-19,18:03:39.12070,2.76842,,13.7254901960784,812.5,6,4.6875,0,0,4.6875,3.7109375,89,14.15269,0,,,,0,,,,,,,,,,,,,,,,,,,,,,,,,,,,,,,,,,,,,,,,,,,,,,,,,,,,,,,,,,,,,,,,,,,,,,,,,,,,,,,,,,,,,,,,,,,,,
45,2025-11-19,18:03:39.19208,2.84167,,13.7254901960784,812.5,6,4.6875,0,0,4.6875,3.7109375,89,14.15269,0,,,,0,,,,,,,,,,,,,,,,,,,,,,,,,,,,,,,,,,,,,,,,,,,,,,,,,,,,,,,,,,,,,,,,,,,,,,,,,,,,,,,,,,,,,,,,,,,,,
46,2025-11-19,18:03:39.25883,2.90614,,13.7254901960784,812.5,4,4.6875,0,0,4.6875,3.90625,89,14.07936,0,,,,0,,,,,,,,,,,,,,,,,,,,,,,,,,,,,,,,,,,,,,,,,,,,,,,,,,,,,,,,,,,,,,,,,,,,,,,,,,,,,,,,,,,,,,,,,,,,,
47,2025-11-19,18:03:39.32170,2.96935,,13.7254901960784,812.5,5,4.6875,0,0,4.6875,3.90625,89,14.15269,0,,,,0,,,,,,,,,,,,,,,,,,,,,,,,,,,,,,,,,,,,,,,,,,,,,,,,,,,,,,,,,,,,,,,,,,,,,,,,,,,,,,,,,,,,,,,,,,,,,
48,2025-11-19,18:03:39.38161,3.02929,,13.7254901960784,812.5,5,4.6875,0,0,4.6875,4.1015625,89,14.22602,0,,,,0,,,,,,,,,,,,,,,,,,,,,,,,,,,,,,,,,,,,,,,,,,,,,,,,,,,,,,,,,,,,,,,,,,,,,,,,,,,,,,,,,,,,,,,,,,,,,
49,2025-11-19,18:03:39.42862,3.07626,,13.7254901960784,812.5,6,4.6875,0,0,4.6875,4.1015625,89,14.15269,0,,,,0,,,,,,,,,,,,,,,,,,,,,,,,,,,,,,,,,,,,,,,,,,,,,,,,,,,,,,,,,,,,,,,,,,,,,,,,,,,,,,,,,,,,,,,,,,,,,
50,2025-11-19,18:03:39.47060,3.1181,,13.7254901960784,812.5,6,4.6875,0,0,4.6875,4.1015625,89,14.15269,0,,,,0,,,,,,,,,,,,,,,,,,,,,,,,,,,,,,,,,,,,,,,,,,,,,,,,,,,,,,,,,,,,,,,,,,,,,,,,,,,,,,,,,,,,,,,,,,,,,
51,2025-11-19,18:03:39.51350,3.16085,,13.7254901960784,812.5,6,4.6875,0,0,4.6875,4.296875,89,14.22602,0,,,,0,,,,,,,,,,,,,,,,,,,,,,,,,,,,,,,,,,,,,,,,,,,,,,,,,,,,,,,,,,,,,,,,,,,,,,,,,,,,,,,,,,,,,,,,,,,,,
52,2025-11-19,18:03:39.55549,3.20296,,13.7254901960784,812.5,5,4.6875,0,0,4.6875,4.296875,89,14.15269,0,,,,0,,,,,,,,,,,,,,,,,,,,,,,,,,,,,,,,,,,,,,,,,,,,,,,,,,,,,,,,,,,,,,,,,,,,,,,,,,,,,,,,,,,,,,,,,,,,,
53,2025-11-19,18:03:39.59842,3.24616,,13.7254901960784,812.5,4,4.6875,0,0,4.6875,4.296875,89,14.15269,0,,,,0,,,,,,,,,,,,,,,,,,,,,,,,,,,,,,,,,,,,,,,,,,,,,,,,,,,,,,,,,,,,,,,,,,,,,,,,,,,,,,,,,,,,,,,,,,,,,
54,2025-11-19,18:03:39.65343,3.30088,,13.7254901960784,812.5,4,4.6875,0,0,4.6875,4.4921875,89,14.15269,0,,,,0,,,,,,,,,,,,,,,,,,,,,,,,,,,,,,,,,,,,,,,,,,,,,,,,,,,,,,,,,,,,,,,,,,,,,,,,,,,,,,,,,,,,,,,,,,,,,
55,2025-11-19,18:03:39.71082,3.35823,,13.7254901960784,812.5,4,4.6875,0,0,4.6875,4.4921875,89,14.22602,0,,,,0,,,,,,,,,,,,,,,,,,,,,,,,,,,,,,,,,,,,,,,,,,,,,,,,,,,,,,,,,,,,,,,,,,,,,,,,,,,,,,,,,,,,,,,,,,,,,
56,2025-11-19,18:03:39.77538,3.42312,,13.7254901960784,812.5,4,4.6875,0,0,4.6875,4.4921875,89,14.22602,0,,,,0,,,,,,,,,,,,,,,,,,,,,,,,,,,,,,,,,,,,,,,,,,,,,,,,,,,,,,,,,,,,,,,,,,,,,,,,,,,,,,,,,,,,,,,,,,,,,
57,2025-11-19,18:03:39.83016,3.47837,,13.7254901960784,843.75,4,4.6875,0,0,4.6875,4.6875,89,14.07936,0,,,,0,,,,,,,,,,,,,,,,,,,,,,,,,,,,,,,,,,,,,,,,,,,,,,,,,,,,,,,,,,,,,,,,,,,,,,,,,,,,,,,,,,,,,,,,,,,,,
58,2025-11-19,18:03:39.88609,3.5336,,13.7254901960784,843.75,4,4.6875,0,0,4.6875,4.6875,89,14.22602,0,,,,0,,,,,,,,,,,,,,,,,,,,,,,,,,,,,,,,,,,,,,,,,,,,,,,,,,,,,,,,,,,,,,,,,,,,,,,,,,,,,,,,,,,,,,,,,,,,,
59,2025-11-19,18:03:39.92544,3.57275,,13.7254901960784,843.75,4,4.6875,0,0,4.6875,4.6875,89,14.22602,0,,,,0,,,,,,,,,,,,,,,,,,,,,,,,,,,,,,,,,,,,,,,,,,,,,,,,,,,,,,,,,,,,,,,,,,,,,,,,,,,,,,,,,,,,,,,,,,,,,
60,2025-11-19,18:03:39.96957,3.61735,,13.7254901960784,843.75,4,4.6875,0,0,4.6875,4.8828125,89,14.15269,0,,,,0,,,,,,,,,,,,,,,,,,,,,,,,,,,,,,,,,,,,,,,,,,,,,,,,,,,,,,,,,,,,,,,,,,,,,,,,,,,,,,,,,,,,,,,,,,,,,
61,2025-11-19,18:03:40.01731,3.66547,,13.7254901960784,843.75,3,4.6875,0,0,4.6875,4.8828125,89,14.07936,0,,,,0,,,,,,,,,,,,,,,,,,,,,,,,,,,,,,,,,,,,,,,,,,,,,,,,,,,,,,,,,,,,,,,,,,,,,,,,,,,,,,,,,,,,,,,,,,,,,
62,2025-11-19,18:03:40.07597,3.7242,,13.7254901960784,843.75,4,4.6875,0,0,4.6875,4.8828125,89,14.15269,0,,,,0,,,,,,,,,,,,,,,,,,,,,,,,,,,,,,,,,,,,,,,,,,,,,,,,,,,,,,,,,,,,,,,,,,,,,,,,,,,,,,,,,,,,,,,,,,,,,
63,2025-11-19,18:03:40.13592,3.78337,,13.7254901960784,843.75,4,4.6875,0,0,4.6875,4.8828125,89,14.15269,0,,,,0,,,,,,,,,,,,,,,,,,,,,,,,,,,,,,,,,,,,,,,,,,,,,,,,,,,,,,,,,,,,,,,,,,,,,,,,,,,,,,,,,,,,,,,,,,,,,
64,2025-11-19,18:03:40.18585,3.83336,,13.7254901960784,843.75,4,4.6875,0,0,4.6875,4.6875,89,14.15269,0,,,,0,,,,,,,,,,,,,,,,,,,,,,,,,,,,,,,,,,,,,,,,,,,,,,,,,,,,,,,,,,,,,,,,,,,,,,,,,,,,,,,,,,,,,,,,,,,,,
65,2025-11-19,18:03:40.22183,3.86996,,13.7254901960784,843.75,3,4.6875,0,0,4.6875,4.6875,89,14.22602,0,,,,0,,,,,,,,,,,,,,,,,,,,,,,,,,,,,,,,,,,,,,,,,,,,,,,,,,,,,,,,,,,,,,,,,,,,,,,,,,,,,,,,,,,,,,,,,,,,,
66,2025-11-19,18:03:40.27085,3.91846,,13.7254901960784,843.75,4,4.6875,0,0,4.6875,4.6875,89,14.07936,0,,,,0,,,,,,,,,,,,,,,,,,,,,,,,,,,,,,,,,,,,,,,,,,,,,,,,,,,,,,,,,,,,,,,,,,,,,,,,,,,,,,,,,,,,,,,,,,,,,
67,2025-11-19,18:03:40.31489,3.96305,,13.7254901960784,843.75,4,4.6875,0,0,4.6875,4.6875,89,14.15269,0,,,,0,,,,,,,,,,,,,,,,,,,,,,,,,,,,,,,,,,,,,,,,,,,,,,,,,,,,,,,,,,,,,,,,,,,,,,,,,,,,,,,,,,,,,,,,,,,,,
68,2025-11-19,18:03:40.36484,4.01257,,13.7254901960784,843.75,4,4.6875,0,0,4.6875,4.4921875,89,14.22602,0,,,,0,,,,,,,,,,,,,,,,,,,,,,,,,,,,,,,,,,,,,,,,,,,,,,,,,,,,,,,,,,,,,,,,,,,,,,,,,,,,,,,,,,,,,,,,,,,,,
69,2025-11-19,18:03:40.42353,4.07102,,13.7254901960784,843.75,4,4.6875,0,0,4.6875,4.4921875,89,14.22602,0,,,,0,,,,,,,,,,,,,,,,,,,,,,,,,,,,,,,,,,,,,,,,,,,,,,,,,,,,,,,,,,,,,,,,,,,,,,,,,,,,,,,,,,,,,,,,,,,,,
70,2025-11-19,18:03:40.49255,4.14077,,13.7254901960784,843.75,4,4.6875,0,0,4.6875,4.4921875,89,14.22602,0,,,,0,,,,,,,,,,,,,,,,,,,,,,,,,,,,,,,,,,,,,,,,,,,,,,,,,,,,,,,,,,,,,,,,,,,,,,,,,,,,,,,,,,,,,,,,,,,,,
71,2025-11-19,18:03:40.55164,4.19927,,13.7254901960784,843.75,5,4.6875,0,0,4.6875,4.296875,89,14.22602,0,,,,0,,,,,,,,,,,,,,,,,,,,,,,,,,,,,,,,,,,,,,,,,,,,,,,,,,,,,,,,,,,,,,,,,,,,,,,,,,,,,,,,,,,,,,,,,,,,,
72,2025-11-19,18:03:40.61456,4.26254,,13.7254901960784,843.75,4,4.6875,0,0,4.6875,4.296875,89,14.07936,0,,,,0,,,,,,,,,,,,,,,,,,,,,,,,,,,,,,,,,,,,,,,,,,,,,,,,,,,,,,,,,,,,,,,,,,,,,,,,,,,,,,,,,,,,,,,,,,,,,
73,2025-11-19,18:03:40.67657,4.32451,,13.7254901960784,843.75,4,4.6875,0,0,4.6875,4.296875,89,14.15269,0,,,,0,,,,,,,,,,,,,,,,,,,,,,,,,,,,,,,,,,,,,,,,,,,,,,,,,,,,,,,,,,,,,,,,,,,,,,,,,,,,,,,,,,,,,,,,,,,,,
74,2025-11-19,18:03:40.74146,4.38905,,13.7254901960784,843.75,4,4.6875,0,0,4.6875,4.1015625,89,14.22602,0,,,,0,,,,,,,,,,,,,,,,,,,,,,,,,,,,,,,,,,,,,,,,,,,,,,,,,,,,,,,,,,,,,,,,,,,,,,,,,,,,,,,,,,,,,,,,,,,,,
75,2025-11-19,18:03:40.80548,4.45391,,13.7254901960784,843.75,4,4.6875,0,0,4.6875,4.1015625,89,14.07936,0,,,,0,,,,,,,,,,,,,,,,,,,,,,,,,,,,,,,,,,,,,,,,,,,,,,,,,,,,,,,,,,,,,,,,,,,,,,,,,,,,,,,,,,,,,,,,,,,,,
76,2025-11-19,18:03:40.87116,4.51892,,13.7254901960784,843.75,6,4.6875,0,0,4.6875,3.90625,89,14.15269,0,,,,0,,,,,,,,,,,,,,,,,,,,,,,,,,,,,,,,,,,,,,,,,,,,,,,,,,,,,,,,,,,,,,,,,,,,,,,,,,,,,,,,,,,,,,,,,,,,,
77,2025-11-19,18:03:40.92633,4.57397,,13.7254901960784,843.75,6,4.6875,0,0,4.6875,3.90625,89,14.15269,0,,,,0,,,,,,,,,,,,,,,,,,,,,,,,,,,,,,,,,,,,,,,,,,,,,,,,,,,,,,,,,,,,,,,,,,,,,,,,,,,,,,,,,,,,,,,,,,,,,
78,2025-11-19,18:03:40.97423,4.62285,,13.7254901960784,843.75,5,4.6875,0,0,4.6875,3.90625,89,14.15269,0,,,,0,,,,,,,,,,,,,,,,,,,,,,,,,,,,,,,,,,,,,,,,,,,,,,,,,,,,,,,,,,,,,,,,,,,,,,,,,,,,,,,,,,,,,,,,,,,,,
79,2025-11-19,18:03:41.01019,4.65754,,13.7254901960784,843.75,5,4.6875,0,0,4.6875,4.1015625,89,14.15269,0,,,,0,,,,,,,,,,,,,,,,,,,,,,,,,,,,,,,,,,,,,,,,,,,,,,,,,,,,,,,,,,,,,,,,,,,,,,,,,,,,,,,,,,,,,,,,,,,,,
80,2025-11-19,18:03:41.12015,4.76902,,13.7254901960784,843.75,6,4.6875,0,0,4.6875,4.1015625,89,14.22602,0,,,,0,,,,,,,,,,,,,,,,,,,,,,,,,,,,,,,,,,,,,,,,,,,,,,,,,,,,,,,,,,,,,,,,,,,,,,,,,,,,,,,,,,,,,,,,,,,,,
81,2025-11-19,18:03:41.16311,4.81091,,13.7254901960784,843.75,6,4.6875,0,0,4.6875,4.296875,89,14.07936,0,,,,0,,,,,,,,,,,,,,,,,,,,,,,,,,,,,,,,,,,,,,,,,,,,,,,,,,,,,,,,,,,,,,,,,,,,,,,,,,,,,,,,,,,,,,,,,,,,,
82,2025-11-19,18:03:41.20758,4.85597,,13.7254901960784,843.75,5,4.6875,0,0,4.6875,4.296875,89,14.15269,0,,,,0,,,,,,,,,,,,,,,,,,,,,,,,,,,,,,,,,,,,,,,,,,,,,,,,,,,,,,,,,,,,,,,,,,,,,,,,,,,,,,,,,,,,,,,,,,,,,
83,2025-11-19,18:03:41.26604,4.91353,,13.7254901960784,843.75,4,4.6875,0,0,4.6875,4.296875,89,14.22602,0,,,,0,,,,,,,,,,,,,,,,,,,,,,,,,,,,,,,,,,,,,,,,,,,,,,,,,,,,,,,,,,,,,,,,,,,,,,,,,,,,,,,,,,,,,,,,,,,,,
84,2025-11-19,18:03:41.33648,4.98381,,13.7254901960784,843.75,4,4.6875,0,0,4.6875,4.4921875,89,14.15269,0,,,,0,,,,,,,,,,,,,,,,,,,,,,,,,,,,,,,,,,,,,,,,,,,,,,,,,,,,,,,,,,,,,,,,,,,,,,,,,,,,,,,,,,,,,,,,,,,,,
85,2025-11-19,18:03:41.39545,5.04412,,13.7254901960784,843.75,4,4.6875,0,0,4.6875,4.4921875,89,14.15269,0,,,,0,,,,,,,,,,,,,,,,,,,,,,,,,,,,,,,,,,,,,,,,,,,,,,,,,,,,,,,,,,,,,,,,,,,,,,,,,,,,,,,,,,,,,,,,,,,,,
86,2025-11-19,18:03:41.45765,5.10588,,13.7254901960784,843.75,3,4.6875,0,0,4.6875,4.6875,89,14.15269,0,,,,0,,,,,,,,,,,,,,,,,,,,,,,,,,,,,,,,,,,,,,,,,,,,,,,,,,,,,,,,,,,,,,,,,,,,,,,,,,,,,,,,,,,,,,,,,,,,,
87,2025-11-19,18:03:41.52405,5.17232,,13.7254901960784,843.75,4,4.6875,0,0,4.6875,4.6875,89,14.15269,0,,,,0,,,,,,,,,,,,,,,,,,,,,,,,,,,,,,,,,,,,,,,,,,,,,,,,,,,,,,,,,,,,,,,,,,,,,,,,,,,,,,,,,,,,,,,,,,,,,
88,2025-11-19,18:03:41.58537,5.23336,,13.7254901960784,843.75,5,4.6875,0,0,4.6875,4.8828125,89,14.07936,0,,,,0,,,,,,,,,,,,,,,,,,,,,,,,,,,,,,,,,,,,,,,,,,,,,,,,,,,,,,,,,,,,,,,,,,,,,,,,,,,,,,,,,,,,,,,,,,,,,
89,2025-11-19,18:03:41.65868,5.30623,,13.7254901960784,843.75,5,4.6875,0,0,4.6875,4.8828125,89,14.15269,0,,,,0,,,,,,,,,,,,,,,,,,,,,,,,,,,,,,,,,,,,,,,,,,,,,,,,,,,,,,,,,,,,,,,,,,,,,,,,,,,,,,,,,,,,,,,,,,,,,
90,2025-11-19,18:03:41.72262,5.37019,,13.7254901960784,843.75,4,4.6875,0,0,4.6875,5.078125,89,14.15269,0,,,,0,,,,,,,,,,,,,,,,,,,,,,,,,,,,,,,,,,,,,,,,,,,,,,,,,,,,,,,,,,,,,,,,,,,,,,,,,,,,,,,,,,,,,,,,,,,,,
91,2025-11-19,18:03:41.77859,5.42622,,13.7254901960784,843.75,5,4.6875,0,0,4.6875,5.078125,89,14.15269,0,,,,0,,,,,,,,,,,,,,,,,,,,,,,,,,,,,,,,,,,,,,,,,,,,,,,,,,,,,,,,,,,,,,,,,,,,,,,,,,,,,,,,,,,,,,,,,,,,,
92,2025-11-19,18:03:41.81850,5.4658,,13.7254901960784,843.75,5,4.6875,0,0,4.6875,5.078125,89,14.15269,0,,,,0,,,,,,,,,,,,,,,,,,,,,,,,,,,,,,,,,,,,,,,,,,,,,,,,,,,,,,,,,,,,,,,,,,,,,,,,,,,,,,,,,,,,,,,,,,,,,
93,2025-11-19,18:03:41.86342,5.5112,,13.7254901960784,843.75,5,4.6875,0,0,4.6875,5.2734375,89,14.15269,0,,,,0,,,,,,,,,,,,,,,,,,,,,,,,,,,,,,,,,,,,,,,,,,,,,,,,,,,,,,,,,,,,,,,,,,,,,,,,,,,,,,,,,,,,,,,,,,,,,
94,2025-11-19,18:03:42.00662,5.6544,,13.7254901960784,843.75,5,4.6875,0,0,4.6875,5.2734375,89,14.22602,0,,,,0,,,,,,,,,,,,,,,,,,,,,,,,,,,,,,,,,,,,,,,,,,,,,,,,,,,,,,,,,,,,,,,,,,,,,,,,,,,,,,,,,,,,,,,,,,,,,
95,2025-11-19,18:03:42.06573,5.71309,,13.7254901960784,843.75,4,4.6875,0,0,4.6875,5.46875,89,14.15269,0,,,,0,,,,,,,,,,,,,,,,,,,,,,,,,,,,,,,,,,,,,,,,,,,,,,,,,,,,,,,,,,,,,,,,,,,,,,,,,,,,,,,,,,,,,,,,,,,,,
96,2025-11-19,18:03:42.12137,5.76962,,13.7254901960784,843.75,4,4.6875,0,0,4.6875,5.6640625,89,14.07936,0,,,,0,,,,,,,,,,,,,,,,,,,,,,,,,,,,,,,,,,,,,,,,,,,,,,,,,,,,,,,,,,,,,,,,,,,,,,,,,,,,,,,,,,,,,,,,,,,,,
97,2025-11-19,18:03:42.15778,5.80596,,13.7254901960784,843.75,4,4.6875,0,0,4.6875,5.6640625,89,14.22602,0,,,,0,,,,,,,,,,,,,,,,,,,,,,,,,,,,,,,,,,,,,,,,,,,,,,,,,,,,,,,,,,,,,,,,,,,,,,,,,,,,,,,,,,,,,,,,,,,,,
98,2025-11-19,18:03:42.20415,5.85145,,13.7254901960784,843.75,4,4.6875,0,0,4.6875,5.6640625,89,14.22602,0,,,,0,,,,,,,,,,,,,,,,,,,,,,,,,,,,,,,,,,,,,,,,,,,,,,,,,,,,,,,,,,,,,,,,,,,,,,,,,,,,,,,,,,,,,,,,,,,,,
99,2025-11-19,18:03:42.26534,5.91269,,13.7254901960784,843.75,5,4.6875,0,0,4.6875,5.6640625,89,14.22602,0,,,,0,,,,,,,,,,,,,,,,,,,,,,,,,,,,,,,,,,,,,,,,,,,,,,,,,,,,,,,,,,,,,,,,,,,,,,,,,,,,,,,,,,,,,,,,,,,,,
100,2025-11-19,18:03:42.33321,5.98115,,13.7254901960784,843.75,5,4.6875,0,0,4.6875,5.46875,89,14.22602,0,,,,0,,,,,,,,,,,,,,,,,,,,,,,,,,,,,,,,,,,,,,,,,,,,,,,,,,,,,,,,,,,,,,,,,,,,,,,,,,,,,,,,,,,,,,,,,,,,,
101,2025-11-19,18:03:42.39810,6.04618,,13.7254901960784,843.75,4,4.6875,0,0,4.6875,5.46875,89,14.22602,0,,,,0,,,,,,,,,,,,,,,,,,,,,,,,,,,,,,,,,,,,,,,,,,,,,,,,,,,,,,,,,,,,,,,,,,,,,,,,,,,,,,,,,,,,,,,,,,,,,
102,2025-11-19,18:03:42.45806,6.10631,,13.7254901960784,843.75,6,4.6875,0,0,4.6875,5.46875,89,14.22602,0,,,,0,,,,,,,,,,,,,,,,,,,,,,,,,,,,,,,,,,,,,,,,,,,,,,,,,,,,,,,,,,,,,,,,,,,,,,,,,,,,,,,,,,,,,,,,,,,,,
103,2025-11-19,18:03:42.49908,6.14687,,13.7254901960784,843.75,6,4.6875,0,0,4.6875,5.2734375,89,14.22602,0,,,,0,,,,,,,,,,,,,,,,,,,,,,,,,,,,,,,,,,,,,,,,,,,,,,,,,,,,,,,,,,,,,,,,,,,,,,,,,,,,,,,,,,,,,,,,,,,,,
104,2025-11-19,18:03:42.54802,6.19653,,13.7254901960784,843.75,6,4.6875,0,0,4.6875,5.2734375,89,14.15269,0,,,,0,,,,,,,,,,,,,,,,,,,,,,,,,,,,,,,,,,,,,,,,,,,,,,,,,,,,,,,,,,,,,,,,,,,,,,,,,,,,,,,,,,,,,,,,,,,,,
105,2025-11-19,18:03:42.62293,6.27064,,13.7254901960784,843.75,5,4.6875,0,0,4.6875,5.2734375,89,14.15269,0,,,,0,,,,,,,,,,,,,,,,,,,,,,,,,,,,,,,,,,,,,,,,,,,,,,,,,,,,,,,,,,,,,,,,,,,,,,,,,,,,,,,,,,,,,,,,,,,,,
106,2025-11-19,18:03:42.69268,6.34063,,13.7254901960784,843.75,4,4.6875,0,0,4.6875,5.078125,89,14.15269,0,,,,0,,,,,,,,,,,,,,,,,,,,,,,,,,,,,,,,,,,,,,,,,,,,,,,,,,,,,,,,,,,,,,,,,,,,,,,,,,,,,,,,,,,,,,,,,,,,,
107,2025-11-19,18:03:42.75584,6.40381,,13.7254901960784,843.75,5,4.6875,0,0,4.6875,5.078125,89,14.15269,0,,,,0,,,,,,,,,,,,,,,,,,,,,,,,,,,,,,,,,,,,,,,,,,,,,,,,,,,,,,,,,,,,,,,,,,,,,,,,,,,,,,,,,,,,,,,,,,,,,
108,2025-11-19,18:03:42.82082,6.46852,,13.7254901960784,843.75,5,4.6875,0,0,4.6875,5.078125,89,14.15269,0,,,,0,,,,,,,,,,,,,,,,,,,,,,,,,,,,,,,,,,,,,,,,,,,,,,,,,,,,,,,,,,,,,,,,,,,,,,,,,,,,,,,,,,,,,,,,,,,,,
109,2025-11-19,18:03:42.88568,6.53388,,13.7254901960784,843.75,4,4.6875,0,0,4.6875,4.8828125,89,14.22602,0,,,,0,,,,,,,,,,,,,,,,,,,,,,,,,,,,,,,,,,,,,,,,,,,,,,,,,,,,,,,,,,,,,,,,,,,,,,,,,,,,,,,,,,,,,,,,,,,,,
110,2025-11-19,18:03:42.95071,6.59876,,13.7254901960784,843.75,4,4.6875,0,0,4.6875,4.8828125,89,14.15269,0,,,,0,,,,,,,,,,,,,,,,,,,,,,,,,,,,,,,,,,,,,,,,,,,,,,,,,,,,,,,,,,,,,,,,,,,,,,,,,,,,,,,,,,,,,,,,,,,,,
111,2025-11-19,18:03:43.07954,6.72742,,13.7254901960784,843.75,5,4.6875,0,0,4.6875,5.078125,89,14.15269,0,,,,0,,,,,,,,,,,,,,,,,,,,,,,,,,,,,,,,,,,,,,,,,,,,,,,,,,,,,,,,,,,,,,,,,,,,,,,,,,,,,,,,,,,,,,,,,,,,,
112,2025-11-19,18:03:43.13371,6.78103,,13.7254901960784,843.75,6,4.6875,0,0,4.6875,5.078125,89,14.07936,0,,,,0,,,,,,,,,,,,,,,,,,,,,,,,,,,,,,,,,,,,,,,,,,,,,,,,,,,,,,,,,,,,,,,,,,,,,,,,,,,,,,,,,,,,,,,,,,,,,
113,2025-11-19,18:03:43.20844,6.85684,,13.7254901960784,843.75,6,4.6875,0,0,4.6875,5.2734375,89,14.22602,0,,,,0,,,,,,,,,,,,,,,,,,,,,,,,,,,,,,,,,,,,,,,,,,,,,,,,,,,,,,,,,,,,,,,,,,,,,,,,,,,,,,,,,,,,,,,,,,,,,
114,2025-11-19,18:03:43.25939,6.90683,,13.7254901960784,843.75,5,4.6875,0,0,4.6875,5.2734375,89,14.07936,0,,,,0,,,,,,,,,,,,,,,,,,,,,,,,,,,,,,,,,,,,,,,,,,,,,,,,,,,,,,,,,,,,,,,,,,,,,,,,,,,,,,,,,,,,,,,,,,,,,
115,2025-11-19,18:03:43.31536,6.96266,,13.7254901960784,843.75,4,4.6875,0,0,4.6875,5.46875,89,14.07936,0,,,,0,,,,,,,,,,,,,,,,,,,,,,,,,,,,,,,,,,,,,,,,,,,,,,,,,,,,,,,,,,,,,,,,,,,,,,,,,,,,,,,,,,,,,,,,,,,,,
116,2025-11-19,18:03:43.37028,7.01831,,13.7254901960784,843.75,5,4.6875,0,0,4.6875,5.46875,89,14.15269,0,,,,0,,,,,,,,,,,,,,,,,,,,,,,,,,,,,,,,,,,,,,,,,,,,,,,,,,,,,,,,,,,,,,,,,,,,,,,,,,,,,,,,,,,,,,,,,,,,,
117,2025-11-19,18:03:43.43263,7.08122,,13.7254901960784,843.75,5,4.6875,0,0,4.6875,5.6640625,89,14.15269,0,,,,0,,,,,,,,,,,,,,,,,,,,,,,,,,,,,,,,,,,,,,,,,,,,,,,,,,,,,,,,,,,,,,,,,,,,,,,,,,,,,,,,,,,,,,,,,,,,,
118,2025-11-19,18:03:43.49727,7.14538,,13.7254901960784,843.75,4,4.6875,0,0,4.6875,5.6640625,89,14.15269,0,,,,0,,,,,,,,,,,,,,,,,,,,,,,,,,,,,,,,,,,,,,,,,,,,,,,,,,,,,,,,,,,,,,,,,,,,,,,,,,,,,,,,,,,,,,,,,,,,,
119,2025-11-19,18:03:43.56119,7.20849,,13.7254901960784,843.75,4,4.6875,0,0,4.6875,5.6640625,89,14.07936,0,,,,0,,,,,,,,,,,,,,,,,,,,,,,,,,,,,,,,,,,,,,,,,,,,,,,,,,,,,,,,,,,,,,,,,,,,,,,,,,,,,,,,,,,,,,,,,,,,,
120,2025-11-19,18:03:43.65509,7.30412,,13.7254901960784,843.75,4,4.6875,0,0,4.6875,5.859375,89,14.22602,0,,,,0,,,,,,,,,,,,,,,,,,,,,,,,,,,,,,,,,,,,,,,,,,,,,,,,,,,,,,,,,,,,,,,,,,,,,,,,,,,,,,,,,,,,,,,,,,,,,
121,2025-11-19,18:03:43.74603,7.3937,,13.7254901960784,843.75,4,4.6875,0,0,4.6875,5.6640625,89,14.15269,0,,,,0,,,,,,,,,,,,,,,,,,,,,,,,,,,,,,,,,,,,,,,,,,,,,,,,,,,,,,,,,,,,,,,,,,,,,,,,,,,,,,,,,,,,,,,,,,,,,
122,2025-11-19,18:03:43.80835,7.45569,,13.7254901960784,843.75,5,4.6875,0,0,4.6875,5.6640625,89,14.15269,0,,,,0,,,,,,,,,,,,,,,,,,,,,,,,,,,,,,,,,,,,,,,,,,,,,,,,,,,,,,,,,,,,,,,,,,,,,,,,,,,,,,,,,,,,,,,,,,,,,
123,2025-11-19,18:03:43.86199,7.50977,,13.7254901960784,843.75,6,4.6875,0,0,4.6875,5.6640625,89,14.15269,0,,,,0,,,,,,,,,,,,,,,,,,,,,,,,,,,,,,,,,,,,,,,,,,,,,,,,,,,,,,,,,,,,,,,,,,,,,,,,,,,,,,,,,,,,,,,,,,,,,
124,2025-11-19,18:03:43.90691,7.55485,,13.7254901960784,843.75,5,4.6875,0,0,4.6875,5.46875,89,14.15269,0,,,,0,,,,,,,,,,,,,,,,,,,,,,,,,,,,,,,,,,,,,,,,,,,,,,,,,,,,,,,,,,,,,,,,,,,,,,,,,,,,,,,,,,,,,,,,,,,,,
125,2025-11-19,18:03:43.97589,7.62346,,13.7254901960784,843.75,5,4.6875,0,0,4.6875,5.46875,89,14.15269,0,,,,0,,,,,,,,,,,,,,,,,,,,,,,,,,,,,,,,,,,,,,,,,,,,,,,,,,,,,,,,,,,,,,,,,,,,,,,,,,,,,,,,,,,,,,,,,,,,,
126,2025-11-19,18:03:44.04077,7.68865,,13.7254901960784,843.75,5,4.6875,0,0,4.6875,5.2734375,89,14.15269,0,,,,0,,,,,,,,,,,,,,,,,,,,,,,,,,,,,,,,,,,,,,,,,,,,,,,,,,,,,,,,,,,,,,,,,,,,,,,,,,,,,,,,,,,,,,,,,,,,,
127,2025-11-19,18:03:44.11175,7.75995,,13.7254901960784,843.75,4,4.6875,0,0,4.6875,5.2734375,89,14.15269,0,,,,0,,,,,,,,,,,,,,,,,,,,,,,,,,,,,,,,,,,,,,,,,,,,,,,,,,,,,,,,,,,,,,,,,,,,,,,,,,,,,,,,,,,,,,,,,,,,,
128,2025-11-19,18:03:44.18172,7.82968,,13.7254901960784,843.75,5,4.6875,0,0,4.6875,5.2734375,89,14.22602,0,,,,0,,,,,,,,,,,,,,,,,,,,,,,,,,,,,,,,,,,,,,,,,,,,,,,,,,,,,,,,,,,,,,,,,,,,,,,,,,,,,,,,,,,,,,,,,,,,,
129,2025-11-19,18:03:44.24671,7.89422,,13.7254901960784,843.75,4,4.6875,0,0,4.6875,5.078125,89,14.22602,0,,,,0,,,,,,,,,,,,,,,,,,,,,,,,,,,,,,,,,,,,,,,,,,,,,,,,,,,,,,,,,,,,,,,,,,,,,,,,,,,,,,,,,,,,,,,,,,,,,
130,2025-11-19,18:03:44.34032,7.98766,,13.7254901960784,843.75,4,4.6875,0,0,4.6875,5.078125,89,14.07936,0,,,,0,,,,,,,,,,,,,,,,,,,,,,,,,,,,,,,,,,,,,,,,,,,,,,,,,,,,,,,,,,,,,,,,,,,,,,,,,,,,,,,,,,,,,,,,,,,,,
131,2025-11-19,18:03:44.41863,8.06599,,13.7254901960784,843.75,5,4.6875,0,0,4.6875,4.8828125,89,14.22602,0,,,,0,,,,,,,,,,,,,,,,,,,,,,,,,,,,,,,,,,,,,,,,,,,,,,,,,,,,,,,,,,,,,,,,,,,,,,,,,,,,,,,,,,,,,,,,,,,,,
132,2025-11-19,18:03:44.49345,8.14128,,13.7254901960784,843.75,5,4.6875,0,0,4.6875,4.8828125,89,14.15269,0,,,,0,,,,,,,,,,,,,,,,,,,,,,,,,,,,,,,,,,,,,,,,,,,,,,,,,,,,,,,,,,,,,,,,,,,,,,,,,,,,,,,,,,,,,,,,,,,,,
133,2025-11-19,18:03:44.55659,8.20577,,13.7254901960784,843.75,4,4.6875,0,0,4.6875,4.6875,89,14.22602,0,,,,0,,,,,,,,,,,,,,,,,,,,,,,,,,,,,,,,,,,,,,,,,,,,,,,,,,,,,,,,,,,,,,,,,,,,,,,,,,,,,,,,,,,,,,,,,,,,,
134,2025-11-19,18:03:44.62307,8.27127,,13.7254901960784,843.75,4,4.6875,0,0,4.6875,4.6875,89,14.15269,0,,,,0,,,,,,,,,,,,,,,,,,,,,,,,,,,,,,,,,,,,,,,,,,,,,,,,,,,,,,,,,,,,,,,,,,,,,,,,,,,,,,,,,,,,,,,,,,,,,
135,2025-11-19,18:03:44.67362,8.32159,,13.7254901960784,843.75,5,4.6875,0,0,4.6875,4.6875,89,14.22602,0,,,,0,,,,,,,,,,,,,,,,,,,,,,,,,,,,,,,,,,,,,,,,,,,,,,,,,,,,,,,,,,,,,,,,,,,,,,,,,,,,,,,,,,,,,,,,,,,,,
136,2025-11-19,18:03:44.71572,8.3631,,13.7254901960784,843.75,4,4.6875,0,0,4.6875,4.6875,89,14.15269,0,,,,0,,,,,,,,,,,,,,,,,,,,,,,,,,,,,,,,,,,,,,,,,,,,,,,,,,,,,,,,,,,,,,,,,,,,,,,,,,,,,,,,,,,,,,,,,,,,,
137,2025-11-19,18:03:44.76117,8.40867,,13.7254901960784,843.75,4,4.6875,0,0,4.6875,4.4921875,89,14.07936,0,,,,0,,,,,,,,,,,,,,,,,,,,,,,,,,,,,,,,,,,,,,,,,,,,,,,,,,,,,,,,,,,,,,,,,,,,,,,,,,,,,,,,,,,,,,,,,,,,,
138,2025-11-19,18:03:44.82518,8.47319,,13.7254901960784,843.75,4,4.6875,0,0,4.6875,4.4921875,89,14.15269,0,,,,0,,,,,,,,,,,,,,,,,,,,,,,,,,,,,,,,,,,,,,,,,,,,,,,,,,,,,,,,,,,,,,,,,,,,,,,,,,,,,,,,,,,,,,,,,,,,,
139,2025-11-19,18:03:44.88513,8.53265,,13.7254901960784,843.75,5,4.6875,0,0,4.6875,4.6875,89,14.15269,0,,,,0,,,,,,,,,,,,,,,,,,,,,,,,,,,,,,,,,,,,,,,,,,,,,,,,,,,,,,,,,,,,,,,,,,,,,,,,,,,,,,,,,,,,,,,,,,,,,
140,2025-11-19,18:03:45.17100,8.81832,,13.7254901960784,843.75,6,4.6875,0,0,4.6875,4.6875,89,14.15269,0,,,,0,,,,,,,,,,,,,,,,,,,,,,,,,,,,,,,,,,,,,,,,,,,,,,,,,,,,,,,,,,,,,,,,,,,,,,,,,,,,,,,,,,,,,,,,,,,,,
141,2025-11-19,18:03:45.23178,8.88096,,13.7254901960784,843.75,4,4.6875,0,0,4.6875,5.078125,89,14.07936,0,,,,0,,,,,,,,,,,,,,,,,,,,,,,,,,,,,,,,,,,,,,,,,,,,,,,,,,,,,,,,,,,,,,,,,,,,,,,,,,,,,,,,,,,,,,,,,,,,,
142,2025-11-19,18:03:45.29478,8.94237,,13.7254901960784,843.75,4,4.6875,0,0,4.6875,5.078125,89,14.07936,0,,,,0,,,,,,,,,,,,,,,,,,,,,,,,,,,,,,,,,,,,,,,,,,,,,,,,,,,,,,,,,,,,,,,,,,,,,,,,,,,,,,,,,,,,,,,,,,,,,
143,2025-11-19,18:03:45.35872,9.00643,,13.7254901960784,843.75,4,4.6875,0,0,4.6875,5.2734375,89,14.15269,0,,,,0,,,,,,,,,,,,,,,,,,,,,,,,,,,,,,,,,,,,,,,,,,,,,,,,,,,,,,,,,,,,,,,,,,,,,,,,,,,,,,,,,,,,,,,,,,,,,
144,2025-11-19,18:03:45.39605,9.04427,,13.7254901960784,843.75,4,4.6875,0,0,4.6875,5.46875,89,14.22602,0,,,,0,,,,,,,,,,,,,,,,,,,,,,,,,,,,,,,,,,,,,,,,,,,,,,,,,,,,,,,,,,,,,,,,,,,,,,,,,,,,,,,,,,,,,,,,,,,,,
145,2025-11-19,18:03:45.43759,9.08518,,13.7254901960784,843.75,4,4.6875,0,0,4.6875,5.46875,89,14.15269,0,,,,0,,,,,,,,,,,,,,,,,,,,,,,,,,,,,,,,,,,,,,,,,,,,,,,,,,,,,,,,,,,,,,,,,,,,,,,,,,,,,,,,,,,,,,,,,,,,,
146,2025-11-19,18:03:45.48465,9.13233,,13.7254901960784,875,4,4.6875,0,0,4.6875,5.46875,89,14.22602,0,,,,0,,,,,,,,,,,,,,,,,,,,,,,,,,,,,,,,,,,,,,,,,,,,,,,,,,,,,,,,,,,,,,,,,,,,,,,,,,,,,,,,,,,,,,,,,,,,,
147,2025-11-19,18:03:45.52455,9.17239,,13.7254901960784,843.75,4,4.6875,0,0,4.6875,5.46875,89,14.15269,0,,,,0,,,,,,,,,,,,,,,,,,,,,,,,,,,,,,,,,,,,,,,,,,,,,,,,,,,,,,,,,,,,,,,,,,,,,,,,,,,,,,,,,,,,,,,,,,,,,
148,2025-11-19,18:03:45.57451,9.2221,,13.7254901960784,843.75,5,4.6875,0,0,4.6875,5.6640625,89,14.22602,0,,,,0,,,,,,,,,,,,,,,,,,,,,,,,,,,,,,,,,,,,,,,,,,,,,,,,,,,,,,,,,,,,,,,,,,,,,,,,,,,,,,,,,,,,,,,,,,,,,
149,2025-11-19,18:03:45.63243,9.28089,,13.7254901960784,843.75,5,4.6875,0,0,4.6875,5.6640625,89,14.15269,0,,,,0,,,,,,,,,,,,,,,,,,,,,,,,,,,,,,,,,,,,,,,,,,,,,,,,,,,,,,,,,,,,,,,,,,,,,,,,,,,,,,,,,,,,,,,,,,,,,
150,2025-11-19,18:03:45.67137,9.31931,,13.7254901960784,843.75,6,4.6875,0,0,4.6875,5.46875,89,14.22602,0,,,,0,,,,,,,,,,,,,,,,,,,,,,,,,,,,,,,,,,,,,,,,,,,,,,,,,,,,,,,,,,,,,,,,,,,,,,,,,,,,,,,,,,,,,,,,,,,,,
151,2025-11-19,18:03:45.70985,9.35743,,13.7254901960784,843.75,6,4.6875,0,0,4.6875,5.46875,89,14.15269,0,,,,0,,,,,,,,,,,,,,,,,,,,,,,,,,,,,,,,,,,,,,,,,,,,,,,,,,,,,,,,,,,,,,,,,,,,,,,,,,,,,,,,,,,,,,,,,,,,,
152,2025-11-19,18:03:45.77035,9.41881,,13.7254901960784,843.75,5,4.6875,0,0,4.6875,5.46875,89,14.15269,0,,,,0,,,,,,,,,,,,,,,,,,,,,,,,,,,,,,,,,,,,,,,,,,,,,,,,,,,,,,,,,,,,,,,,,,,,,,,,,,,,,,,,,,,,,,,,,,,,,
153,2025-11-19,18:03:45.83617,9.48432,,13.7254901960784,875,4,4.6875,0,0,4.6875,5.2734375,89,14.15269,0,,,,0,,,,,,,,,,,,,,,,,,,,,,,,,,,,,,,,,,,,,,,,,,,,,,,,,,,,,,,,,,,,,,,,,,,,,,,,,,,,,,,,,,,,,,,,,,,,,
154,2025-11-19,18:03:45.89909,9.54691,,13.7254901960784,875,4,4.6875,0,0,4.6875,5.2734375,89,14.15269,0,,,,0,,,,,,,,,,,,,,,,,,,,,,,,,,,,,,,,,,,,,,,,,,,,,,,,,,,,,,,,,,,,,,,,,,,,,,,,,,,,,,,,,,,,,,,,,,,,,
155,2025-11-19,18:03:45.96023,9.60914,,13.7254901960784,843.75,4,4.6875,0,0,4.6875,5.2734375,89,14.07936,0,,,,0,,,,,,,,,,,,,,,,,,,,,,,,,,,,,,,,,,,,,,,,,,,,,,,,,,,,,,,,,,,,,,,,,,,,,,,,,,,,,,,,,,,,,,,,,,,,,
156,2025-11-19,18:03:46.01854,9.66591,,13.7254901960784,843.75,5,4.6875,0,0,4.6875,5.078125,89,14.15269,0,,,,0,,,,,,,,,,,,,,,,,,,,,,,,,,,,,,,,,,,,,,,,,,,,,,,,,,,,,,,,,,,,,,,,,,,,,,,,,,,,,,,,,,,,,,,,,,,,,
157,2025-11-19,18:03:46.05816,9.70603,,13.7254901960784,843.75,6,4.6875,0,0,4.6875,5.078125,89,14.22602,0,,,,0,,,,,,,,,,,,,,,,,,,,,,,,,,,,,,,,,,,,,,,,,,,,,,,,,,,,,,,,,,,,,,,,,,,,,,,,,,,,,,,,,,,,,,,,,,,,,
158,2025-11-19,18:03:46.09743,9.74476,,13.7254901960784,843.75,6,4.6875,0,0,4.6875,5.078125,89,14.22602,0,,,,0,,,,,,,,,,,,,,,,,,,,,,,,,,,,,,,,,,,,,,,,,,,,,,,,,,,,,,,,,,,,,,,,,,,,,,,,,,,,,,,,,,,,,,,,,,,,,
159,2025-11-19,18:03:46.13911,9.78677,,13.7254901960784,843.75,6,4.6875,0,0,4.6875,5.078125,89,14.07936,0,,,,0,,,,,,,,,,,,,,,,,,,,,,,,,,,,,,,,,,,,,,,,,,,,,,,,,,,,,,,,,,,,,,,,,,,,,,,,,,,,,,,,,,,,,,,,,,,,,
160,2025-11-19,18:03:46.18012,9.82867,,13.7254901960784,843.75,5,4.6875,0,0,4.6875,4.8828125,89,14.15269,0,,,,0,,,,,,,,,,,,,,,,,,,,,,,,,,,,,,,,,,,,,,,,,,,,,,,,,,,,,,,,,,,,,,,,,,,,,,,,,,,,,,,,,,,,,,,,,,,,,
161,2025-11-19,18:03:46.23697,9.88443,,13.7254901960784,843.75,5,4.6875,0,0,4.6875,4.8828125,89,14.22602,0,,,,0,,,,,,,,,,,,,,,,,,,,,,,,,,,,,,,,,,,,,,,,,,,,,,,,,,,,,,,,,,,,,,,,,,,,,,,,,,,,,,,,,,,,,,,,,,,,,
162,2025-11-19,18:03:46.29747,9.94541,,13.7254901960784,875,4,4.6875,0,0,4.6875,4.8828125,89,14.22602,0,,,,0,,,,,,,,,,,,,,,,,,,,,,,,,,,,,,,,,,,,,,,,,,,,,,,,,,,,,,,,,,,,,,,,,,,,,,,,,,,,,,,,,,,,,,,,,,,,,
163,2025-11-19,18:03:46.36293,10.01086,,13.7254901960784,843.75,5,4.6875,0,0,4.6875,4.6875,89,14.22602,0,,,,0,,,,,,,,,,,,,,,,,,,,,,,,,,,,,,,,,,,,,,,,,,,,,,,,,,,,,,,,,,,,,,,,,,,,,,,,,,,,,,,,,,,,,,,,,,,,,
164,2025-11-19,18:03:46.42819,10.07582,,13.7254901960784,843.75,5,4.6875,0,0,4.6875,4.6875,89,14.07936,0,,,,0,,,,,,,,,,,,,,,,,,,,,,,,,,,,,,,,,,,,,,,,,,,,,,,,,,,,,,,,,,,,,,,,,,,,,,,,,,,,,,,,,,,,,,,,,,,,,
165,2025-11-19,18:03:46.47242,10.12032,,13.7254901960784,843.75,6,4.6875,0,0,4.6875,4.6875,89,14.22602,0,,,,0,,,,,,,,,,,,,,,,,,,,,,,,,,,,,,,,,,,,,,,,,,,,,,,,,,,,,,,,,,,,,,,,,,,,,,,,,,,,,,,,,,,,,,,,,,,,,
166,2025-11-19,18:03:46.51098,10.15839,,13.7254901960784,843.75,5,4.6875,0,0,4.6875,4.6875,89,14.22602,0,,,,0,,,,,,,,,,,,,,,,,,,,,,,,,,,,,,,,,,,,,,,,,,,,,,,,,,,,,,,,,,,,,,,,,,,,,,,,,,,,,,,,,,,,,,,,,,,,,
167,2025-11-19,18:03:46.55058,10.19818,,13.7254901960784,843.75,5,4.6875,0,0,4.6875,4.6875,89,14.15269,0,,,,0,,,,,,,,,,,,,,,,,,,,,,,,,,,,,,,,,,,,,,,,,,,,,,,,,,,,,,,,,,,,,,,,,,,,,,,,,,,,,,,,,,,,,,,,,,,,,
168,2025-11-19,18:03:46.60967,10.25711,,13.7254901960784,843.75,5,4.6875,0,0,4.6875,4.8828125,89,14.15269,0,,,,0,,,,,,,,,,,,,,,,,,,,,,,,,,,,,,,,,,,,,,,,,,,,,,,,,,,,,,,,,,,,,,,,,,,,,,,,,,,,,,,,,,,,,,,,,,,,,
169,2025-11-19,18:03:46.67268,10.31997,,13.7254901960784,843.75,6,4.6875,0,0,4.6875,4.8828125,89,14.07936,0,,,,0,,,,,,,,,,,,,,,,,,,,,,,,,,,,,,,,,,,,,,,,,,,,,,,,,,,,,,,,,,,,,,,,,,,,,,,,,,,,,,,,,,,,,,,,,,,,,
170,2025-11-19,18:03:46.73261,10.38028,,13.7254901960784,843.75,6,4.6875,0,0,4.6875,5.078125,89,14.07936,0,,,,0,,,,,,,,,,,,,,,,,,,,,,,,,,,,,,,,,,,,,,,,,,,,,,,,,,,,,,,,,,,,,,,,,,,,,,,,,,,,,,,,,,,,,,,,,,,,,
171,2025-11-19,18:03:46.77954,10.42722,,13.7254901960784,843.75,6,4.6875,0,0,4.6875,5.078125,89,14.15269,0,,,,0,,,,,,,,,,,,,,,,,,,,,,,,,,,,,,,,,,,,,,,,,,,,,,,,,,,,,,,,,,,,,,,,,,,,,,,,,,,,,,,,,,,,,,,,,,,,,
172,2025-11-19,18:03:46.82359,10.47221,,13.7254901960784,843.75,5,4.6875,0,0,4.6875,5.078125,89,14.22602,0,,,,0,,,,,,,,,,,,,,,,,,,,,,,,,,,,,,,,,,,,,,,,,,,,,,,,,,,,,,,,,,,,,,,,,,,,,,,,,,,,,,,,,,,,,,,,,,,,,
173,2025-11-19,18:03:46.86236,10.51024,,13.7254901960784,843.75,5,4.6875,0,0,4.6875,5.2734375,89,14.15269,0,,,,0,,,,,,,,,,,,,,,,,,,,,,,,,,,,,,,,,,,,,,,,,,,,,,,,,,,,,,,,,,,,,,,,,,,,,,,,,,,,,,,,,,,,,,,,,,,,,
174,2025-11-19,18:03:46.91578,10.56334,,13.7254901960784,843.75,5,4.6875,0,0,4.6875,5.2734375,89,14.15269,0,,,,0,,,,,,,,,,,,,,,,,,,,,,,,,,,,,,,,,,,,,,,,,,,,,,,,,,,,,,,,,,,,,,,,,,,,,,,,,,,,,,,,,,,,,,,,,,,,,
175,2025-11-19,18:03:46.95693,10.60429,,13.7254901960784,843.75,5,4.6875,0,0,4.6875,5.46875,89,14.22602,0,,,,0,,,,,,,,,,,,,,,,,,,,,,,,,,,,,,,,,,,,,,,,,,,,,,,,,,,,,,,,,,,,,,,,,,,,,,,,,,,,,,,,,,,,,,,,,,,,,
176,2025-11-19,18:03:47.00027,10.64836,,13.7254901960784,843.75,5,4.6875,0,0,4.6875,5.2734375,89,14.22602,0,,,,0,,,,,,,,,,,,,,,,,,,,,,,,,,,,,,,,,,,,,,,,,,,,,,,,,,,,,,,,,,,,,,,,,,,,,,,,,,,,,,,,,,,,,,,,,,,,,
177,2025-11-19,18:03:47.05585,10.70342,,13.7254901960784,843.75,6,4.6875,0,0,4.6875,5.2734375,89,14.15269,0,,,,0,,,,,,,,,,,,,,,,,,,,,,,,,,,,,,,,,,,,,,,,,,,,,,,,,,,,,,,,,,,,,,,,,,,,,,,,,,,,,,,,,,,,,,,,,,,,,
178,2025-11-19,18:03:47.11475,10.76237,,13.7254901960784,843.75,5,4.6875,0,0,4.6875,5.2734375,89,14.22602,0,,,,0,,,,,,,,,,,,,,,,,,,,,,,,,,,,,,,,,,,,,,,,,,,,,,,,,,,,,,,,,,,,,,,,,,,,,,,,,,,,,,,,,,,,,,,,,,,,,
179,2025-11-19,18:03:47.17215,10.81973,,13.7254901960784,843.75,5,4.6875,0,0,4.6875,5.078125,89,14.07936,0,,,,0,,,,,,,,,,,,,,,,,,,,,,,,,,,,,,,,,,,,,,,,,,,,,,,,,,,,,,,,,,,,,,,,,,,,,,,,,,,,,,,,,,,,,,,,,,,,,
180,2025-11-19,18:03:47.23513,10.8826,,13.7254901960784,843.75,5,4.6875,0,0,4.6875,5.078125,89,14.15269,0,,,,0,,,,,,,,,,,,,,,,,,,,,,,,,,,,,,,,,,,,,,,,,,,,,,,,,,,,,,,,,,,,,,,,,,,,,,,,,,,,,,,,,,,,,,,,,,,,,
181,2025-11-19,18:03:47.29712,10.94537,,13.7254901960784,843.75,4,4.6875,0,0,4.6875,5.078125,89,14.15269,0,,,,0,,,,,,,,,,,,,,,,,,,,,,,,,,,,,,,,,,,,,,,,,,,,,,,,,,,,,,,,,,,,,,,,,,,,,,,,,,,,,,,,,,,,,,,,,,,,,
182,2025-11-19,18:03:47.35807,11.00574,,13.7254901960784,843.75,5,4.6875,0,0,4.6875,4.8828125,89,14.22602,0,,,,0,,,,,,,,,,,,,,,,,,,,,,,,,,,,,,,,,,,,,,,,,,,,,,,,,,,,,,,,,,,,,,,,,,,,,,,,,,,,,,,,,,,,,,,,,,,,,
183,2025-11-19,18:03:47.41799,11.06584,,13.7254901960784,843.75,6,4.6875,0,0,4.6875,4.8828125,89,14.15269,0,,,,0,,,,,,,,,,,,,,,,,,,,,,,,,,,,,,,,,,,,,,,,,,,,,,,,,,,,,,,,,,,,,,,,,,,,,,,,,,,,,,,,,,,,,,,,,,,,,
184,2025-11-19,18:03:47.46499,11.11266,,13.7254901960784,843.75,5,4.6875,0,0,4.6875,4.8828125,89,14.15269,0,,,,0,,,,,,,,,,,,,,,,,,,,,,,,,,,,,,,,,,,,,,,,,,,,,,,,,,,,,,,,,,,,,,,,,,,,,,,,,,,,,,,,,,,,,,,,,,,,,
185,2025-11-19,18:03:47.50298,11.15042,,13.7254901960784,843.75,4,4.6875,0,0,4.6875,4.6875,89,14.15269,0,,,,0,,,,,,,,,,,,,,,,,,,,,,,,,,,,,,,,,,,,,,,,,,,,,,,,,,,,,,,,,,,,,,,,,,,,,,,,,,,,,,,,,,,,,,,,,,,,,
186,2025-11-19,18:03:47.54297,11.19208,,13.7254901960784,843.75,4,4.6875,0,0,4.6875,4.6875,89,14.22602,0,,,,0,,,,,,,,,,,,,,,,,,,,,,,,,,,,,,,,,,,,,,,,,,,,,,,,,,,,,,,,,,,,,,,,,,,,,,,,,,,,,,,,,,,,,,,,,,,,,
187,2025-11-19,18:03:47.58118,11.22911,,13.7254901960784,843.75,4,4.6875,0,0,4.6875,4.6875,89,14.07936,0,,,,0,,,,,,,,,,,,,,,,,,,,,,,,,,,,,,,,,,,,,,,,,,,,,,,,,,,,,,,,,,,,,,,,,,,,,,,,,,,,,,,,,,,,,,,,,,,,,
188,2025-11-19,18:03:47.62088,11.26828,,13.7254901960784,875,4,4.6875,0,0,4.6875,4.6875,89,14.15269,0,,,,0,,,,,,,,,,,,,,,,,,,,,,,,,,,,,,,,,,,,,,,,,,,,,,,,,,,,,,,,,,,,,,,,,,,,,,,,,,,,,,,,,,,,,,,,,,,,,
189,2025-11-19,18:03:47.66983,11.31751,,13.7254901960784,843.75,4,4.6875,0,0,4.6875,4.4921875,89,14.22602,0,,,,0,,,,,,,,,,,,,,,,,,,,,,,,,,,,,,,,,,,,,,,,,,,,,,,,,,,,,,,,,,,,,,,,,,,,,,,,,,,,,,,,,,,,,,,,,,,,,
190,2025-11-19,18:03:47.70678,11.35447,,13.7254901960784,843.75,4,4.6875,0,0,4.6875,4.4921875,89,14.15269,0,,,,0,,,,,,,,,,,,,,,,,,,,,,,,,,,,,,,,,,,,,,,,,,,,,,,,,,,,,,,,,,,,,,,,,,,,,,,,,,,,,,,,,,,,,,,,,,,,,
191,2025-11-19,18:03:47.74584,11.39472,,13.7254901960784,843.75,4,4.6875,0,0,4.6875,4.296875,89,14.15269,0,,,,0,,,,,,,,,,,,,,,,,,,,,,,,,,,,,,,,,,,,,,,,,,,,,,,,,,,,,,,,,,,,,,,,,,,,,,,,,,,,,,,,,,,,,,,,,,,,,
192,2025-11-19,18:03:47.80676,11.45506,,13.7254901960784,843.75,5,4.6875,0,0,4.6875,4.296875,89,14.15269,0,,,,0,,,,,,,,,,,,,,,,,,,,,,,,,,,,,,,,,,,,,,,,,,,,,,,,,,,,,,,,,,,,,,,,,,,,,,,,,,,,,,,,,,,,,,,,,,,,,
193,2025-11-19,18:03:47.86780,11.51538,,13.7254901960784,843.75,6,4.6875,0,0,4.6875,4.1015625,89,14.07936,0,,,,0,,,,,,,,,,,,,,,,,,,,,,,,,,,,,,,,,,,,,,,,,,,,,,,,,,,,,,,,,,,,,,,,,,,,,,,,,,,,,,,,,,,,,,,,,,,,,
194,2025-11-19,18:03:47.92869,11.57725,,13.7254901960784,843.75,6,4.6875,0,0,4.6875,4.1015625,89,14.15269,0,,,,0,,,,,,,,,,,,,,,,,,,,,,,,,,,,,,,,,,,,,,,,,,,,,,,,,,,,,,,,,,,,,,,,,,,,,,,,,,,,,,,,,,,,,,,,,,,,,
195,2025-11-19,18:03:47.98961,11.63789,,13.7254901960784,843.75,6,4.6875,0,0,4.6875,4.1015625,89,14.15269,0,,,,0,,,,,,,,,,,,,,,,,,,,,,,,,,,,,,,,,,,,,,,,,,,,,,,,,,,,,,,,,,,,,,,,,,,,,,,,,,,,,,,,,,,,,,,,,,,,,
196,2025-11-19,18:03:48.05555,11.70353,,13.7254901960784,843.75,4,4.6875,0,0,4.6875,3.90625,89,14.15269,0,,,,0,,,,,,,,,,,,,,,,,,,,,,,,,,,,,,,,,,,,,,,,,,,,,,,,,,,,,,,,,,,,,,,,,,,,,,,,,,,,,,,,,,,,,,,,,,,,,
197,2025-11-19,18:03:48.11750,11.76506,,13.7254901960784,843.75,4,4.6875,0,0,4.6875,3.90625,89,14.07936,0,,,,0,,,,,,,,,,,,,,,,,,,,,,,,,,,,,,,,,,,,,,,,,,,,,,,,,,,,,,,,,,,,,,,,,,,,,,,,,,,,,,,,,,,,,,,,,,,,,
198,2025-11-19,18:03:48.16447,11.81221,,13.7254901960784,843.75,4,4.6875,0,0,4.6875,3.90625,89,14.15269,0,,,,0,,,,,,,,,,,,,,,,,,,,,,,,,,,,,,,,,,,,,,,,,,,,,,,,,,,,,,,,,,,,,,,,,,,,,,,,,,,,,,,,,,,,,,,,,,,,,
199,2025-11-19,18:03:48.20443,11.85181,,13.7254901960784,843.75,6,4.6875,0,0,4.6875,3.90625,89,14.15269,0,,,,0,,,,,,,,,,,,,,,,,,,,,,,,,,,,,,,,,,,,,,,,,,,,,,,,,,,,,,,,,,,,,,,,,,,,,,,,,,,,,,,,,,,,,,,,,,,,,
200,2025-11-19,18:03:48.24242,11.89063,,13.7254901960784,843.75,6,4.6875,0,0,4.6875,3.90625,89,14.15269,0,,,,0,,,,,,,,,,,,,,,,,,,,,,,,,,,,,,,,,,,,,,,,,,,,,,,,,,,,,,,,,,,,,,,,,,,,,,,,,,,,,,,,,,,,,,,,,,,,,
201,2025-11-19,18:03:48.28137,11.93005,,13.7254901960784,843.75,6,4.6875,0,0,4.6875,3.90625,89,14.07936,0,,,,0,,,,,,,,,,,,,,,,,,,,,,,,,,,,,,,,,,,,,,,,,,,,,,,,,,,,,,,,,,,,,,,,,,,,,,,,,,,,,,,,,,,,,,,,,,,,,
202,2025-11-19,18:03:48.32825,11.97646,,13.7254901960784,843.75,6,4.6875,0,0,4.6875,4.1015625,89,14.22602,0,,,,0,,,,,,,,,,,,,,,,,,,,,,,,,,,,,,,,,,,,,,,,,,,,,,,,,,,,,,,,,,,,,,,,,,,,,,,,,,,,,,,,,,,,,,,,,,,,,
203,2025-11-19,18:03:48.37169,12.01924,,13.7254901960784,843.75,5,4.6875,0,0,4.6875,4.1015625,89,14.22602,0,,,,0,,,,,,,,,,,,,,,,,,,,,,,,,,,,,,,,,,,,,,,,,,,,,,,,,,,,,,,,,,,,,,,,,,,,,,,,,,,,,,,,,,,,,,,,,,,,,
204,2025-11-19,18:03:48.40926,12.05703,,13.7254901960784,843.75,4,4.6875,0,0,4.6875,4.1015625,89,14.15269,0,,,,0,,,,,,,,,,,,,,,,,,,,,,,,,,,,,,,,,,,,,,,,,,,,,,,,,,,,,,,,,,,,,,,,,,,,,,,,,,,,,,,,,,,,,,,,,,,,,
205,2025-11-19,18:03:48.46669,12.11499,,13.7254901960784,843.75,4,4.6875,0,0,4.6875,4.296875,89,14.07936,0,,,,0,,,,,,,,,,,,,,,,,,,,,,,,,,,,,,,,,,,,,,,,,,,,,,,,,,,,,,,,,,,,,,,,,,,,,,,,,,,,,,,,,,,,,,,,,,,,,
206,2025-11-19,18:03:48.53127,12.17918,,13.7254901960784,843.75,4,4.6875,0,0,4.6875,4.296875,89,14.15269,0,,,,0,,,,,,,,,,,,,,,,,,,,,,,,,,,,,,,,,,,,,,,,,,,,,,,,,,,,,,,,,,,,,,,,,,,,,,,,,,,,,,,,,,,,,,,,,,,,,
207,2025-11-19,18:03:48.59921,12.24677,,13.7254901960784,843.75,6,4.6875,0,0,4.6875,4.4921875,89,14.15269,0,,,,0,,,,,,,,,,,,,,,,,,,,,,,,,,,,,,,,,,,,,,,,,,,,,,,,,,,,,,,,,,,,,,,,,,,,,,,,,,,,,,,,,,,,,,,,,,,,,
208,2025-11-19,18:03:48.65639,12.304,,13.7254901960784,843.75,4,4.6875,0,0,4.6875,4.4921875,89,14.15269,0,,,,0,,,,,,,,,,,,,,,,,,,,,,,,,,,,,,,,,,,,,,,,,,,,,,,,,,,,,,,,,,,,,,,,,,,,,,,,,,,,,,,,,,,,,,,,,,,,,
209,2025-11-19,18:03:48.71716,12.36496,,13.7254901960784,843.75,4,4.6875,0,0,4.6875,4.6875,89,14.07936,0,,,,0,,,,,,,,,,,,,,,,,,,,,,,,,,,,,,,,,,,,,,,,,,,,,,,,,,,,,,,,,,,,,,,,,,,,,,,,,,,,,,,,,,,,,,,,,,,,,
210,2025-11-19,18:03:48.77589,12.42343,,13.7254901960784,843.75,5,4.6875,0,0,4.6875,4.6875,89,14.15269,0,,,,0,,,,,,,,,,,,,,,,,,,,,,,,,,,,,,,,,,,,,,,,,,,,,,,,,,,,,,,,,,,,,,,,,,,,,,,,,,,,,,,,,,,,,,,,,,,,,
211,2025-11-19,18:03:48.81987,12.46799,,13.7254901960784,843.75,4,4.6875,0,0,4.6875,4.6875,89,14.07936,0,,,,0,,,,,,,,,,,,,,,,,,,,,,,,,,,,,,,,,,,,,,,,,,,,,,,,,,,,,,,,,,,,,,,,,,,,,,,,,,,,,,,,,,,,,,,,,,,,,
212,2025-11-19,18:03:48.85389,12.50197,,13.7254901960784,843.75,4,4.6875,0,0,4.6875,4.8828125,89,14.15269,0,,,,0,,,,,,,,,,,,,,,,,,,,,,,,,,,,,,,,,,,,,,,,,,,,,,,,,,,,,,,,,,,,,,,,,,,,,,,,,,,,,,,,,,,,,,,,,,,,,
213,2025-11-19,18:03:48.88986,12.53729,,13.7254901960784,843.75,5,4.6875,0,0,4.6875,4.8828125,89,14.07936,0,,,,0,,,,,,,,,,,,,,,,,,,,,,,,,,,,,,,,,,,,,,,,,,,,,,,,,,,,,,,,,,,,,,,,,,,,,,,,,,,,,,,,,,,,,,,,,,,,,
214,2025-11-19,18:03:48.92380,12.57192,,13.7254901960784,843.75,6,4.6875,0,0,4.6875,4.8828125,89,14.15269,0,,,,0,,,,,,,,,,,,,,,,,,,,,,,,,,,,,,,,,,,,,,,,,,,,,,,,,,,,,,,,,,,,,,,,,,,,,,,,,,,,,,,,,,,,,,,,,,,,,
215,2025-11-19,18:03:48.96279,12.61036,,13.7254901960784,843.75,6,4.6875,0,0,4.6875,5.078125,89,14.07936,0,,,,0,,,,,,,,,,,,,,,,,,,,,,,,,,,,,,,,,,,,,,,,,,,,,,,,,,,,,,,,,,,,,,,,,,,,,,,,,,,,,,,,,,,,,,,,,,,,,
216,2025-11-19,18:03:49.00277,12.65076,,13.7254901960784,843.75,7,4.6875,0,0,4.6875,4.8828125,89,14.15269,0,,,,0,,,,,,,,,,,,,,,,,,,,,,,,,,,,,,,,,,,,,,,,,,,,,,,,,,,,,,,,,,,,,,,,,,,,,,,,,,,,,,,,,,,,,,,,,,,,,
217,2025-11-19,18:03:49.04601,12.6936,,13.7254901960784,843.75,5,4.6875,0,0,4.6875,4.8828125,89,14.22602,0,,,,0,,,,,,,,,,,,,,,,,,,,,,,,,,,,,,,,,,,,,,,,,,,,,,,,,,,,,,,,,,,,,,,,,,,,,,,,,,,,,,,,,,,,,,,,,,,,,
218,2025-11-19,18:03:49.10396,12.75151,,13.7254901960784,843.75,4,4.6875,0,0,4.6875,4.8828125,89,14.22602,0,,,,0,,,,,,,,,,,,,,,,,,,,,,,,,,,,,,,,,,,,,,,,,,,,,,,,,,,,,,,,,,,,,,,,,,,,,,,,,,,,,,,,,,,,,,,,,,,,,
219,2025-11-19,18:03:49.15463,12.80367,,13.7254901960784,843.75,4,4.6875,0,0,4.6875,4.6875,89,14.22602,0,,,,0,,,,,,,,,,,,,,,,,,,,,,,,,,,,,,,,,,,,,,,,,,,,,,,,,,,,,,,,,,,,,,,,,,,,,,,,,,,,,,,,,,,,,,,,,,,,,
220,2025-11-19,18:03:49.19962,12.84729,,13.7254901960784,843.75,4,4.6875,0,0,4.6875,4.6875,89,14.15269,0,,,,0,,,,,,,,,,,,,,,,,,,,,,,,,,,,,,,,,,,,,,,,,,,,,,,,,,,,,,,,,,,,,,,,,,,,,,,,,,,,,,,,,,,,,,,,,,,,,
221,2025-11-19,18:03:49.25955,12.90756,,13.7254901960784,843.75,4,4.6875,0,0,4.6875,4.6875,89,14.15269,0,,,,0,,,,,,,,,,,,,,,,,,,,,,,,,,,,,,,,,,,,,,,,,,,,,,,,,,,,,,,,,,,,,,,,,,,,,,,,,,,,,,,,,,,,,,,,,,,,,
222,2025-11-19,18:03:49.32052,12.96887,,13.7254901960784,843.75,6,4.6875,0,0,4.6875,4.4921875,89,14.15269,0,,,,0,,,,,,,,,,,,,,,,,,,,,,,,,,,,,,,,,,,,,,,,,,,,,,,,,,,,,,,,,,,,,,,,,,,,,,,,,,,,,,,,,,,,,,,,,,,,,
223,2025-11-19,18:03:49.38124,13.02856,,13.7254901960784,843.75,6,4.6875,0,0,4.6875,4.4921875,89,14.15269,0,,,,0,,,,,,,,,,,,,,,,,,,,,,,,,,,,,,,,,,,,,,,,,,,,,,,,,,,,,,,,,,,,,,,,,,,,,,,,,,,,,,,,,,,,,,,,,,,,,
224,2025-11-19,18:03:49.43644,13.08452,,13.7254901960784,843.75,5,4.6875,0,0,4.6875,4.4921875,89,14.15269,0,,,,0,,,,,,,,,,,,,,,,,,,,,,,,,,,,,,,,,,,,,,,,,,,,,,,,,,,,,,,,,,,,,,,,,,,,,,,,,,,,,,,,,,,,,,,,,,,,,
225,2025-11-19,18:03:49.49830,13.14581,,13.7254901960784,843.75,4,4.6875,0,0,4.6875,4.296875,89,14.07936,0,,,,0,,,,,,,,,,,,,,,,,,,,,,,,,,,,,,,,,,,,,,,,,,,,,,,,,,,,,,,,,,,,,,,,,,,,,,,,,,,,,,,,,,,,,,,,,,,,,
226,2025-11-19,18:03:49.56338,13.21088,,13.7254901960784,843.75,4,4.6875,0,0,4.6875,4.296875,89,14.15269,0,,,,0,,,,,,,,,,,,,,,,,,,,,,,,,,,,,,,,,,,,,,,,,,,,,,,,,,,,,,,,,,,,,,,,,,,,,,,,,,,,,,,,,,,,,,,,,,,,,
227,2025-11-19,18:03:49.62624,13.27434,,13.7254901960784,843.75,4,4.6875,0,0,4.6875,4.296875,89,14.15269,0,,,,0,,,,,,,,,,,,,,,,,,,,,,,,,,,,,,,,,,,,,,,,,,,,,,,,,,,,,,,,,,,,,,,,,,,,,,,,,,,,,,,,,,,,,,,,,,,,,
228,2025-11-19,18:03:49.67620,13.32375,,13.7254901960784,843.75,4,4.6875,0,0,4.6875,4.1015625,89,14.15269,0,,,,0,,,,,,,,,,,,,,,,,,,,,,,,,,,,,,,,,,,,,,,,,,,,,,,,,,,,,,,,,,,,,,,,,,,,,,,,,,,,,,,,,,,,,,,,,,,,,
229,2025-11-19,18:03:49.71579,13.36308,,13.7254901960784,843.75,5,4.6875,0,0,4.6875,4.296875,89,14.15269,0,,,,0,,,,,,,,,,,,,,,,,,,,,,,,,,,,,,,,,,,,,,,,,,,,,,,,,,,,,,,,,,,,,,,,,,,,,,,,,,,,,,,,,,,,,,,,,,,,,
230,2025-11-19,18:03:49.75719,13.40656,,13.7254901960784,843.75,4,4.6875,0,0,4.6875,4.296875,89,14.22602,0,,,,0,,,,,,,,,,,,,,,,,,,,,,,,,,,,,,,,,,,,,,,,,,,,,,,,,,,,,,,,,,,,,,,,,,,,,,,,,,,,,,,,,,,,,,,,,,,,,
231,2025-11-19,18:03:49.80011,13.44779,,13.7254901960784,843.75,4,4.6875,0,0,4.6875,4.296875,89,14.15269,0,,,,0,,,,,,,,,,,,,,,,,,,,,,,,,,,,,,,,,,,,,,,,,,,,,,,,,,,,,,,,,,,,,,,,,,,,,,,,,,,,,,,,,,,,,,,,,,,,,
232,2025-11-19,18:03:49.84323,13.49059,,13.7254901960784,843.75,4,4.6875,0,0,4.6875,4.4921875,89,14.07936,0,,,,0,,,,,,,,,,,,,,,,,,,,,,,,,,,,,,,,,,,,,,,,,,,,,,,,,,,,,,,,,,,,,,,,,,,,,,,,,,,,,,,,,,,,,,,,,,,,,
233,2025-11-19,18:03:49.89407,13.54299,,13.7254901960784,843.75,5,4.6875,0,0,4.6875,4.4921875,89,14.22602,0,,,,0,,,,,,,,,,,,,,,,,,,,,,,,,,,,,,,,,,,,,,,,,,,,,,,,,,,,,,,,,,,,,,,,,,,,,,,,,,,,,,,,,,,,,,,,,,,,,
234,2025-11-19,18:03:50.00594,13.65354,,13.7254901960784,843.75,6,4.6875,0,0,4.6875,4.6875,89,14.22602,0,,,,0,,,,,,,,,,,,,,,,,,,,,,,,,,,,,,,,,,,,,,,,,,,,,,,,,,,,,,,,,,,,,,,,,,,,,,,,,,,,,,,,,,,,,,,,,,,,,
235,2025-11-19,18:03:50.09511,13.74303,,13.7254901960784,843.75,6,4.6875,0,0,4.6875,4.6875,89,14.15269,0,,,,0,,,,,,,,,,,,,,,,,,,,,,,,,,,,,,,,,,,,,,,,,,,,,,,,,,,,,,,,,,,,,,,,,,,,,,,,,,,,,,,,,,,,,,,,,,,,,
236,2025-11-19,18:03:50.17282,13.8213,,13.7254901960784,843.75,4,4.6875,0,0,4.6875,4.8828125,89,14.15269,0,,,,0,,,,,,,,,,,,,,,,,,,,,,,,,,,,,,,,,,,,,,,,,,,,,,,,,,,,,,,,,,,,,,,,,,,,,,,,,,,,,,,,,,,,,,,,,,,,,
237,2025-11-19,18:03:50.23677,13.88409,,13.7254901960784,843.75,4,4.6875,0,0,4.6875,4.8828125,89,14.15269,0,,,,0,,,,,,,,,,,,,,,,,,,,,,,,,,,,,,,,,,,,,,,,,,,,,,,,,,,,,,,,,,,,,,,,,,,,,,,,,,,,,,,,,,,,,,,,,,,,,
238,2025-11-19,18:03:50.29972,13.94777,,13.7254901960784,843.75,4,4.6875,0,0,4.6875,5.078125,89,14.22602,0,,,,0,,,,,,,,,,,,,,,,,,,,,,,,,,,,,,,,,,,,,,,,,,,,,,,,,,,,,,,,,,,,,,,,,,,,,,,,,,,,,,,,,,,,,,,,,,,,,
239,2025-11-19,18:03:50.35983,14.00714,,13.7254901960784,843.75,6,4.6875,0,0,4.6875,5.078125,89,14.22602,0,,,,0,,,,,,,,,,,,,,,,,,,,,,,,,,,,,,,,,,,,,,,,,,,,,,,,,,,,,,,,,,,,,,,,,,,,,,,,,,,,,,,,,,,,,,,,,,,,,
240,2025-11-19,18:03:50.40554,14.05331,,13.7254901960784,843.75,5,4.6875,0,0,4.6875,5.2734375,89,14.15269,0,,,,0,,,,,,,,,,,,,,,,,,,,,,,,,,,,,,,,,,,,,,,,,,,,,,,,,,,,,,,,,,,,,,,,,,,,,,,,,,,,,,,,,,,,,,,,,,,,,
241,2025-11-19,18:03:50.43968,14.08849,,13.7254901960784,843.75,4,4.6875,0,0,4.6875,5.2734375,89,14.15269,0,,,,0,,,,,,,,,,,,,,,,,,,,,,,,,,,,,,,,,,,,,,,,,,,,,,,,,,,,,,,,,,,,,,,,,,,,,,,,,,,,,,,,,,,,,,,,,,,,,
242,2025-11-19,18:03:50.48758,14.1349,,13.7254901960784,843.75,5,4.6875,0,0,4.6875,5.2734375,89,14.22602,0,,,,0,,,,,,,,,,,,,,,,,,,,,,,,,,,,,,,,,,,,,,,,,,,,,,,,,,,,,,,,,,,,,,,,,,,,,,,,,,,,,,,,,,,,,,,,,,,,,
243,2025-11-19,18:03:50.52398,14.17193,,13.7254901960784,843.75,5,4.6875,0,0,4.6875,5.2734375,89,14.22602,0,,,,0,,,,,,,,,,,,,,,,,,,,,,,,,,,,,,,,,,,,,,,,,,,,,,,,,,,,,,,,,,,,,,,,,,,,,,,,,,,,,,,,,,,,,,,,,,,,,
244,2025-11-19,18:03:50.56545,14.2144,,13.7254901960784,843.75,4,4.6875,0,0,4.6875,5.2734375,89,14.22602,0,,,,0,,,,,,,,,,,,,,,,,,,,,,,,,,,,,,,,,,,,,,,,,,,,,,,,,,,,,,,,,,,,,,,,,,,,,,,,,,,,,,,,,,,,,,,,,,,,,
245,2025-11-19,18:03:50.61640,14.26502,,13.7254901960784,875,3,4.6875,0,0,4.6875,5.078125,89,14.07936,0,,,,0,,,,,,,,,,,,,,,,,,,,,,,,,,,,,,,,,,,,,,,,,,,,,,,,,,,,,,,,,,,,,,,,,,,,,,,,,,,,,,,,,,,,,,,,,,,,,
246,2025-11-19,18:03:50.66937,14.31761,,13.7254901960784,875,3,4.6875,0,0,4.6875,5.078125,89,14.22602,0,,,,0,,,,,,,,,,,,,,,,,,,,,,,,,,,,,,,,,,,,,,,,,,,,,,,,,,,,,,,,,,,,,,,,,,,,,,,,,,,,,,,,,,,,,,,,,,,,,
247,2025-11-19,18:03:50.72132,14.36887,,13.7254901960784,843.75,5,4.6875,0,0,4.6875,5.078125,89,14.22602,0,,,,0,,,,,,,,,,,,,,,,,,,,,,,,,,,,,,,,,,,,,,,,,,,,,,,,,,,,,,,,,,,,,,,,,,,,,,,,,,,,,,,,,,,,,,,,,,,,,
248,2025-11-19,18:03:50.76913,14.41732,,13.7254901960784,843.75,6,4.6875,0,0,4.6875,4.8828125,89,14.22602,0,,,,0,,,,,,,,,,,,,,,,,,,,,,,,,,,,,,,,,,,,,,,,,,,,,,,,,,,,,,,,,,,,,,,,,,,,,,,,,,,,,,,,,,,,,,,,,,,,,
249,2025-11-19,18:03:50.80228,14.44985,,13.7254901960784,843.75,6,4.6875,0,0,4.6875,4.8828125,89,14.07936,0,,,,0,,,,,,,,,,,,,,,,,,,,,,,,,,,,,,,,,,,,,,,,,,,,,,,,,,,,,,,,,,,,,,,,,,,,,,,,,,,,,,,,,,,,,,,,,,,,,
250,2025-11-19,18:03:50.83539,14.48282,,13.7254901960784,843.75,6,4.6875,0,0,4.6875,4.8828125,89,14.15269,0,,,,0,,,,,,,,,,,,,,,,,,,,,,,,,,,,,,,,,,,,,,,,,,,,,,,,,,,,,,,,,,,,,,,,,,,,,,,,,,,,,,,,,,,,,,,,,,,,,
251,2025-11-19,18:03:50.87510,14.52288,,13.7254901960784,843.75,6,4.6875,0,0,4.6875,4.8828125,89,14.07936,0,,,,0,,,,,,,,,,,,,,,,,,,,,,,,,,,,,,,,,,,,,,,,,,,,,,,,,,,,,,,,,,,,,,,,,,,,,,,,,,,,,,,,,,,,,,,,,,,,,
252,2025-11-19,18:03:50.92203,14.56935,,13.7254901960784,843.75,6,4.6875,0,0,4.6875,4.8828125,89,14.15269,0,,,,0,,,,,,,,,,,,,,,,,,,,,,,,,,,,,,,,,,,,,,,,,,,,,,,,,,,,,,,,,,,,,,,,,,,,,,,,,,,,,,,,,,,,,,,,,,,,,
253,2025-11-19,18:03:50.98103,14.62889,,13.7254901960784,843.75,6,4.6875,0,0,4.6875,4.6875,89,14.07936,0,,,,0,,,,,,,,,,,,,,,,,,,,,,,,,,,,,,,,,,,,,,,,,,,,,,,,,,,,,,,,,,,,,,,,,,,,,,,,,,,,,,,,,,,,,,,,,,,,,
254,2025-11-19,18:03:51.05031,14.69813,,13.7254901960784,843.75,6,4.6875,0,0,4.6875,4.6875,89,14.15269,0,,,,0,,,,,,,,,,,,,,,,,,,,,,,,,,,,,,,,,,,,,,,,,,,,,,,,,,,,,,,,,,,,,,,,,,,,,,,,,,,,,,,,,,,,,,,,,,,,,
255,2025-11-19,18:03:51.11196,14.76174,,13.7254901960784,843.75,5,4.6875,0,0,4.6875,4.6875,89,14.15269,0,,,,0,,,,,,,,,,,,,,,,,,,,,,,,,,,,,,,,,,,,,,,,,,,,,,,,,,,,,,,,,,,,,,,,,,,,,,,,,,,,,,,,,,,,,,,,,,,,,
256,2025-11-19,18:03:51.17495,14.82229,,13.7254901960784,843.75,5,4.6875,0,0,4.6875,4.6875,89,14.15269,0,,,,0,,,,,,,,,,,,,,,,,,,,,,,,,,,,,,,,,,,,,,,,,,,,,,,,,,,,,,,,,,,,,,,,,,,,,,,,,,,,,,,,,,,,,,,,,,,,,
257,2025-11-19,18:03:51.23586,14.88385,,13.7254901960784,843.75,5,4.6875,0,0,4.6875,4.6875,89,14.07936,0,,,,0,,,,,,,,,,,,,,,,,,,,,,,,,,,,,,,,,,,,,,,,,,,,,,,,,,,,,,,,,,,,,,,,,,,,,,,,,,,,,,,,,,,,,,,,,,,,,
258,2025-11-19,18:03:51.28483,14.93272,,13.7254901960784,843.75,4,4.6875,0,0,4.6875,4.6875,89,14.15269,0,,,,0,,,,,,,,,,,,,,,,,,,,,,,,,,,,,,,,,,,,,,,,,,,,,,,,,,,,,,,,,,,,,,,,,,,,,,,,,,,,,,,,,,,,,,,,,,,,,
259,2025-11-19,18:03:51.32576,14.97365,,13.7254901960784,843.75,4,4.6875,0,0,4.6875,4.8828125,89,14.22602,0,,,,0,,,,,,,,,,,,,,,,,,,,,,,,,,,,,,,,,,,,,,,,,,,,,,,,,,,,,,,,,,,,,,,,,,,,,,,,,,,,,,,,,,,,,,,,,,,,,
260,2025-11-19,18:03:51.37070,15.0189,,13.7254901960784,843.75,5,4.6875,0,0,4.6875,4.8828125,89,14.22602,0,,,,0,,,,,,,,,,,,,,,,,,,,,,,,,,,,,,,,,,,,,,,,,,,,,,,,,,,,,,,,,,,,,,,,,,,,,,,,,,,,,,,,,,,,,,,,,,,,,
261,2025-11-19,18:03:51.45163,15.09893,,13.7254901960784,843.75,5,4.6875,0,0,4.6875,5.078125,89,14.07936,0,,,,0,,,,,,,,,,,,,,,,,,,,,,,,,,,,,,,,,,,,,,,,,,,,,,,,,,,,,,,,,,,,,,,,,,,,,,,,,,,,,,,,,,,,,,,,,,,,,
262,2025-11-19,18:03:51.50864,15.15641,,13.7254901960784,843.75,5,4.6875,0,0,4.6875,5.078125,89,14.22602,0,,,,0,,,,,,,,,,,,,,,,,,,,,,,,,,,,,,,,,,,,,,,,,,,,,,,,,,,,,,,,,,,,,,,,,,,,,,,,,,,,,,,,,,,,,,,,,,,,,
263,2025-11-19,18:03:51.56664,15.2152,,13.7254901960784,843.75,5,4.6875,0,0,4.6875,5.2734375,89,14.22602,0,,,,0,,,,,,,,,,,,,,,,,,,,,,,,,,,,,,,,,,,,,,,,,,,,,,,,,,,,,,,,,,,,,,,,,,,,,,,,,,,,,,,,,,,,,,,,,,,,,
264,2025-11-19,18:03:51.63209,15.28037,,13.7254901960784,843.75,4,4.6875,0,0,4.6875,5.2734375,89,14.22602,0,,,,0,,,,,,,,,,,,,,,,,,,,,,,,,,,,,,,,,,,,,,,,,,,,,,,,,,,,,,,,,,,,,,,,,,,,,,,,,,,,,,,,,,,,,,,,,,,,,
265,2025-11-19,18:03:52.04023,15.68802,,13.7254901960784,843.75,3,4.6875,0,0,4.6875,5.46875,89,14.15269,0,,,,0,,,,,,,,,,,,,,,,,,,,,,,,,,,,,,,,,,,,,,,,,,,,,,,,,,,,,,,,,,,,,,,,,,,,,,,,,,,,,,,,,,,,,,,,,,,,,
266,2025-11-19,18:03:52.07608,15.72431,,13.7254901960784,843.75,4,4.6875,0,0,4.6875,5.6640625,89,14.15269,0,,,,0,,,,,,,,,,,,,,,,,,,,,,,,,,,,,,,,,,,,,,,,,,,,,,,,,,,,,,,,,,,,,,,,,,,,,,,,,,,,,,,,,,,,,,,,,,,,,
267,2025-11-19,18:03:52.11108,15.75873,,13.7254901960784,843.75,4,4.6875,0,0,4.6875,5.6640625,89,14.15269,0,,,,0,,,,,,,,,,,,,,,,,,,,,,,,,,,,,,,,,,,,,,,,,,,,,,,,,,,,,,,,,,,,,,,,,,,,,,,,,,,,,,,,,,,,,,,,,,,,,
268,2025-11-19,18:03:52.14858,15.79615,,13.7254901960784,843.75,5,4.6875,0,0,4.6875,5.6640625,89,14.22602,0,,,,0,,,,,,,,,,,,,,,,,,,,,,,,,,,,,,,,,,,,,,,,,,,,,,,,,,,,,,,,,,,,,,,,,,,,,,,,,,,,,,,,,,,,,,,,,,,,,
269,2025-11-19,18:03:52.18937,15.83697,,13.7254901960784,843.75,6,4.6875,0,0,4.6875,5.6640625,89,14.15269,0,,,,0,,,,,,,,,,,,,,,,,,,,,,,,,,,,,,,,,,,,,,,,,,,,,,,,,,,,,,,,,,,,,,,,,,,,,,,,,,,,,,,,,,,,,,,,,,,,,
270,2025-11-19,18:03:52.24806,15.89718,,13.7254901960784,843.75,6,4.6875,0,0,4.6875,5.46875,89,14.15269,0,,,,0,,,,,,,,,,,,,,,,,,,,,,,,,,,,,,,,,,,,,,,,,,,,,,,,,,,,,,,,,,,,,,,,,,,,,,,,,,,,,,,,,,,,,,,,,,,,,
271,2025-11-19,18:03:52.31397,15.96187,,13.7254901960784,843.75,4,4.6875,0,0,4.6875,5.46875,89,14.15269,0,,,,0,,,,,,,,,,,,,,,,,,,,,,,,,,,,,,,,,,,,,,,,,,,,,,,,,,,,,,,,,,,,,,,,,,,,,,,,,,,,,,,,,,,,,,,,,,,,,
272,2025-11-19,18:03:52.37893,16.02714,,13.7254901960784,843.75,4,4.6875,0,0,4.6875,5.46875,89,14.15269,0,,,,0,,,,,,,,,,,,,,,,,,,,,,,,,,,,,,,,,,,,,,,,,,,,,,,,,,,,,,,,,,,,,,,,,,,,,,,,,,,,,,,,,,,,,,,,,,,,,
273,2025-11-19,18:03:52.44289,16.09135,,13.7254901960784,843.75,4,4.6875,0,0,4.6875,5.2734375,89,14.15269,0,,,,0,,,,,,,,,,,,,,,,,,,,,,,,,,,,,,,,,,,,,,,,,,,,,,,,,,,,,,,,,,,,,,,,,,,,,,,,,,,,,,,,,,,,,,,,,,,,,
274,2025-11-19,18:03:52.50909,16.15672,,13.7254901960784,843.75,4,4.6875,0,0,4.6875,5.2734375,89,14.22602,0,,,,0,,,,,,,,,,,,,,,,,,,,,,,,,,,,,,,,,,,,,,,,,,,,,,,,,,,,,,,,,,,,,,,,,,,,,,,,,,,,,,,,,,,,,,,,,,,,,
275,2025-11-19,18:03:52.57186,16.21956,,13.7254901960784,843.75,5,4.6875,0,0,4.6875,5.2734375,89,14.22602,0,,,,0,,,,,,,,,,,,,,,,,,,,,,,,,,,,,,,,,,,,,,,,,,,,,,,,,,,,,,,,,,,,,,,,,,,,,,,,,,,,,,,,,,,,,,,,,,,,,
276,2025-11-19,18:03:52.63070,16.27881,,13.7254901960784,843.75,6,4.6875,0,0,4.6875,5.078125,89,14.22602,0,,,,0,,,,,,,,,,,,,,,,,,,,,,,,,,,,,,,,,,,,,,,,,,,,,,,,,,,,,,,,,,,,,,,,,,,,,,,,,,,,,,,,,,,,,,,,,,,,,
277,2025-11-19,18:03:52.67373,16.32176,,13.7254901960784,843.75,6,4.6875,0,0,4.6875,5.078125,89,14.15269,0,,,,0,,,,,,,,,,,,,,,,,,,,,,,,,,,,,,,,,,,,,,,,,,,,,,,,,,,,,,,,,,,,,,,,,,,,,,,,,,,,,,,,,,,,,,,,,,,,,
278,2025-11-19,18:03:52.71370,16.36131,,13.7254901960784,843.75,6,4.6875,0,0,4.6875,5.078125,89,14.15269,0,,,,0,,,,,,,,,,,,,,,,,,,,,,,,,,,,,,,,,,,,,,,,,,,,,,,,,,,,,,,,,,,,,,,,,,,,,,,,,,,,,,,,,,,,,,,,,,,,,
279,2025-11-19,18:03:52.84480,16.49247,,13.7254901960784,843.75,6,4.6875,0,0,4.6875,4.8828125,89,14.22602,0,,,,0,,,,,,,,,,,,,,,,,,,,,,,,,,,,,,,,,,,,,,,,,,,,,,,,,,,,,,,,,,,,,,,,,,,,,,,,,,,,,,,,,,,,,,,,,,,,,
280,2025-11-19,18:03:52.89756,16.54643,,13.7254901960784,843.75,5,4.6875,0,0,4.6875,4.8828125,89,14.07936,0,,,,0,,,,,,,,,,,,,,,,,,,,,,,,,,,,,,,,,,,,,,,,,,,,,,,,,,,,,,,,,,,,,,,,,,,,,,,,,,,,,,,,,,,,,,,,,,,,,
281,2025-11-19,18:03:52.93891,16.58627,,13.7254901960784,843.75,5,4.6875,0,0,4.6875,4.8828125,89,14.15269,0,,,,0,,,,,,,,,,,,,,,,,,,,,,,,,,,,,,,,,,,,,,,,,,,,,,,,,,,,,,,,,,,,,,,,,,,,,,,,,,,,,,,,,,,,,,,,,,,,,
282,2025-11-19,18:03:52.99043,16.63829,,13.7254901960784,843.75,4,4.6875,0,0,4.6875,4.8828125,89,14.22602,0,,,,0,,,,,,,,,,,,,,,,,,,,,,,,,,,,,,,,,,,,,,,,,,,,,,,,,,,,,,,,,,,,,,,,,,,,,,,,,,,,,,,,,,,,,,,,,,,,,
283,2025-11-19,18:03:53.07141,16.7188,,13.7254901960784,843.75,4,4.6875,0,0,4.6875,5.078125,89,14.22602,0,,,,0,,,,,,,,,,,,,,,,,,,,,,,,,,,,,,,,,,,,,,,,,,,,,,,,,,,,,,,,,,,,,,,,,,,,,,,,,,,,,,,,,,,,,,,,,,,,,
284,2025-11-19,18:03:53.13064,16.77819,,13.7254901960784,843.75,4,4.6875,0,0,4.6875,5.2734375,89,14.15269,0,,,,0,,,,,,,,,,,,,,,,,,,,,,,,,,,,,,,,,,,,,,,,,,,,,,,,,,,,,,,,,,,,,,,,,,,,,,,,,,,,,,,,,,,,,,,,,,,,,
285,2025-11-19,18:03:53.19027,16.83774,,13.7254901960784,843.75,4,4.6875,0,0,4.6875,5.2734375,89,14.15269,0,,,,0,,,,,,,,,,,,,,,,,,,,,,,,,,,,,,,,,,,,,,,,,,,,,,,,,,,,,,,,,,,,,,,,,,,,,,,,,,,,,,,,,,,,,,,,,,,,,
286,2025-11-19,18:03:53.24930,16.89661,,13.7254901960784,843.75,4,4.6875,0,0,4.6875,5.2734375,89,14.07936,0,,,,0,,,,,,,,,,,,,,,,,,,,,,,,,,,,,,,,,,,,,,,,,,,,,,,,,,,,,,,,,,,,,,,,,,,,,,,,,,,,,,,,,,,,,,,,,,,,,
287,2025-11-19,18:03:53.36337,17.01084,,13.7254901960784,843.75,4,4.6875,0,0,4.6875,5.46875,89,14.22602,0,,,,0,,,,,,,,,,,,,,,,,,,,,,,,,,,,,,,,,,,,,,,,,,,,,,,,,,,,,,,,,,,,,,,,,,,,,,,,,,,,,,,,,,,,,,,,,,,,,
288,2025-11-19,18:03:53.41615,17.06431,,13.7254901960784,843.75,4,4.6875,0,0,4.6875,5.46875,89,14.22602,0,,,,0,,,,,,,,,,,,,,,,,,,,,,,,,,,,,,,,,,,,,,,,,,,,,,,,,,,,,,,,,,,,,,,,,,,,,,,,,,,,,,,,,,,,,,,,,,,,,
289,2025-11-19,18:03:53.46009,17.1079,,13.7254901960784,875,4,4.6875,0,0,4.6875,5.46875,89,14.15269,0,,,,0,,,,,,,,,,,,,,,,,,,,,,,,,,,,,,,,,,,,,,,,,,,,,,,,,,,,,,,,,,,,,,,,,,,,,,,,,,,,,,,,,,,,,,,,,,,,,
290,2025-11-19,18:03:53.52206,17.17019,,13.7254901960784,875,4,4.6875,0,0,4.6875,5.46875,89,14.15269,0,,,,0,,,,,,,,,,,,,,,,,,,,,,,,,,,,,,,,,,,,,,,,,,,,,,,,,,,,,,,,,,,,,,,,,,,,,,,,,,,,,,,,,,,,,,,,,,,,,
291,2025-11-19,18:03:53.58006,17.22772,,13.7254901960784,875,4,4.6875,0,0,4.6875,5.2734375,89,14.15269,0,,,,0,,,,,,,,,,,,,,,,,,,,,,,,,,,,,,,,,,,,,,,,,,,,,,,,,,,,,,,,,,,,,,,,,,,,,,,,,,,,,,,,,,,,,,,,,,,,,
292,2025-11-19,18:03:53.64001,17.28776,,13.7254901960784,875,4,4.6875,0,0,4.6875,5.2734375,89,14.15269,0,,,,0,,,,,,,,,,,,,,,,,,,,,,,,,,,,,,,,,,,,,,,,,,,,,,,,,,,,,,,,,,,,,,,,,,,,,,,,,,,,,,,,,,,,,,,,,,,,,
293,2025-11-19,18:03:53.70211,17.34975,,13.7254901960784,875,4,4.6875,0,0,4.6875,5.2734375,89,14.15269,0,,,,0,,,,,,,,,,,,,,,,,,,,,,,,,,,,,,,,,,,,,,,,,,,,,,,,,,,,,,,,,,,,,,,,,,,,,,,,,,,,,,,,,,,,,,,,,,,,,
294,2025-11-19,18:03:53.76765,17.41559,,13.7254901960784,843.75,4,4.6875,0,0,4.6875,5.078125,89,14.22602,0,,,,0,,,,,,,,,,,,,,,,,,,,,,,,,,,,,,,,,,,,,,,,,,,,,,,,,,,,,,,,,,,,,,,,,,,,,,,,,,,,,,,,,,,,,,,,,,,,,
295,2025-11-19,18:03:53.82979,17.478,,13.7254901960784,843.75,6,4.6875,0,0,4.6875,5.078125,89,14.22602,0,,,,0,,,,,,,,,,,,,,,,,,,,,,,,,,,,,,,,,,,,,,,,,,,,,,,,,,,,,,,,,,,,,,,,,,,,,,,,,,,,,,,,,,,,,,,,,,,,,
296,2025-11-19,18:03:53.88570,17.53357,,13.7254901960784,843.75,6,4.6875,0,0,4.6875,4.8828125,89,14.22602,0,,,,0,,,,,,,,,,,,,,,,,,,,,,,,,,,,,,,,,,,,,,,,,,,,,,,,,,,,,,,,,,,,,,,,,,,,,,,,,,,,,,,,,,,,,,,,,,,,,
297,2025-11-19,18:03:53.94492,17.59457,,13.7254901960784,843.75,6,4.6875,0,0,4.6875,4.8828125,89,14.22602,0,,,,0,,,,,,,,,,,,,,,,,,,,,,,,,,,,,,,,,,,,,,,,,,,,,,,,,,,,,,,,,,,,,,,,,,,,,,,,,,,,,,,,,,,,,,,,,,,,,
298,2025-11-19,18:03:54.01169,17.65945,,13.7254901960784,875,5,4.6875,0,0,4.6875,4.8828125,89,14.22602,0,,,,0,,,,,,,,,,,,,,,,,,,,,,,,,,,,,,,,,,,,,,,,,,,,,,,,,,,,,,,,,,,,,,,,,,,,,,,,,,,,,,,,,,,,,,,,,,,,,
299,2025-11-19,18:03:54.07211,17.71946,,13.7254901960784,843.75,4,4.6875,0,0,4.6875,4.6875,89,14.22602,0,,,,0,,,,,,,,,,,,,,,,,,,,,,,,,,,,,,,,,,,,,,,,,,,,,,,,,,,,,,,,,,,,,,,,,,,,,,,,,,,,,,,,,,,,,,,,,,,,,
300,2025-11-19,18:03:54.12784,17.77582,,13.7254901960784,843.75,6,4.6875,0,0,4.6875,4.6875,89,14.22602,0,,,,0,,,,,,,,,,,,,,,,,,,,,,,,,,,,,,,,,,,,,,,,,,,,,,,,,,,,,,,,,,,,,,,,,,,,,,,,,,,,,,,,,,,,,,,,,,,,,
301,2025-11-19,18:03:54.16544,17.81299,,13.7254901960784,843.75,6,4.6875,0,0,4.6875,4.6875,89,14.15269,0,,,,0,,,,,,,,,,,,,,,,,,,,,,,,,,,,,,,,,,,,,,,,,,,,,,,,,,,,,,,,,,,,,,,,,,,,,,,,,,,,,,,,,,,,,,,,,,,,,
302,2025-11-19,18:03:54.20076,17.84837,,13.7254901960784,843.75,6,4.6875,0,0,4.6875,4.6875,89,14.15269,0,,,,0,,,,,,,,,,,,,,,,,,,,,,,,,,,,,,,,,,,,,,,,,,,,,,,,,,,,,,,,,,,,,,,,,,,,,,,,,,,,,,,,,,,,,,,,,,,,,
303,2025-11-19,18:03:54.24239,17.88985,,13.7254901960784,843.75,5,4.6875,0,0,4.6875,4.4921875,89,14.22602,0,,,,0,,,,,,,,,,,,,,,,,,,,,,,,,,,,,,,,,,,,,,,,,,,,,,,,,,,,,,,,,,,,,,,,,,,,,,,,,,,,,,,,,,,,,,,,,,,,,
304,2025-11-19,18:03:54.28637,17.9351,,13.7254901960784,843.75,4,4.6875,0,0,4.6875,4.4921875,89,14.15269,0,,,,0,,,,,,,,,,,,,,,,,,,,,,,,,,,,,,,,,,,,,,,,,,,,,,,,,,,,,,,,,,,,,,,,,,,,,,,,,,,,,,,,,,,,,,,,,,,,,
305,2025-11-19,18:03:54.32455,17.97208,,13.7254901960784,843.75,5,4.6875,0,0,4.6875,4.4921875,89,14.22602,0,,,,0,,,,,,,,,,,,,,,,,,,,,,,,,,,,,,,,,,,,,,,,,,,,,,,,,,,,,,,,,,,,,,,,,,,,,,,,,,,,,,,,,,,,,,,,,,,,,
306,2025-11-19,18:03:54.36441,18.01182,,13.7254901960784,843.75,6,4.6875,0,0,4.6875,4.4921875,89,14.22602,0,,,,0,,,,,,,,,,,,,,,,,,,,,,,,,,,,,,,,,,,,,,,,,,,,,,,,,,,,,,,,,,,,,,,,,,,,,,,,,,,,,,,,,,,,,,,,,,,,,
307,2025-11-19,18:03:54.41628,18.06384,,13.7254901960784,843.75,6,4.6875,0,0,4.6875,4.296875,89,14.07936,0,,,,0,,,,,,,,,,,,,,,,,,,,,,,,,,,,,,,,,,,,,,,,,,,,,,,,,,,,,,,,,,,,,,,,,,,,,,,,,,,,,,,,,,,,,,,,,,,,,
308,2025-11-19,18:03:54.58547,18.23297,,13.7254901960784,843.75,5,4.6875,0,0,4.6875,4.296875,89,14.15269,0,,,,0,,,,,20,,,,,,,,,,,,,,,,,,,,,,,,,,,,,,,,,,,,,,,,,,,,,,,,,,,,,,,,,,,,,,,,,,,,,,,,,,,,,,,,,,,,,,,,
309,2025-11-19,18:03:54.66309,18.31059,,13.7254901960784,843.75,4,4.6875,0,0,4.6875,4.1015625,89,14.15269,0,,,,0,,,,,20,,,,,,,,,,,,,,,,,,,,,,,,,,,,,,,,,,,,,,,,,,,,,,,,,,,,,,,,,,,,,,,,,,,,,,,,,,,,,,,,,,,,,,,,
310,2025-11-19,18:03:54.73308,18.38056,,13.7254901960784,843.75,6,4.6875,0,0,4.6875,4.1015625,89,14.22602,0,,,,0,,,,,20,,,,,,,,,,,,,,,,,,,,,,,,,,,,,,,,,,,,,,,,,,,,,,,,,,,,,,,,,,,,,,,,,,,,,,,,,,,,,,,,,,,,,,,,
311,2025-11-19,18:03:54.80296,18.45045,,13.7254901960784,843.75,6,4.6875,0,0,4.6875,3.90625,89,14.22602,0,,,,0,,,,,20,,,,,,,,,,,,,,,,,,,,,,,,,,,,,,,,,,,,,,,,,,,,,,,,,,,,,,,,,,,,,,,,,,,,,,,,,,,,,,,,,,,,,,,,
312,2025-11-19,18:03:54.86929,18.51729,,13.7254901960784,843.75,4,4.6875,0,0,4.6875,3.90625,89,14.15269,0,,,,0,,,,,20,,,,,,,,,,,,,,,,,,,,,,,,,,,,,,,,,,,,,,,,,,,,,,,,,,,,,,,,,,,,,,,,,,,,,,,,,,,,,,,,,,,,,,,,
313,2025-11-19,18:03:54.92199,18.56933,,13.7254901960784,843.75,4,4.6875,0,0,4.6875,3.90625,89,14.22602,0,,,,0,,,,,20,,,,,,,,,,,,,,,,,,,,,,,,,,,,,,,,,,,,,,,,,,,,,,,,,,,,,,,,,,,,,,,,,,,,,,,,,,,,,,,,,,,,,,,,
314,2025-11-19,18:03:54.96378,18.61211,,13.7254901960784,843.75,6,4.6875,0,0,4.6875,3.90625,89,14.29935,0,,,,0,,,,,20,,,,,,,,,,,,,,,,,,,,,,,,,,,,,,,,,,,,,,,,,,,,,,,,,,,,,,,,,,,,,,,,,,,,,,,,,,,,,,,,,,,,,,,,
315,2025-11-19,18:03:55.00167,18.64903,,13.7254901960784,843.75,6,4.6875,0,0,4.6875,3.90625,89,14.07936,0,,,,0,,,,,20,,,,,,,,,,,,,,,,,,,,,,,,,,,,,,,,,,,,,,,,,,,,,,,,,,,,,,,,,,,,,,,,,,,,,,,,,,,,,,,,,,,,,,,,
316,2025-11-19,18:03:55.03975,18.68703,,13.7254901960784,843.75,6,4.6875,0,0,4.6875,4.1015625,89,14.22602,0,,,,0,,,,,20,,,,,,,,,,,,,,,,,,,,,,,,,,,,,,,,,,,,,,,,,,,,,,,,,,,,,,,,,,,,,,,,,,,,,,,,,,,,,,,,,,,,,,,,
317,2025-11-19,18:03:55.07659,18.72399,,13.7254901960784,843.75,6,4.6875,0,0,4.6875,4.1015625,89,14.15269,0,,,,0,,,,,20,,,,,,,,,,,,,,,,,,,,,,,,,,,,,,,,,,,,,,,,,,,,,,,,,,,,,,,,,,,,,,,,,,,,,,,,,,,,,,,,,,,,,,,,
318,2025-11-19,18:03:55.11356,18.76195,,13.7254901960784,843.75,5,4.6875,0,0,4.6875,4.296875,89,14.07936,0,,,,0,,,,,20,,,,,,,,,,,,,,,,,,,,,,,,,,,,,,,,,,,,,,,,,,,,,,,,,,,,,,,,,,,,,,,,,,,,,,,,,,,,,,,,,,,,,,,,
319,2025-11-19,18:03:55.15162,18.79894,,13.7254901960784,843.75,4,4.6875,0,0,4.6875,4.296875,89,14.22602,0,,,,0,,,,,20,,,,,,,,,,,,,,,,,,,,,,,,,,,,,,,,,,,,,,,,,,,,,,,,,,,,,,,,,,,,,,,,,,,,,,,,,,,,,,,,,,,,,,,,
320,2025-11-19,18:03:55.18953,18.83691,,13.7254901960784,843.75,4,4.6875,0,0,4.6875,4.296875,89,14.07936,0,,,,0,,,,,20,,,,,,,,,,,,,,,,,,,,,,,,,,,,,,,,,,,,,,,,,,,,,,,,,,,,,,,,,,,,,,,,,,,,,,,,,,,,,,,,,,,,,,,,
321,2025-11-19,18:03:55.24455,18.89204,,13.7254901960784,843.75,4,4.6875,0,0,4.6875,4.296875,89,14.15269,0,,,,0,,,,,20,,,,,,,,,,,,,,,,,,,,,,,,,,,,,,,,,,,,,,,,,,,,,,,,,,,,,,,,,,,,,,,,,,,,,,,,,,,,,,,,,,,,,,,,
322,2025-11-19,18:03:55.31457,18.96209,,13.7254901960784,843.75,5,4.6875,0,0,4.6875,4.4921875,89,14.07936,0,,,,0,,,,,20,,,,,,,,,,,,,,,,,,,,,,,,,,,,,,,,,,,,,,,,,,,,,,,,,,,,,,,,,,,,,,,,,,,,,,,,,,,,,,,,,,,,,,,,
323,2025-11-19,18:03:55.38449,19.03191,,13.7254901960784,843.75,6,4.6875,0,0,4.6875,4.4921875,89,14.07936,0,,,,0,,,,,20,,,,,,,,,,,,,,,,,,,,,,,,,,,,,,,,,,,,,,,,,,,,,,,,,,,,,,,,,,,,,,,,,,,,,,,,,,,,,,,,,,,,,,,,
324,2025-11-19,18:03:55.45437,19.10187,,13.7254901960784,843.75,5,4.6875,0,0,4.6875,4.6875,89,14.15269,0,,,,0,,,,,20,,,,,,,,,,,,,,,,,,,,,,,,,,,,,,,,,,,,,,,,,,,,,,,,,,,,,,,,,,,,,,,,,,,,,,,,,,,,,,,,,,,,,,,,
325,2025-11-19,18:03:55.52439,19.17186,,13.7254901960784,843.75,4,4.6875,0,0,4.6875,4.6875,89,14.15269,0,,,,0,,,,,20,,,,,,,,,,,,,,,,,,,,,,,,,,,,,,,,,,,,,,,,,,,,,,,,,,,,,,,,,,,,,,,,,,,,,,,,,,,,,,,,,,,,,,,,
326,2025-11-19,18:03:55.58839,19.23591,,13.7254901960784,875,3,4.6875,0,0,4.6875,4.8828125,89,14.22602,0,,,,0,,,,,20,,,,,,,,,,,,,,,,,,,,,,,,,,,,,,,,,,,,,,,,,,,,,,,,,,,,,,,,,,,,,,,,,,,,,,,,,,,,,,,,,,,,,,,,
327,2025-11-19,18:03:55.63137,19.27886,,13.7254901960784,843.75,4,4.6875,0,0,4.6875,4.8828125,89,14.22602,0,,,,0,,,,,20,,,,,,,,,,,,,,,,,,,,,,,,,,,,,,,,,,,,,,,,,,,,,,,,,,,,,,,,,,,,,,,,,,,,,,,,,,,,,,,,,,,,,,,,
328,2025-11-19,18:03:55.68837,19.33586,,13.7254901960784,843.75,5,4.6875,0,0,4.6875,5.078125,89,14.22602,0,,,,0,,,,,20,,,,,,,,,,,,,,,,,,,,,,,,,,,,,,,,,,,,,,,,,,,,,,,,,,,,,,,,,,,,,,,,,,,,,,,,,,,,,,,,,,,,,,,,
329,2025-11-19,18:03:55.74620,19.39371,,13.7254901960784,843.75,5,4.6875,0,0,4.6875,5.078125,89,14.22602,0,,,,0,,,,,20,,,,,,,,,,,,,,,,,,,,,,,,,,,,,,,,,,,,,,,,,,,,,,,,,,,,,,,,,,,,,,,,,,,,,,,,,,,,,,,,,,,,,,,,
330,2025-11-19,18:03:55.81619,19.46369,,13.7254901960784,843.75,6,4.6875,0,0,4.6875,5.2734375,89,14.22602,0,,,,0,,,,,20,,,,,,,,,,,,,,,,,,,,,,,,,,,,,,,,,,,,,,,,,,,,,,,,,,,,,,,,,,,,,,,,,,,,,,,,,,,,,,,,,,,,,,,,
331,2025-11-19,18:03:55.88118,19.52866,,13.7254901960784,843.75,4,4.6875,0,0,4.6875,5.078125,89,14.22602,0,,,,0,,,,,20,,,,,,,,,,,,,,,,,,,,,,,,,,,,,,,,,,,,,,,,,,,,,,,,,,,,,,,,,,,,,,,,,,,,,,,,,,,,,,,,,,,,,,,,
332,2025-11-19,18:03:55.95313,19.60061,,13.7254901960784,843.75,5,4.6875,0,0,4.6875,5.078125,89,14.22602,0,,,,0,,,,,20,,,,,,,,,,,,,,,,,,,,,,,,,,,,,,,,,,,,,,,,,,,,,,,,,,,,,,,,,,,,,,,,,,,,,,,,,,,,,,,,,,,,,,,,
333,2025-11-19,18:03:56.01321,19.66052,,13.7254901960784,875,4,4.6875,0,0,4.6875,4.8828125,89,14.07936,0,,,,0,,,,,20,,,,,,,,,,,,,,,,,,,,,,,,,,,,,,,,,,,,,,,,,,,,,,,,,,,,,,,,,,,,,,,,,,,,,,,,,,,,,,,,,,,,,,,,
334,2025-11-19,18:03:56.07801,19.72556,,13.7254901960784,875,3,4.6875,0,0,4.6875,4.8828125,89,14.07936,0,,,,0,,,,,20,,,,,,,,,,,,,,,,,,,,,,,,,,,,,,,,,,,,,,,,,,,,,,,,,,,,,,,,,,,,,,,,,,,,,,,,,,,,,,,,,,,,,,,,
335,2025-11-19,18:03:56.14595,19.79345,,13.7254901960784,875,4,4.6875,0,0,4.6875,4.8828125,89,14.07936,0,,,,0,,,,,20,,,,,,,,,,,,,,,,,,,,,,,,,,,,,,,,,,,,,,,,,,,,,,,,,,,,,,,,,,,,,,,,,,,,,,,,,,,,,,,,,,,,,,,,
336,2025-11-19,18:03:56.22286,19.87036,,13.7254901960784,843.75,6,4.6875,0,0,4.6875,4.6875,89,14.15269,0,,,,0,,,,,20,,,,,,,,,,,,,,,,,,,,,,,,,,,,,,,,,,,,,,,,,,,,,,,,,,,,,,,,,,,,,,,,,,,,,,,,,,,,,,,,,,,,,,,,
337,2025-11-19,18:03:56.27081,19.91925,,13.7254901960784,843.75,5,4.6875,0,0,4.6875,4.6875,89,14.15269,0,,,,0,,,,,20,,,,,,,,,,,,,,,,,,,,,,,,,,,,,,,,,,,,,,,,,,,,,,,,,,,,,,,,,,,,,,,,,,,,,,,,,,,,,,,,,,,,,,,,
338,2025-11-19,18:03:56.30770,19.95509,,13.7254901960784,843.75,4,4.6875,0,0,4.6875,4.6875,89,14.15269,0,,,,0,,,,,20,,,,,,,,,,,,,,,,,,,,,,,,,,,,,,,,,,,,,,,,,,,,,,,,,,,,,,,,,,,,,,,,,,,,,,,,,,,,,,,,,,,,,,,,
339,2025-11-19,18:03:56.34469,19.99208,,13.7254901960784,843.75,4,4.6875,0,0,4.6875,4.6875,89,14.22602,0,,,,0,,,,,20,,,,,,,,,,,,,,,,,,,,,,,,,,,,,,,,,,,,,,,,,,,,,,,,,,,,,,,,,,,,,,,,,,,,,,,,,,,,,,,,,,,,,,,,
340,2025-11-19,18:03:56.38272,20.03003,,13.7254901960784,843.75,5,4.6875,0,0,4.6875,4.4921875,89,14.07936,0,,,,0,,,,,20,,,,,,,,,,,,,,,,,,,,,,,,,,,,,,,,,,,,,,,,,,,,,,,,,,,,,,,,,,,,,,,,,,,,,,,,,,,,,,,,,,,,,,,,
341,2025-11-19,18:03:56.42490,20.07226,,13.7254901960784,843.75,5,4.6875,0,0,4.6875,4.4921875,89,14.15269,0,,,,0,,,,,20,,,,,,,,,,,,,,,,,,,,,,,,,,,,,,,,,,,,,,,,,,,,,,,,,,,,,,,,,,,,,,,,,,,,,,,,,,,,,,,,,,,,,,,,
342,2025-11-19,18:03:56.49203,20.1401,,13.7254901960784,843.75,6,4.6875,0,0,4.6875,4.4921875,89,14.22602,0,,,,0,,,,,20,,,,,,,,,,,,,,,,,,,,,,,,,,,,,,,,,,,,,,,,,,,,,,,,,,,,,,,,,,,,,,,,,,,,,,,,,,,,,,,,,,,,,,,,
343,2025-11-19,18:03:56.53445,20.18185,,13.7254901960784,843.75,6,4.6875,0,0,4.6875,4.296875,89,14.22602,0,,,,0,,,,,20,,,,,,,,,,,,,,,,,,,,,,,,,,,,,,,,,,,,,,,,,,,,,,,,,,,,,,,,,,,,,,,,,,,,,,,,,,,,,,,,,,,,,,,,
344,2025-11-19,18:03:56.57246,20.21986,,13.7254901960784,843.75,6,4.6875,0,0,4.6875,4.296875,89,14.07936,0,,,,0,,,,,20,,,,,,,,,,,,,,,,,,,,,,,,,,,,,,,,,,,,,,,,,,,,,,,,,,,,,,,,,,,,,,,,,,,,,,,,,,,,,,,,,,,,,,,,
345,2025-11-19,18:03:56.61942,20.2668,,13.7254901960784,843.75,5,4.6875,0,0,4.6875,4.296875,89,14.15269,0,,,,0,,,,,20,,,,,,,,,,,,,,,,,,,,,,,,,,,,,,,,,,,,,,,,,,,,,,,,,,,,,,,,,,,,,,,,,,,,,,,,,,,,,,,,,,,,,,,,
346,2025-11-19,18:03:56.65437,20.30176,,13.7254901960784,843.75,5,4.6875,0,0,4.6875,4.296875,89,14.22602,0,,,,0,,,,,20,,,,,,,,,,,,,,,,,,,,,,,,,,,,,,,,,,,,,,,,,,,,,,,,,,,,,,,,,,,,,,,,,,,,,,,,,,,,,,,,,,,,,,,,
347,2025-11-19,18:03:56.69322,20.34187,,13.7254901960784,843.75,5,4.6875,0,0,4.6875,4.296875,89,14.15269,0,,,,0,,,,,20,,,,,,,,,,,,,,,,,,,,,,,,,,,,,,,,,,,,,,,,,,,,,,,,,,,,,,,,,,,,,,,,,,,,,,,,,,,,,,,,,,,,,,,,
348,2025-11-19,18:03:56.76220,20.40989,,13.7254901960784,843.75,6,4.6875,0,0,4.6875,4.1015625,89,14.15269,0,,,,0,,,,,20,,,,,,,,,,,,,,,,,,,,,,,,,,,,,,,,,,,,,,,,,,,,,,,,,,,,,,,,,,,,,,,,,,,,,,,,,,,,,,,,,,,,,,,,
349,2025-11-19,18:03:56.83234,20.47987,,13.7254901960784,843.75,5,4.6875,0,0,4.6875,4.1015625,89,14.22602,0,,,,0,,,,,20,,,,,,,,,,,,,,,,,,,,,,,,,,,,,,,,,,,,,,,,,,,,,,,,,,,,,,,,,,,,,,,,,,,,,,,,,,,,,,,,,,,,,,,,
350,2025-11-19,18:03:56.91732,20.56482,,13.7254901960784,843.75,4,4.6875,0,0,4.6875,4.1015625,89,14.22602,0,,,,0,,,,,20,,,,,,,,,,,,,,,,,,,,,,,,,,,,,,,,,,,,,,,,,,,,,,,,,,,,,,,,,,,,,,,,,,,,,,,,,,,,,,,,,,,,,,,,
351,2025-11-19,18:03:56.98224,20.62971,,13.7254901960784,843.75,5,4.6875,0,0,4.6875,4.1015625,89,14.15269,0,,,,0,,,,,20,,,,,,,,,,,,,,,,,,,,,,,,,,,,,,,,,,,,,,,,,,,,,,,,,,,,,,,,,,,,,,,,,,,,,,,,,,,,,,,,,,,,,,,,
352,2025-11-19,18:03:57.02924,20.67674,,13.7254901960784,843.75,5,4.6875,0,0,4.6875,4.296875,89,14.07936,0,,,,0,,,,,20,,,,,,,,,,,,,,,,,,,,,,,,,,,,,,,,,,,,,,,,,,,,,,,,,,,,,,,,,,,,,,,,,,,,,,,,,,,,,,,,,,,,,,,,
353,2025-11-19,18:03:57.07931,20.72662,,13.7254901960784,843.75,6,4.6875,0,0,4.6875,4.296875,89,14.22602,0,,,,0,,,,,20,,,,,,,,,,,,,,,,,,,,,,,,,,,,,,,,,,,,,,,,,,,,,,,,,,,,,,,,,,,,,,,,,,,,,,,,,,,,,,,,,,,,,,,,
354,2025-11-19,18:03:57.12376,20.7715,,13.7254901960784,843.75,5,4.6875,0,0,4.6875,4.296875,89,14.22602,0,,,,0,,,,,20,,,,,,,,,,,,,,,,,,,,,,,,,,,,,,,,,,,,,,,,,,,,,,,,,,,,,,,,,,,,,,,,,,,,,,,,,,,,,,,,,,,,,,,,
355,2025-11-19,18:03:57.16614,20.81347,,13.7254901960784,843.75,5,4.6875,0,0,4.6875,4.4921875,89,14.15269,0,,,,0,,,,,20,,,,,,,,,,,,,,,,,,,,,,,,,,,,,,,,,,,,,,,,,,,,,,,,,,,,,,,,,,,,,,,,,,,,,,,,,,,,,,,,,,,,,,,,
356,2025-11-19,18:03:57.20070,20.84827,,13.7254901960784,843.75,5,4.6875,0,0,4.6875,4.4921875,89,14.15269,0,,,,0,,,,,20,,,,,,,,,,,,,,,,,,,,,,,,,,,,,,,,,,,,,,,,,,,,,,,,,,,,,,,,,,,,,,,,,,,,,,,,,,,,,,,,,,,,,,,,
357,2025-11-19,18:03:57.23894,20.88633,,13.7254901960784,843.75,5,4.6875,0,0,4.6875,4.4921875,89,14.15269,0,,,,0,,,,,20,,,,,,,,,,,,,,,,,,,,,,,,,,,,,,,,,,,,,,,,,,,,,,,,,,,,,,,,,,,,,,,,,,,,,,,,,,,,,,,,,,,,,,,,
358,2025-11-19,18:03:57.28896,20.93646,,13.7254901960784,843.75,5,4.6875,0,0,4.6875,4.6875,89,14.15269,0,,,,0,,,,,20,,,,,,,,,,,,,,,,,,,,,,,,,,,,,,,,,,,,,,,,,,,,,,,,,,,,,,,,,,,,,,,,,,,,,,,,,,,,,,,,,,,,,,,,
359,2025-11-19,18:03:57.35890,21.00632,,13.7254901960784,843.75,5,4.6875,0,0,4.6875,4.6875,89,14.07936,0,,,,0,,,,,20,,,,,,,,,,,,,,,,,,,,,,,,,,,,,,,,,,,,,,,,,,,,,,,,,,,,,,,,,,,,,,,,,,,,,,,,,,,,,,,,,,,,,,,,
360,2025-11-19,18:03:57.41578,21.06315,,13.7254901960784,843.75,4,4.6875,0,0,4.6875,4.8828125,89,14.22602,0,,,,0,,,,,20,,,,,,,,,,,,,,,,,,,,,,,,,,,,,,,,,,,,,,,,,,,,,,,,,,,,,,,,,,,,,,,,,,,,,,,,,,,,,,,,,,,,,,,,
361,2025-11-19,18:03:57.45393,21.10121,,13.7254901960784,843.75,4,4.6875,0,0,4.6875,4.8828125,89,14.07936,0,,,,0,,,,,20,,,,,,,,,,,,,,,,,,,,,,,,,,,,,,,,,,,,,,,,,,,,,,,,,,,,,,,,,,,,,,,,,,,,,,,,,,,,,,,,,,,,,,,,
362,2025-11-19,18:03:57.52372,21.17123,,13.7254901960784,843.75,4,4.6875,0,0,4.6875,4.8828125,89,14.07936,0,,,,0,,,,,20,,,,,,,,,,,,,,,,,,,,,,,,,,,,,,,,,,,,,,,,,,,,,,,,,,,,,,,,,,,,,,,,,,,,,,,,,,,,,,,,,,,,,,,,
363,2025-11-19,18:03:57.59371,21.24127,,13.7254901960784,843.75,4,4.6875,0,0,4.6875,5.078125,89,14.15269,0,,,,0,,,,,20,,,,,,,,,,,,,,,,,,,,,,,,,,,,,,,,,,,,,,,,,,,,,,,,,,,,,,,,,,,,,,,,,,,,,,,,,,,,,,,,,,,,,,,,
364,2025-11-19,18:03:57.66366,21.31116,,13.7254901960784,843.75,6,4.6875,0,0,4.6875,5.078125,89,14.22602,0,,,,0,,,,,20,,,,,,,,,,,,,,,,,,,,,,,,,,,,,,,,,,,,,,,,,,,,,,,,,,,,,,,,,,,,,,,,,,,,,,,,,,,,,,,,,,,,,,,,
365,2025-11-19,18:03:57.72864,21.37612,,13.7254901960784,843.75,5,4.6875,0,0,4.6875,5.2734375,89,14.22602,0,,,,0,,,,,20,,,,,,,,,,,,,,,,,,,,,,,,,,,,,,,,,,,,,,,,,,,,,,,,,,,,,,,,,,,,,,,,,,,,,,,,,,,,,,,,,,,,,,,,
366,2025-11-19,18:03:57.79259,21.44008,,13.7254901960784,843.75,4,4.6875,0,0,4.6875,5.2734375,89,14.22602,0,,,,0,,,,,20,,,,,,,,,,,,,,,,,,,,,,,,,,,,,,,,,,,,,,,,,,,,,,,,,,,,,,,,,,,,,,,,,,,,,,,,,,,,,,,,,,,,,,,,
367,2025-11-19,18:03:57.83560,21.48302,,13.7254901960784,843.75,5,4.6875,0,0,4.6875,5.2734375,89,14.15269,0,,,,0,,,,,20,,,,,,,,,,,,,,,,,,,,,,,,,,,,,,,,,,,,,,,,,,,,,,,,,,,,,,,,,,,,,,,,,,,,,,,,,,,,,,,,,,,,,,,,
368,2025-11-19,18:03:57.88749,21.53501,,13.7254901960784,843.75,5,4.6875,0,0,4.6875,5.078125,89,14.07936,0,,,,0,,,,,20,,,,,,,,,,,,,,,,,,,,,,,,,,,,,,,,,,,,,,,,,,,,,,,,,,,,,,,,,,,,,,,,,,,,,,,,,,,,,,,,,,,,,,,,
369,2025-11-19,18:03:57.93542,21.58289,,13.7254901960784,875,4,4.6875,0,0,4.6875,5.078125,89,14.15269,0,,,,0,,,,,20,,,,,,,,,,,,,,,,,,,,,,,,,,,,,,,,,,,,,,,,,,,,,,,,,,,,,,,,,,,,,,,,,,,,,,,,,,,,,,,,,,,,,,,,
370,2025-11-19,18:03:57.98042,21.62794,,13.7254901960784,843.75,4,4.6875,0,0,4.6875,5.078125,89,14.22602,0,,,,0,,,,,20,,,,,,,,,,,,,,,,,,,,,,,,,,,,,,,,,,,,,,,,,,,,,,,,,,,,,,,,,,,,,,,,,,,,,,,,,,,,,,,,,,,,,,,,
371,2025-11-19,18:03:58.05033,21.69781,,13.7254901960784,843.75,4,4.6875,0,0,4.6875,5.078125,89,14.15269,0,,,,0,,,,,20,,,,,,,,,,,,,,,,,,,,,,,,,,,,,,,,,,,,,,,,,,,,,,,,,,,,,,,,,,,,,,,,,,,,,,,,,,,,,,,,,,,,,,,,
372,2025-11-19,18:03:58.11665,21.76498,,13.7254901960784,843.75,5,4.6875,0,0,4.6875,4.8828125,89,14.15269,0,,,,0,,,,,20,,,,,,,,,,,,,,,,,,,,,,,,,,,,,,,,,,,,,,,,,,,,,,,,,,,,,,,,,,,,,,,,,,,,,,,,,,,,,,,,,,,,,,,,
373,2025-11-19,18:03:58.18532,21.83279,,13.7254901960784,843.75,6,4.6875,0,0,4.6875,4.8828125,89,14.15269,0,,,,0,,,,,20,,,,,,,,,,,,,,,,,,,,,,,,,,,,,,,,,,,,,,,,,,,,,,,,,,,,,,,,,,,,,,,,,,,,,,,,,,,,,,,,,,,,,,,,
374,2025-11-19,18:03:58.25074,21.89846,,13.7254901960784,875,4,4.6875,0,0,4.6875,4.6875,89,14.15269,0,,,,0,,,,,20,,,,,,,,,,,,,,,,,,,,,,,,,,,,,,,,,,,,,,,,,,,,,,,,,,,,,,,,,,,,,,,,,,,,,,,,,,,,,,,,,,,,,,,,
375,2025-11-19,18:03:58.31505,21.96244,,13.7254901960784,843.75,4,4.6875,0,0,4.6875,4.6875,89,14.15269,0,,,,0,,,,,20,,,,,,,,,,,,,,,,,,,,,,,,,,,,,,,,,,,,,,,,,,,,,,,,,,,,,,,,,,,,,,,,,,,,,,,,,,,,,,,,,,,,,,,,
376,2025-11-19,18:03:58.37701,22.0244,,13.7254901960784,843.75,6,4.6875,0,0,4.6875,4.6875,89,14.15269,0,,,,0,,,,,20,,,,,,,,,,,,,,,,,,,,,,,,,,,,,,,,,,,,,,,,,,,,,,,,,,,,,,,,,,,,,,,,,,,,,,,,,,,,,,,,,,,,,,,,
377,2025-11-19,18:03:58.48707,22.13456,,13.7254901960784,843.75,6,4.6875,0,0,4.6875,4.4921875,89,14.22602,0,,,,0,,,,,20,,,,,,,,,,,,,,,,,,,,,,,,,,,,,,,,,,,,,,,,,,,,,,,,,,,,,,,,,,,,,,,,,,,,,,,,,,,,,,,,,,,,,,,,
378,2025-11-19,18:03:58.53396,22.18148,,13.7254901960784,843.75,5,4.6875,0,0,4.6875,4.4921875,89,14.15269,0,,,,0,,,,,20,,,,,,,,,,,,,,,,,,,,,,,,,,,,,,,,,,,,,,,,,,,,,,,,,,,,,,,,,,,,,,,,,,,,,,,,,,,,,,,,,,,,,,,,
379,2025-11-19,18:03:58.57402,22.22147,,13.7254901960784,875,4,4.6875,0,0,4.6875,4.296875,89,14.22602,0,,,,0,,,,,20,,,,,,,,,,,,,,,,,,,,,,,,,,,,,,,,,,,,,,,,,,,,,,,,,,,,,,,,,,,,,,,,,,,,,,,,,,,,,,,,,,,,,,,,
380,2025-11-19,18:03:58.61894,22.26643,,13.7254901960784,843.75,4,4.6875,0,0,4.6875,4.296875,89,14.15269,0,,,,0,,,,,20,,,,,,,,,,,,,,,,,,,,,,,,,,,,,,,,,,,,,,,,,,,,,,,,,,,,,,,,,,,,,,,,,,,,,,,,,,,,,,,,,,,,,,,,
381,2025-11-19,18:03:58.68186,22.32934,,13.7254901960784,843.75,5,4.6875,0,0,4.6875,4.296875,89,14.22602,0,,,,0,,,,,20,,,,,,,,,,,,,,,,,,,,,,,,,,,,,,,,,,,,,,,,,,,,,,,,,,,,,,,,,,,,,,,,,,,,,,,,,,,,,,,,,,,,,,,,
382,2025-11-19,18:03:58.74381,22.3913,,13.7254901960784,843.75,6,4.6875,0,0,4.6875,4.296875,89,14.22602,0,,,,0,,,,,20,,,,,,,,,,,,,,,,,,,,,,,,,,,,,,,,,,,,,,,,,,,,,,,,,,,,,,,,,,,,,,,,,,,,,,,,,,,,,,,,,,,,,,,,
383,2025-11-19,18:03:58.81177,22.45921,,13.7254901960784,875,4,4.6875,0,0,4.6875,4.296875,89,14.22602,0,,,,0,,,,,20,,,,,,,,,,,,,,,,,,,,,,,,,,,,,,,,,,,,,,,,,,,,,,,,,,,,,,,,,,,,,,,,,,,,,,,,,,,,,,,,,,,,,,,,
384,2025-11-19,18:03:58.88169,22.52917,,13.7254901960784,875,3,4.6875,0,0,4.6875,4.4921875,89,14.22602,0,,,,0,,,,,20,,,,,,,,,,,,,,,,,,,,,,,,,,,,,,,,,,,,,,,,,,,,,,,,,,,,,,,,,,,,,,,,,,,,,,,,,,,,,,,,,,,,,,,,
385,2025-11-19,18:03:59.01196,22.65949,,13.7254901960784,875,4,4.6875,0,0,4.6875,4.6875,89,14.15269,0,,,,0,,,,,20,,,,,,,,,,,,,,,,,,,,,,,,,,,,,,,,,,,,,,,,,,,,,,,,,,,,,,,,,,,,,,,,,,,,,,,,,,,,,,,,,,,,,,,,
386,2025-11-19,18:03:59.07857,22.72599,,13.7254901960784,875,4,4.6875,0,0,4.6875,4.8828125,89,14.15269,0,,,,0,,,,,20,,,,,,,,,,,,,,,,,,,,,,,,,,,,,,,,,,,,,,,,,,,,,,,,,,,,,,,,,,,,,,,,,,,,,,,,,,,,,,,,,,,,,,,,
387,2025-11-19,18:03:59.14653,22.794,,13.7254901960784,875,4,4.6875,0,0,4.6875,4.8828125,89,14.15269,0,,,,0,,,,,20,,,,,,,,,,,,,,,,,,,,,,,,,,,,,,,,,,,,,,,,,,,,,,,,,,,,,,,,,,,,,,,,,,,,,,,,,,,,,,,,,,,,,,,,
388,2025-11-19,18:03:59.20356,22.85096,,13.7254901960784,875,4,4.6875,0,0,4.6875,5.078125,89,14.07936,0,,,,0,,,,,20,,,,,,,,,,,,,,,,,,,,,,,,,,,,,,,,,,,,,,,,,,,,,,,,,,,,,,,,,,,,,,,,,,,,,,,,,,,,,,,,,,,,,,,,
389,2025-11-19,18:03:59.25286,22.90088,,13.7254901960784,875,4,4.6875,0,0,4.6875,5.078125,89,14.15269,0,,,,0,,,,,20,,,,,,,,,,,,,,,,,,,,,,,,,,,,,,,,,,,,,,,,,,,,,,,,,,,,,,,,,,,,,,,,,,,,,,,,,,,,,,,,,,,,,,,,
390,2025-11-19,18:03:59.30030,22.94768,,13.7254901960784,875,4,4.6875,0,0,4.6875,5.078125,89,14.22602,0,,,,0,,,,,20,,,,,,,,,,,,,,,,,,,,,,,,,,,,,,,,,,,,,,,,,,,,,,,,,,,,,,,,,,,,,,,,,,,,,,,,,,,,,,,,,,,,,,,,
391,2025-11-19,18:03:59.33974,22.98768,,13.7254901960784,875,4,4.6875,0,0,4.6875,5.2734375,89,14.22602,0,,,,0,,,,,20,,,,,,,,,,,,,,,,,,,,,,,,,,,,,,,,,,,,,,,,,,,,,,,,,,,,,,,,,,,,,,,,,,,,,,,,,,,,,,,,,,,,,,,,
392,2025-11-19,18:03:59.38033,23.02778,,13.7254901960784,875,4,4.6875,0,0,4.6875,5.2734375,89,14.15269,0,,,,0,,,,,20,,,,,,,,,,,,,,,,,,,,,,,,,,,,,,,,,,,,,,,,,,,,,,,,,,,,,,,,,,,,,,,,,,,,,,,,,,,,,,,,,,,,,,,,
393,2025-11-19,18:03:59.42315,23.07056,,13.7254901960784,875,4,4.6875,0,0,4.6875,5.2734375,89,14.15269,0,,,,0,,,,,20,,,,,,,,,,,,,,,,,,,,,,,,,,,,,,,,,,,,,,,,,,,,,,,,,,,,,,,,,,,,,,,,,,,,,,,,,,,,,,,,,,,,,,,,
394,2025-11-19,18:03:59.46512,23.11254,,13.7254901960784,875,3,4.6875,0,0,4.6875,5.46875,89,14.22602,0,,,,0,,,,,20,,,,,,,,,,,,,,,,,,,,,,,,,,,,,,,,,,,,,,,,,,,,,,,,,,,,,,,,,,,,,,,,,,,,,,,,,,,,,,,,,,,,,,,,
395,2025-11-19,18:03:59.50414,23.1517,,13.7254901960784,875,4,4.6875,0,0,4.6875,5.46875,89,14.15269,0,,,,0,,,,,20,,,,,,,,,,,,,,,,,,,,,,,,,,,,,,,,,,,,,,,,,,,,,,,,,,,,,,,,,,,,,,,,,,,,,,,,,,,,,,,,,,,,,,,,
396,2025-11-19,18:03:59.54403,23.19247,,13.7254901960784,875,5,4.6875,0,0,4.6875,5.46875,89,14.15269,0,,,,0,,,,,20,,,,,,,,,,,,,,,,,,,,,,,,,,,,,,,,,,,,,,,,,,,,,,,,,,,,,,,,,,,,,,,,,,,,,,,,,,,,,,,,,,,,,,,,
397,2025-11-19,18:03:59.58910,23.23741,,13.7254901960784,875,4,4.6875,0,0,4.6875,5.6640625,89,14.15269,0,,,,0,,,,,20,,,,,,,,,,,,,,,,,,,,,,,,,,,,,,,,,,,,,,,,,,,,,,,,,,,,,,,,,,,,,,,,,,,,,,,,,,,,,,,,,,,,,,,,
398,2025-11-19,18:03:59.64503,23.29247,,13.7254901960784,875,4,4.6875,0,0,4.6875,5.6640625,89,14.22602,0,,,,0,,,,,20,,,,,,,,,,,,,,,,,,,,,,,,,,,,,,,,,,,,,,,,,,,,,,,,,,,,,,,,,,,,,,,,,,,,,,,,,,,,,,,,,,,,,,,,
399,2025-11-19,18:03:59.71001,23.35752,,13.7254901960784,875,5,4.6875,0,0,4.6875,5.6640625,89,14.29935,0,,,,0,,,,,20,,,,,,,,,,,,,,,,,,,,,,,,,,,,,,,,,,,,,,,,,,,,,,,,,,,,,,,,,,,,,,,,,,,,,,,,,,,,,,,,,,,,,,,,
400,2025-11-19,18:03:59.77796,23.42551,,13.7254901960784,875,6,4.6875,0,0,4.6875,5.859375,89,14.22602,0,,,,0,,,,,20,,,,,,,,,,,,,,,,,,,,,,,,,,,,,,,,,,,,,,,,,,,,,,,,,,,,,,,,,,,,,,,,,,,,,,,,,,,,,,,,,,,,,,,,
401,2025-11-19,18:03:59.84811,23.49543,,13.7254901960784,875,5,4.6875,0,0,4.6875,5.859375,89,14.22602,0,,,,0,,,,,20,,,,,,,,,,,,,,,,,,,,,,,,,,,,,,,,,,,,,,,,,,,,,,,,,,,,,,,,,,,,,,,,,,,,,,,,,,,,,,,,,,,,,,,,
402,2025-11-19,18:03:59.91784,23.56533,,13.7254901960784,875,4,4.6875,0,0,4.6875,6.0546875,89,14.15269,0,,,,0,,,,,20,,,,,,,,,,,,,,,,,,,,,,,,,,,,,,,,,,,,,,,,,,,,,,,,,,,,,,,,,,,,,,,,,,,,,,,,,,,,,,,,,,,,,,,,
403,2025-11-19,18:03:59.96582,23.61434,,13.7254901960784,875,4,4.6875,0,0,4.6875,6.25,89,14.15269,0,,,,0,,,,,20,,,,,,,,,,,,,,,,,,,,,,,,,,,,,,,,,,,,,,,,,,,,,,,,,,,,,,,,,,,,,,,,,,,,,,,,,,,,,,,,,,,,,,,,
404,2025-11-19,18:04:00.01174,23.65928,,13.7254901960784,875,5,4.6875,0,0,4.6875,6.25,89,14.22602,0,,,,0,,,,,20,,,,,,,,,,,,,,,,,,,,,,,,,,,,,,,,,,,,,,,,,,,,,,,,,,,,,,,,,,,,,,,,,,,,,,,,,,,,,,,,,,,,,,,,
405,2025-11-19,18:04:00.05687,23.70423,,13.7254901960784,875,5,4.6875,0,0,4.6875,6.25,89,14.22602,0,,,,0,,,,,20,,,,,,,,,,,,,,,,,,,,,,,,,,,,,,,,,,,,,,,,,,,,,,,,,,,,,,,,,,,,,,,,,,,,,,,,,,,,,,,,,,,,,,,,
406,2025-11-19,18:04:00.11765,23.76526,,13.7254901960784,875,5,4.6875,0,0,4.6875,6.4453125,89,14.15269,0,,,,0,,,,,20,,,,,,,,,,,,,,,,,,,,,,,,,,,,,,,,,,,,,,,,,,,,,,,,,,,,,,,,,,,,,,,,,,,,,,,,,,,,,,,,,,,,,,,,
407,2025-11-19,18:04:00.17190,23.81923,,13.7254901960784,875,5,4.6875,0,0,4.6875,6.4453125,89,14.15269,0,,,,0,,,,,20,,,,,,,,,,,,,,,,,,,,,,,,,,,,,,,,,,,,,,,,,,,,,,,,,,,,,,,,,,,,,,,,,,,,,,,,,,,,,,,,,,,,,,,,
408,2025-11-19,18:04:00.23559,23.88405,,13.7254901960784,875,4,4.6875,0,0,4.6875,6.4453125,89,14.22602,0,,,,0,,,,,20,,,,,,,,,,,,,,,,,,,,,,,,,,,,,,,,,,,,,,,,,,,,,,,,,,,,,,,,,,,,,,,,,,,,,,,,,,,,,,,,,,,,,,,,
409,2025-11-19,18:04:00.30170,23.94902,,13.7254901960784,875,5,4.6875,0,0,4.6875,6.640625,89,14.22602,0,,,,0,,,,,20,,,,,,,,,,,,,,,,,,,,,,,,,,,,,,,,,,,,,,,,,,,,,,,,,,,,,,,,,,,,,,,,,,,,,,,,,,,,,,,,,,,,,,,,
410,2025-11-19,18:04:00.36142,24.00892,,13.7254901960784,875,5,4.6875,0,0,4.6875,6.640625,89,14.22602,0,,,,0,,,,,20,,,,,,,,,,,,,,,,,,,,,,,,,,,,,,,,,,,,,,,,,,,,,,,,,,,,,,,,,,,,,,,,,,,,,,,,,,,,,,,,,,,,,,,,
411,2025-11-19,18:04:00.42637,24.07385,,13.7254901960784,875,5,4.6875,0,0,4.6875,6.8359375,89,14.22602,0,,,,0,,,,,20,,,,,,,,,,,,,,,,,,,,,,,,,,,,,,,,,,,,,,,,,,,,,,,,,,,,,,,,,,,,,,,,,,,,,,,,,,,,,,,,,,,,,,,,
412,2025-11-19,18:04:00.49437,24.14187,,13.7254901960784,875,4,4.6875,0,0,4.6875,7.03125,89,14.22602,0,,,,0,,,,,20,,,,,,,,,,,,,,,,,,,,,,,,,,,,,,,,,,,,,,,,,,,,,,,,,,,,,,,,,,,,,,,,,,,,,,,,,,,,,,,,,,,,,,,,
413,2025-11-19,18:04:00.56130,24.20882,,13.7254901960784,875,5,4.6875,0,0,4.6875,6.8359375,89,14.22602,0,,,,0,,,,,20,,,,,,,,,,,,,,,,,,,,,,,,,,,,,,,,,,,,,,,,,,,,,,,,,,,,,,,,,,,,,,,,,,,,,,,,,,,,,,,,,,,,,,,,
414,2025-11-19,18:04:00.61627,24.26384,,13.7254901960784,875,4,4.6875,0,0,4.6875,6.8359375,89,14.22602,0,,,,0,,,,,20,,,,,,,,,,,,,,,,,,,,,,,,,,,,,,,,,,,,,,,,,,,,,,,,,,,,,,,,,,,,,,,,,,,,,,,,,,,,,,,,,,,,,,,,
415,2025-11-19,18:04:00.67215,24.32078,,13.7254901960784,875,4,4.6875,0,0,4.6875,6.640625,89,14.22602,0,,,,0,,,,,20,,,,,,,,,,,,,,,,,,,,,,,,,,,,,,,,,,,,,,,,,,,,,,,,,,,,,,,,,,,,,,,,,,,,,,,,,,,,,,,,,,,,,,,,
416,2025-11-19,18:04:00.71618,24.36366,,13.7254901960784,875,4,4.6875,0,0,4.6875,6.640625,89,14.22602,0,,,,0,,,,,20,,,,,,,,,,,,,,,,,,,,,,,,,,,,,,,,,,,,,,,,,,,,,,,,,,,,,,,,,,,,,,,,,,,,,,,,,,,,,,,,,,,,,,,,
417,2025-11-19,18:04:00.76120,24.40868,,13.7254901960784,875,5,4.6875,0,0,4.6875,6.640625,89,14.15269,0,,,,0,,,,,20,,,,,,,,,,,,,,,,,,,,,,,,,,,,,,,,,,,,,,,,,,,,,,,,,,,,,,,,,,,,,,,,,,,,,,,,,,,,,,,,,,,,,,,,
418,2025-11-19,18:04:00.80597,24.45356,,13.7254901960784,875,7,4.6875,0,0,4.6875,6.640625,89,14.15269,0,,,,0,,,,,20,,,,,,,,,,,,,,,,,,,,,,,,,,,,,,,,,,,,,,,,,,,,,,,,,,,,,,,,,,,,,,,,,,,,,,,,,,,,,,,,,,,,,,,,
419,2025-11-19,18:04:00.85107,24.49858,,13.7254901960784,875,7,4.6875,0,0,4.6875,6.4453125,89,14.15269,0,,,,0,,,,,20,,,,,,,,,,,,,,,,,,,,,,,,,,,,,,,,,,,,,,,,,,,,,,,,,,,,,,,,,,,,,,,,,,,,,,,,,,,,,,,,,,,,,,,,
420,2025-11-19,18:04:00.90608,24.55357,,13.7254901960784,875,6,4.6875,0,0,4.6875,6.4453125,89,14.22602,0,,,,0,,,,,20,,,,,,,,,,,,,,,,,,,,,,,,,,,,,,,,,,,,,,,,,,,,,,,,,,,,,,,,,,,,,,,,,,,,,,,,,,,,,,,,,,,,,,,,
421,2025-11-19,18:04:00.97290,24.62034,,13.7254901960784,875,5,4.6875,0,0,4.6875,6.4453125,89,14.22602,0,,,,0,,,,,20,,,,,,,,,,,,,,,,,,,,,,,,,,,,,,,,,,,,,,,,,,,,,,,,,,,,,,,,,,,,,,,,,,,,,,,,,,,,,,,,,,,,,,,,
422,2025-11-19,18:04:01.01593,24.66339,,13.7254901960784,875,4,4.6875,0,0,4.6875,6.25,89,14.22602,0,,,,0,,,,,20,,,,,,,,,,,,,,,,,,,,,,,,,,,,,,,,,,,,,,,,,,,,,,,,,,,,,,,,,,,,,,,,,,,,,,,,,,,,,,,,,,,,,,,,
423,2025-11-19,18:04:01.08189,24.73032,,13.7254901960784,875,5,4.6875,0,0,4.6875,6.25,89,14.22602,0,,,,0,,,,,20,,,,,,,,,,,,,,,,,,,,,,,,,,,,,,,,,,,,,,,,,,,,,,,,,,,,,,,,,,,,,,,,,,,,,,,,,,,,,,,,,,,,,,,,
424,2025-11-19,18:04:01.15087,24.79837,,13.7254901960784,875,6,4.6875,0,0,4.6875,6.25,89,14.22602,0,,,,0,,,,,20,,,,,,,,,,,,,,,,,,,,,,,,,,,,,,,,,,,,,,,,,,,,,,,,,,,,,,,,,,,,,,,,,,,,,,,,,,,,,,,,,,,,,,,,
425,2025-11-19,18:04:01.21875,24.86723,,13.7254901960784,875,6,4.6875,0,0,4.6875,6.0546875,89,14.22602,0,,,,0,,,,,20,,,,,,,,,,,,,,,,,,,,,,,,,,,,,,,,,,,,,,,,,,,,,,,,,,,,,,,,,,,,,,,,,,,,,,,,,,,,,,,,,,,,,,,,
426,2025-11-19,18:04:01.28567,24.93319,,13.7254901960784,875,4,4.6875,0,0,4.6875,6.0546875,89,14.22602,0,,,,0,,,,,20,,,,,,,,,,,,,,,,,,,,,,,,,,,,,,,,,,,,,,,,,,,,,,,,,,,,,,,,,,,,,,,,,,,,,,,,,,,,,,,,,,,,,,,,
427,2025-11-19,18:04:01.35591,25.00322,,13.7254901960784,875,5,4.6875,0,0,4.6875,5.859375,89,14.15269,0,,,,0,,,,,20,,,,,,,,,,,,,,,,,,,,,,,,,,,,,,,,,,,,,,,,,,,,,,,,,,,,,,,,,,,,,,,,,,,,,,,,,,,,,,,,,,,,,,,,
428,2025-11-19,18:04:01.40219,25.05011,,13.7254901960784,875,6,4.6875,0,0,4.6875,5.859375,89,14.07936,0,,,,0,,,,,20,,,,,,,,,,,,,,,,,,,,,,,,,,,,,,,,,,,,,,,,,,,,,,,,,,,,,,,,,,,,,,,,,,,,,,,,,,,,,,,,,,,,,,,,
429,2025-11-19,18:04:01.44900,25.09713,,13.7254901960784,875,6,4.6875,0,0,4.6875,5.859375,89,14.22602,0,,,,0,,,,,20,,,,,,,,,,,,,,,,,,,,,,,,,,,,,,,,,,,,,,,,,,,,,,,,,,,,,,,,,,,,,,,,,,,,,,,,,,,,,,,,,,,,,,,,
430,2025-11-19,18:04:01.49580,25.14377,,13.7254901960784,875,4,4.6875,0,0,4.6875,5.859375,89,14.22602,0,,,,0,,,,,20,,,,,,,,,,,,,,,,,,,,,,,,,,,,,,,,,,,,,,,,,,,,,,,,,,,,,,,,,,,,,,,,,,,,,,,,,,,,,,,,,,,,,,,,
431,2025-11-19,18:04:01.53170,25.17977,,13.7254901960784,875,4,4.6875,0,0,4.6875,5.6640625,89,14.15269,0,,,,0,,,,,20,,,,,,,,,,,,,,,,,,,,,,,,,,,,,,,,,,,,,,,,,,,,,,,,,,,,,,,,,,,,,,,,,,,,,,,,,,,,,,,,,,,,,,,,
432,2025-11-19,18:04:01.56853,25.21674,,13.7254901960784,875,4,4.6875,0,0,4.6875,5.6640625,89,14.22602,0,,,,0,,,,,20,,,,,,,,,,,,,,,,,,,,,,,,,,,,,,,,,,,,,,,,,,,,,,,,,,,,,,,,,,,,,,,,,,,,,,,,,,,,,,,,,,,,,,,,
433,2025-11-19,18:04:01.60450,25.25181,,13.7254901960784,875,4,4.6875,0,0,4.6875,5.6640625,89,14.15269,0,,,,0,,,,,20,,,,,,,,,,,,,,,,,,,,,,,,,,,,,,,,,,,,,,,,,,,,,,,,,,,,,,,,,,,,,,,,,,,,,,,,,,,,,,,,,,,,,,,,
434,2025-11-19,18:04:01.64011,25.28766,,13.7254901960784,875,4,4.6875,0,0,4.6875,5.6640625,89,14.15269,0,,,,0,,,,,20,,,,,,,,,,,,,,,,,,,,,,,,,,,,,,,,,,,,,,,,,,,,,,,,,,,,,,,,,,,,,,,,,,,,,,,,,,,,,,,,,,,,,,,,
435,2025-11-19,18:04:01.68231,25.32971,,13.7254901960784,875,5,4.6875,0,0,4.6875,5.46875,89,14.22602,0,,,,0,,,,,20,,,,,,,,,,,,,,,,,,,,,,,,,,,,,,,,,,,,,,,,,,,,,,,,,,,,,,,,,,,,,,,,,,,,,,,,,,,,,,,,,,,,,,,,
436,2025-11-19,18:04:01.74238,25.38988,,13.7254901960784,875,5,4.6875,0,0,4.6875,5.46875,89,14.22602,0,,,,0,,,,,20,,,,,,,,,,,,,,,,,,,,,,,,,,,,,,,,,,,,,,,,,,,,,,,,,,,,,,,,,,,,,,,,,,,,,,,,,,,,,,,,,,,,,,,,
437,2025-11-19,18:04:01.80930,25.45679,,13.7254901960784,875,6,4.6875,0,0,4.6875,5.46875,89,14.22602,0,,,,0,,,,,20,,,,,,,,,,,,,,,,,,,,,,,,,,,,,,,,,,,,,,,,,,,,,,,,,,,,,,,,,,,,,,,,,,,,,,,,,,,,,,,,,,,,,,,,
438,2025-11-19,18:04:01.87741,25.5254,,13.7254901960784,875,5,4.6875,0,0,4.6875,5.2734375,89,14.22602,0,,,,0,,,,,20,,,,,,,,,,,,,,,,,,,,,,,,,,,,,,,,,,,,,,,,,,,,,,,,,,,,,,,,,,,,,,,,,,,,,,,,,,,,,,,,,,,,,,,,
439,2025-11-19,18:04:01.95185,25.5992,,13.7254901960784,875,5,4.6875,0,0,4.6875,5.2734375,89,14.15269,0,,,,0,,,,,20,,,,,,,,,,,,,,,,,,,,,,,,,,,,,,,,,,,,,,,,,,,,,,,,,,,,,,,,,,,,,,,,,,,,,,,,,,,,,,,,,,,,,,,,
440,2025-11-19,18:04:02.03912,25.68659,,13.7254901960784,843.75,6,4.6875,0,0,4.6875,5.078125,89,14.15269,0,,,,0,,,,,20,,,,,,,,,,,,,,,,,,,,,,,,,,,,,,,,,,,,,,,,,,,,,,,,,,,,,,,,,,,,,,,,,,,,,,,,,,,,,,,,,,,,,,,,
441,2025-11-19,18:04:02.13233,25.78022,,13.7254901960784,875,5,4.6875,0,0,4.6875,5.078125,89,14.15269,0,,,,0,,,,,20,,,,,,,,,,,,,,,,,,,,,,,,,,,,,,,,,,,,,,,,,,,,,,,,,,,,,,,,,,,,,,,,,,,,,,,,,,,,,,,,,,,,,,,,
442,2025-11-19,18:04:02.17606,25.82355,,13.7254901960784,875,5,4.6875,0,0,4.6875,5.078125,89,14.22602,0,,,,0,,,,,20,,,,,,,,,,,,,,,,,,,,,,,,,,,,,,,,,,,,,,,,,,,,,,,,,,,,,,,,,,,,,,,,,,,,,,,,,,,,,,,,,,,,,,,,
443,2025-11-19,18:04:02.21900,25.86664,,13.7254901960784,875,5,4.6875,0,0,4.6875,4.8828125,89,14.22602,0,,,,0,,,,,20,,,,,,,,,,,,,,,,,,,,,,,,,,,,,,,,,,,,,,,,,,,,,,,,,,,,,,,,,,,,,,,,,,,,,,,,,,,,,,,,,,,,,,,,
444,2025-11-19,18:04:02.26395,25.91145,,13.7254901960784,875,5,4.6875,0,0,4.6875,4.8828125,89,14.15269,0,,,,0,,,,,20,,,,,,,,,,,,,,,,,,,,,,,,,,,,,,,,,,,,,,,,,,,,,,,,,,,,,,,,,,,,,,,,,,,,,,,,,,,,,,,,,,,,,,,,
445,2025-11-19,18:04:02.32202,25.97047,,13.7254901960784,875,6,4.6875,0,0,4.6875,4.8828125,89,14.22602,0,,,,0,,,,,20,,,,,,,,,,,,,,,,,,,,,,,,,,,,,,,,,,,,,,,,,,,,,,,,,,,,,,,,,,,,,,,,,,,,,,,,,,,,,,,,,,,,,,,,
446,2025-11-19,18:04:02.37580,26.02329,,13.7254901960784,875,5,4.6875,0,0,4.6875,4.8828125,89,14.15269,0,,,,0,,,,,20,,,,,,,,,,,,,,,,,,,,,,,,,,,,,,,,,,,,,,,,,,,,,,,,,,,,,,,,,,,,,,,,,,,,,,,,,,,,,,,,,,,,,,,,
447,2025-11-19,18:04:02.43573,26.0834,,13.7254901960784,875,4,4.6875,0,0,4.6875,4.6875,89,14.15269,0,,,,0,,,,,20,,,,,,,,,,,,,,,,,,,,,,,,,,,,,,,,,,,,,,,,,,,,,,,,,,,,,,,,,,,,,,,,,,,,,,,,,,,,,,,,,,,,,,,,
448,2025-11-19,18:04:02.50033,26.14829,,13.7254901960784,875,4,4.6875,0,0,4.6875,4.8828125,89,14.22602,0,,,,0,,,,,20,,,,,,,,,,,,,,,,,,,,,,,,,,,,,,,,,,,,,,,,,,,,,,,,,,,,,,,,,,,,,,,,,,,,,,,,,,,,,,,,,,,,,,,,
449,2025-11-19,18:04:02.58273,26.2312,,13.7254901960784,875,4,4.6875,0,0,4.6875,4.8828125,89,14.22602,0,,,,0,,,,,20,,,,,,,,,,,,,,,,,,,,,,,,,,,,,,,,,,,,,,,,,,,,,,,,,,,,,,,,,,,,,,,,,,,,,,,,,,,,,,,,,,,,,,,,
450,2025-11-19,18:04:02.65292,26.30034,,13.7254901960784,875,5,4.6875,0,0,4.6875,5.078125,89,14.22602,0,,,,0,,,,,20,,,,,,,,,,,,,,,,,,,,,,,,,,,,,,,,,,,,,,,,,,,,,,,,,,,,,,,,,,,,,,,,,,,,,,,,,,,,,,,,,,,,,,,,
451,2025-11-19,18:04:02.73452,26.38299,,13.7254901960784,843.75,6,4.6875,0,0,4.6875,5.078125,89,14.07936,0,,,,0,,,,,20,,,,,,,,,,,,,,,,,,,,,,,,,,,,,,,,,,,,,,,,,,,,,,,,,,,,,,,,,,,,,,,,,,,,,,,,,,,,,,,,,,,,,,,,
452,2025-11-19,18:04:02.80553,26.45306,,13.7254901960784,875,6,4.6875,0,0,4.6875,5.2734375,89,14.07936,0,,,,0,,,,,20,,,,,,,,,,,,,,,,,,,,,,,,,,,,,,,,,,,,,,,,,,,,,,,,,,,,,,,,,,,,,,,,,,,,,,,,,,,,,,,,,,,,,,,,
453,2025-11-19,18:04:02.87561,26.52293,,13.7254901960784,875,5,4.6875,0,0,4.6875,5.2734375,89,14.15269,0,,,,0,,,,,20,,,,,,,,,,,,,,,,,,,,,,,,,,,,,,,,,,,,,,,,,,,,,,,,,,,,,,,,,,,,,,,,,,,,,,,,,,,,,,,,,,,,,,,,
454,2025-11-19,18:04:02.92430,26.57251,,13.7254901960784,843.75,6,4.6875,0,0,4.6875,5.2734375,89,14.22602,0,,,,0,,,,,20,,,,,,,,,,,,,,,,,,,,,,,,,,,,,,,,,,,,,,,,,,,,,,,,,,,,,,,,,,,,,,,,,,,,,,,,,,,,,,,,,,,,,,,,
455,2025-11-19,18:04:02.96733,26.61481,,13.7254901960784,843.75,6,4.6875,0,0,4.6875,5.2734375,89,14.15269,0,,,,0,,,,,20,,,,,,,,,,,,,,,,,,,,,,,,,,,,,,,,,,,,,,,,,,,,,,,,,,,,,,,,,,,,,,,,,,,,,,,,,,,,,,,,,,,,,,,,
456,2025-11-19,18:04:03.01206,26.65986,,13.7254901960784,875,6,4.6875,0,0,4.6875,5.46875,89,14.22602,0,,,,0,,,,,20,,,,,,,,,,,,,,,,,,,,,,,,,,,,,,,,,,,,,,,,,,,,,,,,,,,,,,,,,,,,,,,,,,,,,,,,,,,,,,,,,,,,,,,,
457,2025-11-19,18:04:03.09026,26.73773,,13.7254901960784,875,4,4.6875,0,0,4.6875,5.46875,89,14.15269,0,,,,0,,,,,20,,,,,,,,,,,,,,,,,,,,,,,,,,,,,,,,,,,,,,,,,,,,,,,,,,,,,,,,,,,,,,,,,,,,,,,,,,,,,,,,,,,,,,,,
458,2025-11-19,18:04:03.14517,26.79268,,13.7254901960784,875,4,4.6875,0,0,4.6875,5.46875,89,14.15269,0,,,,0,,,,,20,,,,,,,,,,,,,,,,,,,,,,,,,,,,,,,,,,,,,,,,,,,,,,,,,,,,,,,,,,,,,,,,,,,,,,,,,,,,,,,,,,,,,,,,
459,2025-11-19,18:04:03.21713,26.86509,,13.7254901960784,843.75,5,4.6875,0,0,4.6875,5.46875,89,14.07936,0,,,,0,,,,,20,,,,,,,,,,,,,,,,,,,,,,,,,,,,,,,,,,,,,,,,,,,,,,,,,,,,,,,,,,,,,,,,,,,,,,,,,,,,,,,,,,,,,,,,
460,2025-11-19,18:04:03.28546,26.93279,,13.7254901960784,843.75,6,4.6875,0,0,4.6875,5.2734375,89,14.15269,0,,,,0,,,,,20,,,,,,,,,,,,,,,,,,,,,,,,,,,,,,,,,,,,,,,,,,,,,,,,,,,,,,,,,,,,,,,,,,,,,,,,,,,,,,,,,,,,,,,,
461,2025-11-19,18:04:03.35704,27.00457,,13.7254901960784,875,5,4.6875,0,0,4.6875,5.2734375,89,14.22602,0,,,,0,,,,,20,,,,,,,,,,,,,,,,,,,,,,,,,,,,,,,,,,,,,,,,,,,,,,,,,,,,,,,,,,,,,,,,,,,,,,,,,,,,,,,,,,,,,,,,
462,2025-11-19,18:04:03.42498,27.07257,,13.7254901960784,875,5,4.6875,0,0,4.6875,5.2734375,89,14.22602,0,,,,0,,,,,20,,,,,,,,,,,,,,,,,,,,,,,,,,,,,,,,,,,,,,,,,,,,,,,,,,,,,,,,,,,,,,,,,,,,,,,,,,,,,,,,,,,,,,,,
463,2025-11-19,18:04:03.49493,27.14294,,13.7254901960784,875,5,4.6875,0,0,4.6875,5.078125,89,14.15269,0,,,,0,,,,,20,,,,,,,,,,,,,,,,,,,,,,,,,,,,,,,,,,,,,,,,,,,,,,,,,,,,,,,,,,,,,,,,,,,,,,,,,,,,,,,,,,,,,,,,
464,2025-11-19,18:04:03.55687,27.20425,,13.7254901960784,843.75,5,4.6875,0,0,4.6875,5.078125,89,14.22602,0,,,,0,,,,,20,,,,,,,,,,,,,,,,,,,,,,,,,,,,,,,,,,,,,,,,,,,,,,,,,,,,,,,,,,,,,,,,,,,,,,,,,,,,,,,,,,,,,,,,
465,2025-11-19,18:04:03.60197,27.24941,,13.7254901960784,875,6,4.6875,0,0,4.6875,4.8828125,89,14.22602,0,,,,0,,,,,20,,,,,,,,,,,,,,,,,,,,,,,,,,,,,,,,,,,,,,,,,,,,,,,,,,,,,,,,,,,,,,,,,,,,,,,,,,,,,,,,,,,,,,,,
466,2025-11-19,18:04:03.65125,27.29925,,13.7254901960784,875,5,4.6875,0,0,4.6875,4.8828125,89,14.22602,0,,,,0,,,,,20,,,,,,,,,,,,,,,,,,,,,,,,,,,,,,,,,,,,,,,,,,,,,,,,,,,,,,,,,,,,,,,,,,,,,,,,,,,,,,,,,,,,,,,,
467,2025-11-19,18:04:03.72795,27.37611,,13.7254901960784,875,5,4.6875,0,0,4.6875,4.8828125,89,14.15269,0,,,,0,,,,,20,,,,,,,,,,,,,,,,,,,,,,,,,,,,,,,,,,,,,,,,,,,,,,,,,,,,,,,,,,,,,,,,,,,,,,,,,,,,,,,,,,,,,,,,
468,2025-11-19,18:04:03.76882,27.4161,,13.7254901960784,875,5,4.6875,0,0,4.6875,4.8828125,89,14.22602,0,,,,0,,,,,20,,,,,,,,,,,,,,,,,,,,,,,,,,,,,,,,,,,,,,,,,,,,,,,,,,,,,,,,,,,,,,,,,,,,,,,,,,,,,,,,,,,,,,,,
469,2025-11-19,18:04:03.81165,27.45944,,13.7254901960784,875,4,4.6875,0,0,4.6875,4.6875,89,14.07936,0,,,,0,,,,,20,,,,,,,,,,,,,,,,,,,,,,,,,,,,,,,,,,,,,,,,,,,,,,,,,,,,,,,,,,,,,,,,,,,,,,,,,,,,,,,,,,,,,,,,
470,2025-11-19,18:04:03.85086,27.49892,,13.7254901960784,875,5,4.6875,0,0,4.6875,4.6875,89,14.15269,0,,,,0,,,,,20,,,,,,,,,,,,,,,,,,,,,,,,,,,,,,,,,,,,,,,,,,,,,,,,,,,,,,,,,,,,,,,,,,,,,,,,,,,,,,,,,,,,,,,,
471,2025-11-19,18:04:03.89054,27.53892,,13.7254901960784,843.75,6,4.6875,0,0,4.6875,4.6875,89,14.22602,0,,,,0,,,,,20,,,,,,,,,,,,,,,,,,,,,,,,,,,,,,,,,,,,,,,,,,,,,,,,,,,,,,,,,,,,,,,,,,,,,,,,,,,,,,,,,,,,,,,,
472,2025-11-19,18:04:03.93347,27.58088,,13.7254901960784,843.75,6,4.6875,0,0,4.6875,4.4921875,89,14.15269,0,,,,0,,,,,20,,,,,,,,,,,,,,,,,,,,,,,,,,,,,,,,,,,,,,,,,,,,,,,,,,,,,,,,,,,,,,,,,,,,,,,,,,,,,,,,,,,,,,,,
473,2025-11-19,18:04:03.98657,27.63388,,13.7254901960784,843.75,6,4.6875,0,0,4.6875,4.4921875,89,14.15269,0,,,,0,,,,,20,,,,,,,,,,,,,,,,,,,,,,,,,,,,,,,,,,,,,,,,,,,,,,,,,,,,,,,,,,,,,,,,,,,,,,,,,,,,,,,,,,,,,,,,
474,2025-11-19,18:04:04.05281,27.70089,,13.7254901960784,875,4,4.6875,0,0,4.6875,4.4921875,89,14.07936,0,,,,0,,,,,20,,,,,,,,,,,,,,,,,,,,,,,,,,,,,,,,,,,,,,,,,,,,,,,,,,,,,,,,,,,,,,,,,,,,,,,,,,,,,,,,,,,,,,,,
475,2025-11-19,18:04:04.12139,27.76898,,13.7254901960784,875,4,4.6875,0,0,4.6875,4.296875,89,14.15269,0,,,,0,,,,,20,,,,,,,,,,,,,,,,,,,,,,,,,,,,,,,,,,,,,,,,,,,,,,,,,,,,,,,,,,,,,,,,,,,,,,,,,,,,,,,,,,,,,,,,
476,2025-11-19,18:04:04.19018,27.83809,,13.7254901960784,875,4,4.6875,0,0,4.6875,4.296875,89,14.15269,0,,,,0,,,,,20,,,,,,,,,,,,,,,,,,,,,,,,,,,,,,,,,,,,,,,,,,,,,,,,,,,,,,,,,,,,,,,,,,,,,,,,,,,,,,,,,,,,,,,,
477,2025-11-19,18:04:04.25344,27.90083,,13.7254901960784,843.75,5,4.6875,0,0,4.6875,4.296875,89,14.22602,0,,,,0,,,,,20,,,,,,,,,,,,,,,,,,,,,,,,,,,,,,,,,,,,,,,,,,,,,,,,,,,,,,,,,,,,,,,,,,,,,,,,,,,,,,,,,,,,,,,,
478,2025-11-19,18:04:04.30739,27.95574,,13.7254901960784,843.75,6,4.6875,0,0,4.6875,4.1015625,89,14.15269,0,,,,0,,,,,20,,,,,,,,,,,,,,,,,,,,,,,,,,,,,,,,,,,,,,,,,,,,,,,,,,,,,,,,,,,,,,,,,,,,,,,,,,,,,,,,,,,,,,,,
479,2025-11-19,18:04:04.35333,28.00082,,13.7254901960784,843.75,7,4.6875,0,0,4.6875,4.1015625,89,14.15269,0,,,,0,,,,,20,,,,,,,,,,,,,,,,,,,,,,,,,,,,,,,,,,,,,,,,,,,,,,,,,,,,,,,,,,,,,,,,,,,,,,,,,,,,,,,,,,,,,,,,
480,2025-11-19,18:04:04.40225,28.05015,,13.7254901960784,843.75,6,4.6875,0,0,4.6875,4.1015625,89,14.15269,0,,,,0,,,,,20,,,,,,,,,,,,,,,,,,,,,,,,,,,,,,,,,,,,,,,,,,,,,,,,,,,,,,,,,,,,,,,,,,,,,,,,,,,,,,,,,,,,,,,,
481,2025-11-19,18:04:04.46306,28.11057,,13.7254901960784,843.75,5,4.6875,0,0,4.6875,3.90625,89,14.15269,0,,,,0,,,,,20,,,,,,,,,,,,,,,,,,,,,,,,,,,,,,,,,,,,,,,,,,,,,,,,,,,,,,,,,,,,,,,,,,,,,,,,,,,,,,,,,,,,,,,,
482,2025-11-19,18:04:04.52232,28.16986,,13.7254901960784,843.75,5,4.6875,0,0,4.6875,3.90625,89,14.15269,0,,,,0,,,,,20,,,,,,,,,,,,,,,,,,,,,,,,,,,,,,,,,,,,,,,,,,,,,,,,,,,,,,,,,,,,,,,,,,,,,,,,,,,,,,,,,,,,,,,,
483,2025-11-19,18:04:04.58492,28.23256,,13.7254901960784,843.75,6,4.6875,0,0,4.6875,3.90625,89,14.15269,0,,,,0,,,,,20,,,,,,,,,,,,,,,,,,,,,,,,,,,,,,,,,,,,,,,,,,,,,,,,,,,,,,,,,,,,,,,,,,,,,,,,,,,,,,,,,,,,,,,,
484,2025-11-19,18:04:04.64902,28.29757,,13.7254901960784,843.75,6,4.6875,0,0,4.6875,3.7109375,89,14.07936,0,,,,0,,,,,20,,,,,,,,,,,,,,,,,,,,,,,,,,,,,,,,,,,,,,,,,,,,,,,,,,,,,,,,,,,,,,,,,,,,,,,,,,,,,,,,,,,,,,,,
485,2025-11-19,18:04:04.70999,28.35748,,13.7254901960784,843.75,5,4.6875,0,0,4.6875,3.90625,89,14.15269,0,,,,0,,,,,20,,,,,,,,,,,,,,,,,,,,,,,,,,,,,,,,,,,,,,,,,,,,,,,,,,,,,,,,,,,,,,,,,,,,,,,,,,,,,,,,,,,,,,,,
486,2025-11-19,18:04:04.77499,28.42246,,13.7254901960784,843.75,6,4.6875,0,0,4.6875,3.90625,89,14.22602,0,,,,0,,,,,20,,,,,,,,,,,,,,,,,,,,,,,,,,,,,,,,,,,,,,,,,,,,,,,,,,,,,,,,,,,,,,,,,,,,,,,,,,,,,,,,,,,,,,,,
487,2025-11-19,18:04:04.86493,28.51243,,13.7254901960784,843.75,6,4.6875,0,0,4.6875,4.1015625,89,14.15269,0,,,,0,,,,,20,,,,,,,,,,,,,,,,,,,,,,,,,,,,,,,,,,,,,,,,,,,,,,,,,,,,,,,,,,,,,,,,,,,,,,,,,,,,,,,,,,,,,,,,
488,2025-11-19,18:04:04.93486,28.58237,,13.7254901960784,843.75,4,4.6875,0,0,4.6875,4.296875,89,14.15269,0,,,,0,,,,,20,,,,,,,,,,,,,,,,,,,,,,,,,,,,,,,,,,,,,,,,,,,,,,,,,,,,,,,,,,,,,,,,,,,,,,,,,,,,,,,,,,,,,,,,
489,2025-11-19,18:04:05.01554,28.66301,,13.7254901960784,843.75,4,4.6875,0,0,4.6875,4.296875,89,14.07936,0,,,,0,,,,,20,,,,,,,,,,,,,,,,,,,,,,,,,,,,,,,,,,,,,,,,,,,,,,,,,,,,,,,,,,,,,,,,,,,,,,,,,,,,,,,,,,,,,,,,
490,2025-11-19,18:04:05.09503,28.7427,,13.7254901960784,843.75,5,4.6875,0,0,4.6875,4.4921875,89,14.07936,0,,,,0,,,,,20,,,,,,,,,,,,,,,,,,,,,,,,,,,,,,,,,,,,,,,,,,,,,,,,,,,,,,,,,,,,,,,,,,,,,,,,,,,,,,,,,,,,,,,,
491,2025-11-19,18:04:05.16166,28.80916,,13.7254901960784,843.75,4,4.6875,0,0,4.6875,4.4921875,89,14.22602,0,,,,0,,,,,20,,,,,,,,,,,,,,,,,,,,,,,,,,,,,,,,,,,,,,,,,,,,,,,,,,,,,,,,,,,,,,,,,,,,,,,,,,,,,,,,,,,,,,,,
492,2025-11-19,18:04:05.22402,28.87151,,13.7254901960784,843.75,6,4.6875,0,0,4.6875,4.6875,89,14.15269,0,,,,0,,,,,20,,,,,,,,,,,,,,,,,,,,,,,,,,,,,,,,,,,,,,,,,,,,,,,,,,,,,,,,,,,,,,,,,,,,,,,,,,,,,,,,,,,,,,,,
493,2025-11-19,18:04:05.26053,28.90887,,13.7254901960784,843.75,6,4.6875,0,0,4.6875,4.6875,89,14.22602,0,,,,0,,,,,20,,,,,,,,,,,,,,,,,,,,,,,,,,,,,,,,,,,,,,,,,,,,,,,,,,,,,,,,,,,,,,,,,,,,,,,,,,,,,,,,,,,,,,,,
494,2025-11-19,18:04:05.31955,28.96706,,13.7254901960784,843.75,5,4.6875,0,0,4.6875,4.6875,89,14.15269,0,,,,0,,,,,20,,,,,,,,,,,,,,,,,,,,,,,,,,,,,,,,,,,,,,,,,,,,,,,,,,,,,,,,,,,,,,,,,,,,,,,,,,,,,,,,,,,,,,,,
495,2025-11-19,18:04:05.38652,29.03404,,13.7254901960784,875,4,4.6875,0,0,4.6875,4.4921875,89,14.15269,0,,,,0,,,,,20,,,,,,,,,,,,,,,,,,,,,,,,,,,,,,,,,,,,,,,,,,,,,,,,,,,,,,,,,,,,,,,,,,,,,,,,,,,,,,,,,,,,,,,,
496,2025-11-19,18:04:05.45348,29.10249,,13.7254901960784,875,3,4.6875,0,0,4.6875,4.4921875,89,14.22602,0,,,,0,,,,,20,,,,,,,,,,,,,,,,,,,,,,,,,,,,,,,,,,,,,,,,,,,,,,,,,,,,,,,,,,,,,,,,,,,,,,,,,,,,,,,,,,,,,,,,
497,2025-11-19,18:04:05.51815,29.16669,,13.7254901960784,843.75,4,4.6875,0,0,4.6875,4.296875,89,14.22602,0,,,,0,,,,,20,,,,,,,,,,,,,,,,,,,,,,,,,,,,,,,,,,,,,,,,,,,,,,,,,,,,,,,,,,,,,,,,,,,,,,,,,,,,,,,,,,,,,,,,
498,2025-11-19,18:04:05.58597,29.23381,,13.7254901960784,843.75,6,4.6875,0,0,4.6875,4.296875,89,14.22602,0,,,,0,,,,,20,,,,,,,,,,,,,,,,,,,,,,,,,,,,,,,,,,,,,,,,,,,,,,,,,,,,,,,,,,,,,,,,,,,,,,,,,,,,,,,,,,,,,,,,
499,2025-11-19,18:04:05.63881,29.28634,,13.7254901960784,843.75,6,4.6875,0,0,4.6875,4.296875,89,14.22602,0,,,,0,,,,,20,,,,,,,,,,,,,,,,,,,,,,,,,,,,,,,,,,,,,,,,,,,,,,,,,,,,,,,,,,,,,,,,,,,,,,,,,,,,,,,,,,,,,,,,
500,2025-11-19,18:04:05.69629,29.34427,,13.7254901960784,843.75,6,4.6875,0,0,4.6875,4.1015625,89,14.22602,0,,,,0,,,,,20,,,,,,,,,,,,,,,,,,,,,,,,,,,,,,,,,,,,,,,,,,,,,,,,,,,,,,,,,,,,,,,,,,,,,,,,,,,,,,,,,,,,,,,,
501,2025-11-19,18:04:05.75571,29.4042,,13.7254901960784,843.75,5,4.6875,0,0,4.6875,4.1015625,89,14.22602,0,,,,0,,,,,20,,,,,,,,,,,,,,,,,,,,,,,,,,,,,,,,,,,,,,,,,,,,,,,,,,,,,,,,,,,,,,,,,,,,,,,,,,,,,,,,,,,,,,,,
502,2025-11-19,18:04:05.81128,29.45912,,13.7254901960784,843.75,4,4.6875,0,0,4.6875,4.1015625,89,14.22602,0,,,,0,,,,,20,,,,,,,,,,,,,,,,,,,,,,,,,,,,,,,,,,,,,,,,,,,,,,,,,,,,,,,,,,,,,,,,,,,,,,,,,,,,,,,,,,,,,,,,
503,2025-11-19,18:04:05.86870,29.51622,,13.7254901960784,843.75,4,4.6875,0,0,4.6875,3.90625,89,14.07936,0,,,,0,,,,,20,,,,,,,,,,,,,,,,,,,,,,,,,,,,,,,,,,,,,,,,,,,,,,,,,,,,,,,,,,,,,,,,,,,,,,,,,,,,,,,,,,,,,,,,
504,2025-11-19,18:04:05.92103,29.56843,,13.7254901960784,843.75,6,4.6875,0,0,4.6875,3.90625,89,14.15269,0,,,,0,,,,,20,,,,,,,,,,,,,,,,,,,,,,,,,,,,,,,,,,,,,,,,,,,,,,,,,,,,,,,,,,,,,,,,,,,,,,,,,,,,,,,,,,,,,,,,
505,2025-11-19,18:04:05.98604,29.63352,,13.7254901960784,843.75,5,4.6875,0,0,4.6875,3.90625,89,14.15269,0,,,,0,,,,,20,,,,,,,,,,,,,,,,,,,,,,,,,,,,,,,,,,,,,,,,,,,,,,,,,,,,,,,,,,,,,,,,,,,,,,,,,,,,,,,,,,,,,,,,
506,2025-11-19,18:04:06.05589,29.70336,,13.7254901960784,843.75,4,4.6875,0,0,4.6875,4.1015625,89,14.22602,0,,,,0,,,,,20,,,,,,,,,,,,,,,,,,,,,,,,,,,,,,,,,,,,,,,,,,,,,,,,,,,,,,,,,,,,,,,,,,,,,,,,,,,,,,,,,,,,,,,,
507,2025-11-19,18:04:06.12484,29.77241,,13.7254901960784,843.75,5,4.6875,0,0,4.6875,4.1015625,89,14.22602,0,,,,0,,,,,20,,,,,,,,,,,,,,,,,,,,,,,,,,,,,,,,,,,,,,,,,,,,,,,,,,,,,,,,,,,,,,,,,,,,,,,,,,,,,,,,,,,,,,,,
508,2025-11-19,18:04:06.18987,29.8388,,13.7254901960784,843.75,6,4.6875,0,0,4.6875,4.296875,89,14.22602,0,,,,0,,,,,20,,,,,,,,,,,,,,,,,,,,,,,,,,,,,,,,,,,,,,,,,,,,,,,,,,,,,,,,,,,,,,,,,,,,,,,,,,,,,,,,,,,,,,,,
509,2025-11-19,18:04:06.27576,29.9238,,13.7254901960784,843.75,4,4.6875,0,0,4.6875,4.296875,89,14.15269,0,,,,0,,,,,20,,,,,,,,,,,,,,,,,,,,,,,,,,,,,,,,,,,,,,,,,,,,,,,,,,,,,,,,,,,,,,,,,,,,,,,,,,,,,,,,,,,,,,,,
510,2025-11-19,18:04:06.34169,29.99023,,13.7254901960784,843.75,4,4.6875,0,0,4.6875,4.4921875,89,14.15269,0,,,,0,,,,,20,,,,,,,,,,,,,,,,,,,,,,,,,,,,,,,,,,,,,,,,,,,,,,,,,,,,,,,,,,,,,,,,,,,,,,,,,,,,,,,,,,,,,,,,
511,2025-11-19,18:04:06.40973,30.05707,,13.7254901960784,843.75,4,4.6875,0,0,4.6875,4.4921875,89,14.22602,0,,,,0,,,,,20,,,,,,,,,,,,,,,,,,,,,,,,,,,,,,,,,,,,,,,,,,,,,,,,,,,,,,,,,,,,,,,,,,,,,,,,,,,,,,,,,,,,,,,,
512,2025-11-19,18:04:06.45977,30.10711,,13.7254901960784,843.75,6,4.6875,0,0,4.6875,4.6875,89,14.15269,0,,,,0,,,,,20,,,,,,,,,,,,,,,,,,,,,,,,,,,,,,,,,,,,,,,,,,,,,,,,,,,,,,,,,,,,,,,,,,,,,,,,,,,,,,,,,,,,,,,,
513,2025-11-19,18:04:06.50775,30.15511,,13.7254901960784,843.75,6,4.6875,0,0,4.6875,4.6875,89,14.22602,0,,,,0,,,,,20,,,,,,,,,,,,,,,,,,,,,,,,,,,,,,,,,,,,,,,,,,,,,,,,,,,,,,,,,,,,,,,,,,,,,,,,,,,,,,,,,,,,,,,,
514,2025-11-19,18:04:06.55048,30.19978,,13.7254901960784,843.75,6,4.6875,0,0,4.6875,4.6875,89,14.15269,0,,,,0,,,,,20,,,,,,,,,,,,,,,,,,,,,,,,,,,,,,,,,,,,,,,,,,,,,,,,,,,,,,,,,,,,,,,,,,,,,,,,,,,,,,,,,,,,,,,,
515,2025-11-19,18:04:06.59681,30.24495,,13.7254901960784,843.75,5,4.6875,0,0,4.6875,4.8828125,89,14.22602,0,,,,0,,,,,20,,,,,,,,,,,,,,,,,,,,,,,,,,,,,,,,,,,,,,,,,,,,,,,,,,,,,,,,,,,,,,,,,,,,,,,,,,,,,,,,,,,,,,,,
516,2025-11-19,18:04:06.66987,30.31777,,13.7254901960784,843.75,4,4.6875,0,0,4.6875,4.8828125,89,14.22602,0,,,,0,,,,,20,,,,,,,,,,,,,,,,,,,,,,,,,,,,,,,,,,,,,,,,,,,,,,,,,,,,,,,,,,,,,,,,,,,,,,,,,,,,,,,,,,,,,,,,
517,2025-11-19,18:04:06.75132,30.39981,,13.7254901960784,843.75,4,4.6875,0,0,4.6875,5.078125,89,14.22602,0,,,,0,,,,,20,,,,,,,,,,,,,,,,,,,,,,,,,,,,,,,,,,,,,,,,,,,,,,,,,,,,,,,,,,,,,,,,,,,,,,,,,,,,,,,,,,,,,,,,
518,2025-11-19,18:04:06.82251,30.46987,,13.7254901960784,843.75,4,4.6875,0,0,4.6875,5.2734375,89,14.07936,0,,,,0,,,,,20,,,,,,,,,,,,,,,,,,,,,,,,,,,,,,,,,,,,,,,,,,,,,,,,,,,,,,,,,,,,,,,,,,,,,,,,,,,,,,,,,,,,,,,,
519,2025-11-19,18:04:06.89186,30.53984,,13.7254901960784,875,4,4.6875,0,0,4.6875,5.078125,89,14.22602,0,,,,0,,,,,20,,,,,,,,,,,,,,,,,,,,,,,,,,,,,,,,,,,,,,,,,,,,,,,,,,,,,,,,,,,,,,,,,,,,,,,,,,,,,,,,,,,,,,,,
520,2025-11-19,18:04:06.95655,30.60474,,13.7254901960784,875,4,4.6875,0,0,4.6875,5.078125,89,14.22602,0,,,,0,,,,,20,,,,,,,,,,,,,,,,,,,,,,,,,,,,,,,,,,,,,,,,,,,,,,,,,,,,,,,,,,,,,,,,,,,,,,,,,,,,,,,,,,,,,,,,
521,2025-11-19,18:04:07.02669,30.67467,,13.7254901960784,875,4,4.6875,0,0,4.6875,4.8828125,89,14.22602,0,,,,0,,,,,20,,,,,,,,,,,,,,,,,,,,,,,,,,,,,,,,,,,,,,,,,,,,,,,,,,,,,,,,,,,,,,,,,,,,,,,,,,,,,,,,,,,,,,,,
522,2025-11-19,18:04:07.07834,30.72659,,13.7254901960784,875,4,4.6875,0,0,4.6875,4.8828125,89,14.22602,0,,,,0,,,,,20,,,,,,,,,,,,,,,,,,,,,,,,,,,,,,,,,,,,,,,,,,,,,,,,,,,,,,,,,,,,,,,,,,,,,,,,,,,,,,,,,,,,,,,,
523,2025-11-19,18:04:07.12928,30.77667,,13.7254901960784,875,4,4.6875,0,0,4.6875,4.8828125,89,14.22602,0,,,,0,,,,,20,,,,,,,,,,,,,,,,,,,,,,,,,,,,,,,,,,,,,,,,,,,,,,,,,,,,,,,,,,,,,,,,,,,,,,,,,,,,,,,,,,,,,,,,
524,2025-11-19,18:04:07.17404,30.82155,,13.7254901960784,843.75,5,4.6875,0,0,4.6875,4.6875,89,14.22602,0,,,,0,,,,,20,,,,,,,,,,,,,,,,,,,,,,,,,,,,,,,,,,,,,,,,,,,,,,,,,,,,,,,,,,,,,,,,,,,,,,,,,,,,,,,,,,,,,,,,
525,2025-11-19,18:04:07.22302,30.87148,,13.7254901960784,875,5,4.6875,0,0,4.6875,4.6875,89,14.15269,0,,,,0,,,,,20,,,,,,,,,,,,,,,,,,,,,,,,,,,,,,,,,,,,,,,,,,,,,,,,,,,,,,,,,,,,,,,,,,,,,,,,,,,,,,,,,,,,,,,,
526,2025-11-19,18:04:07.28865,30.93648,,13.7254901960784,843.75,4,4.6875,0,0,4.6875,4.6875,89,14.22602,0,,,,0,,,,,20,,,,,,,,,,,,,,,,,,,,,,,,,,,,,,,,,,,,,,,,,,,,,,,,,,,,,,,,,,,,,,,,,,,,,,,,,,,,,,,,,,,,,,,,
527,2025-11-19,18:04:07.35893,31.0064,,13.7254901960784,843.75,4,4.6875,0,0,4.6875,4.4921875,89,14.22602,0,,,,0,,,,,20,,,,,,,,,,,,,,,,,,,,,,,,,,,,,,,,,,,,,,,,,,,,,,,,,,,,,,,,,,,,,,,,,,,,,,,,,,,,,,,,,,,,,,,,
528,2025-11-19,18:04:07.42880,31.07633,,13.7254901960784,843.75,6,4.6875,0,0,4.6875,4.4921875,89,14.22602,0,,,,0,,,,,20,,,,,,,,,,,,,,,,,,,,,,,,,,,,,,,,,,,,,,,,,,,,,,,,,,,,,,,,,,,,,,,,,,,,,,,,,,,,,,,,,,,,,,,,
529,2025-11-19,18:04:09.37543,33.02316,,13.7254901960784,843.75,6,4.6875,0,0,4.6875,4.4921875,89,14.22602,0,,,,0,,,,,20,,,,,,,,,,,,,,,,,,,,,,,,,,,,,,,,,,,,,,,,,,,,,,,,,,,,,,,,,,,,,,,,,,,,,,,,,,,,,,,,,,,,,,,,
530,2025-11-19,18:04:09.44337,33.09088,,13.7254901960784,843.75,5,4.6875,0,0,4.6875,4.6875,89,14.15269,0,,,,0,,,,,20,,,,,,,,,,,,,,,,,,,,,,,,,,,,,,,,,,,,,,,,,,,,,,,,,,,,,,,,,,,,,,,,,,,,,,,,,,,,,,,,,,,,,,,,
531,2025-11-19,18:04:09.51299,33.1607,,13.7254901960784,843.75,4,4.6875,0,0,4.6875,4.6875,89,14.15269,0,,,,0,,,,,20,,,,,,,,,,,,,,,,,,,,,,,,,,,,,,,,,,,,,,,,,,,,,,,,,,,,,,,,,,,,,,,,,,,,,,,,,,,,,,,,,,,,,,,,
532,2025-11-19,18:04:09.60021,33.24775,,13.7254901960784,843.75,6,4.6875,0,0,4.6875,4.4921875,89,14.15269,0,,,,0,,,,,20,,,,,,,,,,,,,,,,,,,,,,,,,,,,,,,,,,,,,,,,,,,,,,,,,,,,,,,,,,,,,,,,,,,,,,,,,,,,,,,,,,,,,,,,
533,2025-11-19,18:04:09.68987,33.33759,,13.7254901960784,843.75,5,4.6875,0,0,4.6875,4.4921875,89,14.15269,0,,,,0,,,,,20,,,,,,,,,,,,,,,,,,,,,,,,,,,,,,,,,,,,,,,,,,,,,,,,,,,,,,,,,,,,,,,,,,,,,,,,,,,,,,,,,,,,,,,,
534,2025-11-19,18:04:09.76236,33.4104,,13.7254901960784,843.75,4,4.6875,0,0,4.6875,4.296875,89,14.15269,0,,,,0,,,,,20,,,,,,,,,,,,,,,,,,,,,,,,,,,,,,,,,,,,,,,,,,,,,,,,,,,,,,,,,,,,,,,,,,,,,,,,,,,,,,,,,,,,,,,,
535,2025-11-19,18:04:09.83053,33.47833,,13.7254901960784,843.75,4,4.6875,0,0,4.6875,4.296875,89,14.22602,0,,,,0,,,,,20,,,,,,,,,,,,,,,,,,,,,,,,,,,,,,,,,,,,,,,,,,,,,,,,,,,,,,,,,,,,,,,,,,,,,,,,,,,,,,,,,,,,,,,,
536,2025-11-19,18:04:09.88496,33.53247,,13.7254901960784,843.75,4,4.6875,0,0,4.6875,4.296875,89,14.22602,0,,,,0,,,,,20,,,,,,,,,,,,,,,,,,,,,,,,,,,,,,,,,,,,,,,,,,,,,,,,,,,,,,,,,,,,,,,,,,,,,,,,,,,,,,,,,,,,,,,,
537,2025-11-19,18:04:09.93988,33.58738,,13.7254901960784,843.75,5,4.6875,0,0,4.6875,4.1015625,89,14.15269,0,,,,0,,,,,20,,,,,,,,,,,,,,,,,,,,,,,,,,,,,,,,,,,,,,,,,,,,,,,,,,,,,,,,,,,,,,,,,,,,,,,,,,,,,,,,,,,,,,,,
538,2025-11-19,18:04:10.00491,33.6524,,13.7254901960784,843.75,6,4.6875,0,0,4.6875,4.1015625,89,14.22602,0,,,,0,,,,,20,,,,,,,,,,,,,,,,,,,,,,,,,,,,,,,,,,,,,,,,,,,,,,,,,,,,,,,,,,,,,,,,,,,,,,,,,,,,,,,,,,,,,,,,
539,2025-11-19,18:04:10.05982,33.70725,,13.7254901960784,843.75,6,4.6875,0,0,4.6875,4.1015625,89,14.15269,0,,,,0,,,,,20,,,,,,,,,,,,,,,,,,,,,,,,,,,,,,,,,,,,,,,,,,,,,,,,,,,,,,,,,,,,,,,,,,,,,,,,,,,,,,,,,,,,,,,,
540,2025-11-19,18:04:10.12913,33.77725,,13.7254901960784,843.75,6,4.6875,0,0,4.6875,3.90625,89,14.15269,0,,,,0,,,,,20,,,,,,,,,,,,,,,,,,,,,,,,,,,,,,,,,,,,,,,,,,,,,,,,,,,,,,,,,,,,,,,,,,,,,,,,,,,,,,,,,,,,,,,,
541,2025-11-19,18:04:10.29640,33.94402,,13.7254901960784,843.75,6,4.6875,0,0,4.6875,4.1015625,89,14.15269,0,,,,0,,,,,20,,,,,,,,,,,,,,,,,,,,,,,,,,,,,,,,,,,,,,,,,,,,,,,,,,,,,,,,,,,,,,,,,,,,,,,,,,,,,,,,,,,,,,,,
542,2025-11-19,18:04:10.36446,34.01201,,13.7254901960784,843.75,6,4.6875,0,0,4.6875,4.1015625,89,14.22602,0,,,,0,,,,,20,,,,,,,,,,,,,,,,,,,,,,,,,,,,,,,,,,,,,,,,,,,,,,,,,,,,,,,,,,,,,,,,,,,,,,,,,,,,,,,,,,,,,,,,
543,2025-11-19,18:04:10.46455,34.11198,,13.7254901960784,843.75,5,4.6875,0,0,4.6875,4.1015625,89,14.22602,0,,,,0,,,,,20,,,,,,,,,,,,,,,,,,,,,,,,,,,,,,,,,,,,,,,,,,,,,,,,,,,,,,,,,,,,,,,,,,,,,,,,,,,,,,,,,,,,,,,,
544,2025-11-19,18:04:10.53441,34.1819,,13.7254901960784,843.75,6,4.6875,0,0,4.6875,4.1015625,89,14.15269,0,,,,0,,,,,20,,,,,,,,,,,,,,,,,,,,,,,,,,,,,,,,,,,,,,,,,,,,,,,,,,,,,,,,,,,,,,,,,,,,,,,,,,,,,,,,,,,,,,,,
545,2025-11-19,18:04:10.58840,34.23589,,13.7254901960784,812.5,6,4.6875,0,0,4.6875,3.90625,89,14.15269,0,,,,0,,,,,20,,,,,,,,,,,,,,,,,,,,,,,,,,,,,,,,,,,,,,,,,,,,,,,,,,,,,,,,,,,,,,,,,,,,,,,,,,,,,,,,,,,,,,,,
546,2025-11-19,18:04:10.63328,34.28085,,13.7254901960784,812.5,6,4.6875,0,0,4.6875,3.90625,89,14.15269,0,,,,0,,,,,20,,,,,,,,,,,,,,,,,,,,,,,,,,,,,,,,,,,,,,,,,,,,,,,,,,,,,,,,,,,,,,,,,,,,,,,,,,,,,,,,,,,,,,,,
547,2025-11-19,18:04:10.67626,34.32378,,13.7254901960784,843.75,6,4.6875,0,0,4.6875,3.90625,89,14.22602,0,,,,0,,,,,20,,,,,,,,,,,,,,,,,,,,,,,,,,,,,,,,,,,,,,,,,,,,,,,,,,,,,,,,,,,,,,,,,,,,,,,,,,,,,,,,,,,,,,,,
548,2025-11-19,18:04:10.72630,34.37377,,13.7254901960784,843.75,5,4.6875,0,0,4.6875,3.90625,89,14.22602,0,,,,0,,,,,20,,,,,,,,,,,,,,,,,,,,,,,,,,,,,,,,,,,,,,,,,,,,,,,,,,,,,,,,,,,,,,,,,,,,,,,,,,,,,,,,,,,,,,,,
549,2025-11-19,18:04:10.77115,34.41857,,13.7254901960784,812.5,5,4.6875,0,0,4.6875,3.7109375,89,14.15269,0,,,,0,,,,,20,,,,,,,,,,,,,,,,,,,,,,,,,,,,,,,,,,,,,,,,,,,,,,,,,,,,,,,,,,,,,,,,,,,,,,,,,,,,,,,,,,,,,,,,
550,2025-11-19,18:04:10.85813,34.50587,,13.7254901960784,812.5,6,4.6875,0,0,4.6875,3.7109375,89,14.15269,0,,,,0,,,,,20,,,,,,,,,,,,,,,,,,,,,,,,,,,,,,,,,,,,,,,,,,,,,,,,,,,,,,,,,,,,,,,,,,,,,,,,,,,,,,,,,,,,,,,,
551,2025-11-19,18:04:10.92796,34.57555,,13.7254901960784,812.5,6,4.6875,0,0,4.6875,3.515625,89,14.15269,0,,,,0,,,,,20,,,,,,,,,,,,,,,,,,,,,,,,,,,,,,,,,,,,,,,,,,,,,,,,,,,,,,,,,,,,,,,,,,,,,,,,,,,,,,,,,,,,,,,,
552,2025-11-19,18:04:11.00442,34.65252,,13.7254901960784,812.5,6,4.6875,0,0,4.6875,3.515625,89,14.07936,0,,,,0,,,,,20,,,,,,,,,,,,,,,,,,,,,,,,,,,,,,,,,,,,,,,,,,,,,,,,,,,,,,,,,,,,,,,,,,,,,,,,,,,,,,,,,,,,,,,,
553,2025-11-19,18:04:11.07285,34.7205,,13.7254901960784,812.5,5,4.6875,0,0,4.6875,3.515625,89,14.07936,0,,,,0,,,,,20,,,,,,,,,,,,,,,,,,,,,,,,,,,,,,,,,,,,,,,,,,,,,,,,,,,,,,,,,,,,,,,,,,,,,,,,,,,,,,,,,,,,,,,,
554,2025-11-19,18:04:11.14247,34.79043,,13.7254901960784,812.5,6,4.6875,0,0,4.6875,3.3203125,89,14.15269,0,,,,0,,,,,20,,,,,,,,,,,,,,,,,,,,,,,,,,,,,,,,,,,,,,,,,,,,,,,,,,,,,,,,,,,,,,,,,,,,,,,,,,,,,,,,,,,,,,,,
555,2025-11-19,18:04:11.20800,34.85587,,13.7254901960784,812.5,6,4.6875,0,0,4.6875,3.3203125,89,14.22602,0,,,,0,,,,,20,,,,,,,,,,,,,,,,,,,,,,,,,,,,,,,,,,,,,,,,,,,,,,,,,,,,,,,,,,,,,,,,,,,,,,,,,,,,,,,,,,,,,,,,
556,2025-11-19,18:04:11.25227,34.90024,,13.7254901960784,812.5,6,4.6875,0,0,4.6875,3.3203125,89,14.07936,0,,,,0,,,,,20,,,,,,,,,,,,,,,,,,,,,,,,,,,,,,,,,,,,,,,,,,,,,,,,,,,,,,,,,,,,,,,,,,,,,,,,,,,,,,,,,,,,,,,,
557,2025-11-19,18:04:11.29475,34.94214,,13.7254901960784,812.5,6,4.6875,0,0,4.6875,3.125,91,14.22602,0,,,,0,,,,,20,,,,,,,,,,,,,,,,,,,,,,,,,,,,,,,,,,,,,,,,,,,,,,,,,,,,,,,,,,,,,,,,,,,,,,,,,,,,,,,,,,,,,,,,
558,2025-11-19,18:04:11.33705,34.98516,,13.7254901960784,812.5,5,4.6875,0,0,4.6875,3.125,89,14.22602,0,,,,0,,,,,20,,,,,,,,,,,,,,,,,,,,,,,,,,,,,,,,,,,,,,,,,,,,,,,,,,,,,,,,,,,,,,,,,,,,,,,,,,,,,,,,,,,,,,,,
559,2025-11-19,18:04:11.37778,35.02521,,13.7254901960784,812.5,4,4.6875,0,0,4.6875,3.125,89,14.22602,0,,,,0,,,,,20,,,,,,,,,,,,,,,,,,,,,,,,,,,,,,,,,,,,,,,,,,,,,,,,,,,,,,,,,,,,,,,,,,,,,,,,,,,,,,,,,,,,,,,,
560,2025-11-19,18:04:11.43270,35.08012,,13.7254901960784,812.5,4,4.6875,0,0,4.6875,3.125,89,14.15269,0,,,,0,,,,,20,,,,,,,,,,,,,,,,,,,,,,,,,,,,,,,,,,,,,,,,,,,,,,,,,,,,,,,,,,,,,,,,,,,,,,,,,,,,,,,,,,,,,,,,
561,2025-11-19,18:04:11.49271,35.14018,,13.7254901960784,812.5,4,4.6875,0,0,4.6875,2.9296875,91,14.15269,0,,,,0,,,,,20,,,,,,,,,,,,,,,,,,,,,,,,,,,,,,,,,,,,,,,,,,,,,,,,,,,,,,,,,,,,,,,,,,,,,,,,,,,,,,,,,,,,,,,,
562,2025-11-19,18:04:11.56203,35.21012,,13.7254901960784,812.5,5,4.6875,0,0,4.6875,2.9296875,89,14.15269,0,,,,0,,,,,20,,,,,,,,,,,,,,,,,,,,,,,,,,,,,,,,,,,,,,,,,,,,,,,,,,,,,,,,,,,,,,,,,,,,,,,,,,,,,,,,,,,,,,,,
563,2025-11-19,18:04:11.62766,35.27498,,13.7254901960784,812.5,5,4.6875,0,0,4.6875,2.9296875,91,14.15269,0,,,,0,,,,,20,,,,,,,,,,,,,,,,,,,,,,,,,,,,,,,,,,,,,,,,,,,,,,,,,,,,,,,,,,,,,,,,,,,,,,,,,,,,,,,,,,,,,,,,
564,2025-11-19,18:04:11.69243,35.33986,,13.7254901960784,812.5,4,4.6875,0,0,4.6875,2.734375,91,14.22602,0,,,,0,,,,,20,,,,,,,,,,,,,,,,,,,,,,,,,,,,,,,,,,,,,,,,,,,,,,,,,,,,,,,,,,,,,,,,,,,,,,,,,,,,,,,,,,,,,,,,
565,2025-11-19,18:04:11.76225,35.40982,,13.7254901960784,812.5,4,4.6875,0,0,4.6875,2.734375,89,14.22602,0,,,,0,,,,,20,,,,,,,,,,,,,,,,,,,,,,,,,,,,,,,,,,,,,,,,,,,,,,,,,,,,,,,,,,,,,,,,,,,,,,,,,,,,,,,,,,,,,,,,
566,2025-11-19,18:04:11.83446,35.48193,,13.7254901960784,812.5,6,4.6875,0,0,4.6875,2.734375,89,14.15269,0,,,,0,,,,,20,,,,,,,,,,,,,,,,,,,,,,,,,,,,,,,,,,,,,,,,,,,,,,,,,,,,,,,,,,,,,,,,,,,,,,,,,,,,,,,,,,,,,,,,
567,2025-11-19,18:04:11.89888,35.54688,,13.7254901960784,843.75,5,4.6875,0,0,4.6875,2.5390625,91,14.15269,0,,,,0,,,,,20,,,,,,,,,,,,,,,,,,,,,,,,,,,,,,,,,,,,,,,,,,,,,,,,,,,,,,,,,,,,,,,,,,,,,,,,,,,,,,,,,,,,,,,,
568,2025-11-19,18:04:11.95130,35.59879,,13.7254901960784,843.75,4,4.6875,0,0,4.6875,2.5390625,91,14.15269,0,,,,0,,,,,20,,,,,,,,,,,,,,,,,,,,,,,,,,,,,,,,,,,,,,,,,,,,,,,,,,,,,,,,,,,,,,,,,,,,,,,,,,,,,,,,,,,,,,,,
569,2025-11-19,18:04:11.99330,35.64118,,13.7254901960784,812.5,4,4.6875,0,0,4.6875,2.5390625,91,14.22602,0,,,,0,,,,,20,,,,,,,,,,,,,,,,,,,,,,,,,,,,,,,,,,,,,,,,,,,,,,,,,,,,,,,,,,,,,,,,,,,,,,,,,,,,,,,,,,,,,,,,
570,2025-11-19,18:04:12.04622,35.69372,,13.7254901960784,812.5,5,4.6875,0,0,4.6875,2.34375,91,14.22602,0,,,,0,,,,,20,,,,,,,,,,,,,,,,,,,,,,,,,,,,,,,,,,,,,,,,,,,,,,,,,,,,,,,,,,,,,,,,,,,,,,,,,,,,,,,,,,,,,,,,
571,2025-11-19,18:04:12.08836,35.73669,,13.7254901960784,812.5,6,4.6875,0,0,4.6875,2.34375,91,14.15269,0,,,,0,,,,,20,,,,,,,,,,,,,,,,,,,,,,,,,,,,,,,,,,,,,,,,,,,,,,,,,,,,,,,,,,,,,,,,,,,,,,,,,,,,,,,,,,,,,,,,
572,2025-11-19,18:04:12.31804,35.96625,,13.7254901960784,812.5,5,4.6875,0,0,4.6875,2.1484375,91,14.15269,0,,,,0,,,,,20,,,,,,,,,,,,,,,,,,,,,,,,,,,,,,,,,,,,,,,,,,,,,,,,,,,,,,,,,,,,,,,,,,,,,,,,,,,,,,,,,,,,,,,,
573,2025-11-19,18:04:12.36402,36.01153,,13.7254901960784,843.75,4,4.6875,0,0,4.6875,2.1484375,91,14.15269,0,,,,0,,,,,20,,,,,,,,,,,,,,,,,,,,,,,,,,,,,,,,,,,,,,,,,,,,,,,,,,,,,,,,,,,,,,,,,,,,,,,,,,,,,,,,,,,,,,,,
574,2025-11-19,18:04:12.41554,36.06317,,13.7254901960784,843.75,4,4.6875,0,0,4.6875,1.953125,91,14.22602,0,,,,0,,,,,20,,,,,,,,,,,,,,,,,,,,,,,,,,,,,,,,,,,,,,,,,,,,,,,,,,,,,,,,,,,,,,,,,,,,,,,,,,,,,,,,,,,,,,,,
575,2025-11-19,18:04:12.47382,36.12124,,13.7254901960784,843.75,4,4.6875,0,0,4.6875,1.953125,91,14.22602,0,,,,0,,,,,20,,,,,,,,,,,,,,,,,,,,,,,,,,,,,,,,,,,,,,,,,,,,,,,,,,,,,,,,,,,,,,,,,,,,,,,,,,,,,,,,,,,,,,,,
576,2025-11-19,18:04:12.54082,36.18827,,13.7254901960784,843.75,4,4.6875,0,0,4.6875,1.953125,91,14.22602,0,,,,0,,,,,20,,,,,,,,,,,,,,,,,,,,,,,,,,,,,,,,,,,,,,,,,,,,,,,,,,,,,,,,,,,,,,,,,,,,,,,,,,,,,,,,,,,,,,,,
577,2025-11-19,18:04:12.60577,36.25321,,13.7254901960784,812.5,5,4.6875,0,0,4.6875,1.7578125,91,14.15269,0,,,,0,,,,,20,,,,,,,,,,,,,,,,,,,,,,,,,,,,,,,,,,,,,,,,,,,,,,,,,,,,,,,,,,,,,,,,,,,,,,,,,,,,,,,,,,,,,,,,
578,2025-11-19,18:04:12.65271,36.30014,,13.7254901960784,812.5,7,4.6875,0,0,4.6875,1.7578125,91,14.22602,0,,,,0,,,,,20,,,,,,,,,,,,,,,,,,,,,,,,,,,,,,,,,,,,,,,,,,,,,,,,,,,,,,,,,,,,,,,,,,,,,,,,,,,,,,,,,,,,,,,,
579,2025-11-19,18:04:12.69068,36.33808,,13.7254901960784,812.5,7,4.6875,0,0,4.6875,1.7578125,91,14.22602,0,,,,0,,,,,20,,,,,,,,,,,,,,,,,,,,,,,,,,,,,,,,,,,,,,,,,,,,,,,,,,,,,,,,,,,,,,,,,,,,,,,,,,,,,,,,,,,,,,,,
580,2025-11-19,18:04:12.72715,36.37501,,13.7254901960784,812.5,7,4.6875,0,0,4.6875,1.5625,91,14.15269,0,,,,0,,,,,20,,,,,,,,,,,,,,,,,,,,,,,,,,,,,,,,,,,,,,,,,,,,,,,,,,,,,,,,,,,,,,,,,,,,,,,,,,,,,,,,,,,,,,,,
581,2025-11-19,18:04:12.76764,36.41508,,13.7254901960784,812.5,6,4.6875,0,0,4.6875,1.5625,91,14.22602,0,,,,0,,,,,20,,,,,,,,,,,,,,,,,,,,,,,,,,,,,,,,,,,,,,,,,,,,,,,,,,,,,,,,,,,,,,,,,,,,,,,,,,,,,,,,,,,,,,,,
582,2025-11-19,18:04:12.81060,36.45805,,13.7254901960784,812.5,5,4.6875,0,0,4.6875,1.5625,91,14.15269,0,,,,0,,,,,20,,,,,,,,,,,,,,,,,,,,,,,,,,,,,,,,,,,,,,,,,,,,,,,,,,,,,,,,,,,,,,,,,,,,,,,,,,,,,,,,,,,,,,,,
583,2025-11-19,18:04:12.88765,36.53512,,13.7254901960784,812.5,4,4.6875,0,0,4.6875,1.5625,91,14.22602,0,,,,0,,,,,20,,,,,,,,,,,,,,,,,,,,,,,,,,,,,,,,,,,,,,,,,,,,,,,,,,,,,,,,,,,,,,,,,,,,,,,,,,,,,,,,,,,,,,,,
584,2025-11-19,18:04:12.95557,36.60306,,13.7254901960784,812.5,4,4.6875,0,0,4.6875,1.3671875,91,14.22602,0,,,,0,,,,,20,,,,,,,,,,,,,,,,,,,,,,,,,,,,,,,,,,,,,,,,,,,,,,,,,,,,,,,,,,,,,,,,,,,,,,,,,,,,,,,,,,,,,,,,
585,2025-11-19,18:04:13.02564,36.67351,,13.7254901960784,812.5,6,4.6875,0,0,4.6875,1.3671875,91,14.22602,0,,,,0,,,,,20,,,,,,,,,,,,,,,,,,,,,,,,,,,,,,,,,,,,,,,,,,,,,,,,,,,,,,,,,,,,,,,,,,,,,,,,,,,,,,,,,,,,,,,,
586,2025-11-19,18:04:13.10040,36.74786,,13.7254901960784,812.5,5,4.6875,0,0,4.6875,1.171875,91,14.15269,0,,,,0,,,,,20,,,,,,,,,,,,,,,,,,,,,,,,,,,,,,,,,,,,,,,,,,,,,,,,,,,,,,,,,,,,,,,,,,,,,,,,,,,,,,,,,,,,,,,,
587,2025-11-19,18:04:13.16138,36.8098,,13.7254901960784,812.5,5,4.6875,0,0,4.6875,1.171875,91,14.22602,0,,,,0,,,,,20,,,,,,,,,,,,,,,,,,,,,,,,,,,,,,,,,,,,,,,,,,,,,,,,,,,,,,,,,,,,,,,,,,,,,,,,,,,,,,,,,,,,,,,,
588,2025-11-19,18:04:13.28522,36.93271,,13.7254901960784,812.5,6,4.6875,0,0,4.6875,1.171875,91,14.07936,0,,,,0,,,,,20,,,,,,,,,,,,,,,,,,,,,,,,,,,,,,,,,,,,,,,,,,,,,,,,,,,,,,,,,,,,,,,,,,,,,,,,,,,,,,,,,,,,,,,,
589,2025-11-19,18:04:13.35216,36.99968,,13.7254901960784,843.75,3,4.6875,0,0,4.6875,0.9765625,91,14.15269,0,,,,0,,,,,20,,,,,,,,,,,,,,,,,,,,,,,,,,,,,,,,,,,,,,,,,,,,,,,,,,,,,,,,,,,,,,,,,,,,,,,,,,,,,,,,,,,,,,,,
590,2025-11-19,18:04:13.42012,37.0676,,13.7254901960784,812.5,4,4.6875,0,0,4.6875,0.9765625,91,14.22602,0,,,,0,,,,,20,,,,,,,,,,,,,,,,,,,,,,,,,,,,,,,,,,,,,,,,,,,,,,,,,,,,,,,,,,,,,,,,,,,,,,,,,,,,,,,,,,,,,,,,
591,2025-11-19,18:04:13.46606,37.11364,,13.7254901960784,812.5,6,4.6875,0,0,4.6875,0.78125,91,14.15269,0,,,,0,,,,,20,,,,,,,,,,,,,,,,,,,,,,,,,,,,,,,,,,,,,,,,,,,,,,,,,,,,,,,,,,,,,,,,,,,,,,,,,,,,,,,,,,,,,,,,
592,2025-11-19,18:04:13.50900,37.15646,,13.7254901960784,812.5,6,4.6875,0,0,4.6875,0.78125,91,14.15269,0,,,,0,,,,,20,,,,,,,,,,,,,,,,,,,,,,,,,,,,,,,,,,,,,,,,,,,,,,,,,,,,,,,,,,,,,,,,,,,,,,,,,,,,,,,,,,,,,,,,
593,2025-11-19,18:04:13.55396,37.20151,,13.7254901960784,812.5,6,4.6875,0,0,4.6875,0.78125,91,14.22602,0,,,,0,,,,,20,,,,,,,,,,,,,,,,,,,,,,,,,,,,,,,,,,,,,,,,,,,,,,,,,,,,,,,,,,,,,,,,,,,,,,,,,,,,,,,,,,,,,,,,
594,2025-11-19,18:04:13.60190,37.24943,,13.7254901960784,812.5,5,4.6875,0,0,4.6875,0.78125,91,14.15269,0,,,,0,,,,,20,,,,,,,,,,,,,,,,,,,,,,,,,,,,,,,,,,,,,,,,,,,,,,,,,,,,,,,,,,,,,,,,,,,,,,,,,,,,,,,,,,,,,,,,
595,2025-11-19,18:04:13.66709,37.31443,,13.7254901960784,812.5,4,4.6875,0,0,4.6875,0.5859375,91,14.22602,0,,,,0,,,,,20,,,,,,,,,,,,,,,,,,,,,,,,,,,,,,,,,,,,,,,,,,,,,,,,,,,,,,,,,,,,,,,,,,,,,,,,,,,,,,,,,,,,,,,,
596,2025-11-19,18:04:13.72887,37.37635,,13.7254901960784,812.5,6,4.6875,0,0,4.6875,0.5859375,91,14.22602,0,,,,0,,,,,20,,,,,,,,,,,,,,,,,,,,,,,,,,,,,,,,,,,,,,,,,,,,,,,,,,,,,,,,,,,,,,,,,,,,,,,,,,,,,,,,,,,,,,,,
597,2025-11-19,18:04:13.79682,37.44431,,13.7254901960784,812.5,6,4.6875,0,0,4.6875,0.5859375,91,14.22602,0,,,,0,,,,,20,,,,,,,,,,,,,,,,,,,,,,,,,,,,,,,,,,,,,,,,,,,,,,,,,,,,,,,,,,,,,,,,,,,,,,,,,,,,,,,,,,,,,,,,
598,2025-11-19,18:04:13.86373,37.51123,,13.7254901960784,812.5,6,4.6875,0,0,4.6875,0.390625,91,14.22602,0,,,,0,,,,,20,,,,,,,,,,,,,,,,,,,,,,,,,,,,,,,,,,,,,,,,,,,,,,,,,,,,,,,,,,,,,,,,,,,,,,,,,,,,,,,,,,,,,,,,
599,2025-11-19,18:04:13.93170,37.5792,,13.7254901960784,812.5,4,4.6875,0,0,4.6875,0.390625,91,14.07936,0,,,,0,,,,,20,,,,,,,,,,,,,,,,,,,,,,,,,,,,,,,,,,,,,,,,,,,,,,,,,,,,,,,,,,,,,,,,,,,,,,,,,,,,,,,,,,,,,,,,
600,2025-11-19,18:04:14.01909,37.66654,,13.7254901960784,812.5,4,4.6875,0,0,4.6875,0.1953125,91,14.15269,0,,,,0,,,,,20,,,,,,,,,,,,,,,,,,,,,,,,,,,,,,,,,,,,,,,,,,,,,,,,,,,,,,,,,,,,,,,,,,,,,,,,,,,,,,,,,,,,,,,,
601,2025-11-19,18:04:14.08659,37.73408,,13.7254901960784,812.5,5,4.6875,0,0,4.6875,0.390625,91,14.22602,0,,,,0,,,,,20,,,,,,,,,,,,,,,,,,,,,,,,,,,,,,,,,,,,,,,,,,,,,,,,,,,,,,,,,,,,,,,,,,,,,,,,,,,,,,,,,,,,,,,,
602,2025-11-19,18:04:14.14300,37.79098,,13.7254901960784,812.5,5,4.6875,0,0,4.6875,0.390625,91,14.15269,0,,,,0,,,,,20,,,,,,,,,,,,,,,,,,,,,,,,,,,,,,,,,,,,,,,,,,,,,,,,,,,,,,,,,,,,,,,,,,,,,,,,,,,,,,,,,,,,,,,,
603,2025-11-19,18:04:14.18852,37.83601,,13.7254901960784,812.5,6,4.6875,0,0,4.6875,0.5859375,91,14.22602,0,,,,0,,,,,20,,,,,,,,,,,,,,,,,,,,,,,,,,,,,,,,,,,,,,,,,,,,,,,,,,,,,,,,,,,,,,,,,,,,,,,,,,,,,,,,,,,,,,,,
604,2025-11-19,18:04:14.24875,37.89604,,13.7254901960784,812.5,4,4.6875,0,0,4.6875,0.5859375,91,14.15269,0,,,,0,,,,,20,,,,,,,,,,,,,,,,,,,,,,,,,,,,,,,,,,,,,,,,,,,,,,,,,,,,,,,,,,,,,,,,,,,,,,,,,,,,,,,,,,,,,,,,
605,2025-11-19,18:04:14.30440,37.95282,,13.7254901960784,812.5,5,4.6875,0,0,4.6875,0.78125,91,14.22602,0,,,,0,,,,,20,,,,,,,,,,,,,,,,,,,,,,,,,,,,,,,,,,,,,,,,,,,,,,,,,,,,,,,,,,,,,,,,,,,,,,,,,,,,,,,,,,,,,,,,
606,2025-11-19,18:04:14.36835,38.01585,,13.7254901960784,843.75,4,4.6875,0,0,4.6875,0.78125,91,14.07936,0,,,,0,,,,,20,,,,,,,,,,,,,,,,,,,,,,,,,,,,,,,,,,,,,,,,,,,,,,,,,,,,,,,,,,,,,,,,,,,,,,,,,,,,,,,,,,,,,,,,
607,2025-11-19,18:04:14.42092,38.06846,,13.7254901960784,843.75,4,4.6875,0,0,4.6875,0.9765625,91,14.15269,0,,,,0,,,,,20,,,,,,,,,,,,,,,,,,,,,,,,,,,,,,,,,,,,,,,,,,,,,,,,,,,,,,,,,,,,,,,,,,,,,,,,,,,,,,,,,,,,,,,,
608,2025-11-19,18:04:14.46319,38.11055,,13.7254901960784,843.75,3,4.6875,0,0,4.6875,0.9765625,91,14.15269,0,,,,0,,,,,20,,,,,,,,,,,,,,,,,,,,,,,,,,,,,,,,,,,,,,,,,,,,,,,,,,,,,,,,,,,,,,,,,,,,,,,,,,,,,,,,,,,,,,,,
609,2025-11-19,18:04:14.50463,38.15258,,13.7254901960784,843.75,4,4.6875,0,0,4.6875,0.9765625,91,14.15269,0,,,,0,,,,,20,,,,,,,,,,,,,,,,,,,,,,,,,,,,,,,,,,,,,,,,,,,,,,,,,,,,,,,,,,,,,,,,,,,,,,,,,,,,,,,,,,,,,,,,
610,2025-11-19,18:04:14.54278,38.19044,,13.7254901960784,843.75,4,4.6875,0,0,4.6875,0.9765625,91,14.15269,0,,,,0,,,,,20,,,,,,,,,,,,,,,,,,,,,,,,,,,,,,,,,,,,,,,,,,,,,,,,,,,,,,,,,,,,,,,,,,,,,,,,,,,,,,,,,,,,,,,,
611,2025-11-19,18:04:14.60008,38.24744,,13.7254901960784,843.75,4,4.6875,0,0,4.6875,1.171875,91,14.15269,0,,,,0,,,,,20,,,,,,,,,,,,,,,,,,,,,,,,,,,,,,,,,,,,,,,,,,,,,,,,,,,,,,,,,,,,,,,,,,,,,,,,,,,,,,,,,,,,,,,,
612,2025-11-19,18:04:14.66511,38.31266,,13.7254901960784,843.75,4,4.6875,0,0,4.6875,1.171875,91,14.22602,0,,,,0,,,,,20,,,,,,,,,,,,,,,,,,,,,,,,,,,,,,,,,,,,,,,,,,,,,,,,,,,,,,,,,,,,,,,,,,,,,,,,,,,,,,,,,,,,,,,,
613,2025-11-19,18:04:14.73011,38.37763,,13.7254901960784,843.75,4,4.6875,0,0,4.6875,1.3671875,91,14.07936,0,,,,0,,,,,20,,,,,,,,,,,,,,,,,,,,,,,,,,,,,,,,,,,,,,,,,,,,,,,,,,,,,,,,,,,,,,,,,,,,,,,,,,,,,,,,,,,,,,,,
614,2025-11-19,18:04:14.81301,38.46054,,13.7254901960784,812.5,6,4.6875,0,0,4.6875,1.171875,91,14.22602,0,,,,0,,,,,20,,,,,,,,,,,,,,,,,,,,,,,,,,,,,,,,,,,,,,,,,,,,,,,,,,,,,,,,,,,,,,,,,,,,,,,,,,,,,,,,,,,,,,,,
615,2025-11-19,18:04:14.86698,38.51446,,13.7254901960784,843.75,6,4.6875,0,0,4.6875,1.171875,91,14.22602,0,,,,0,,,,,20,,,,,,,,,,,,,,,,,,,,,,,,,,,,,,,,,,,,,,,,,,,,,,,,,,,,,,,,,,,,,,,,,,,,,,,,,,,,,,,,,,,,,,,,
616,2025-11-19,18:04:14.91191,38.5594,,13.7254901960784,843.75,4,4.6875,0,0,4.6875,1.171875,91,14.22602,0,,,,0,,,,,20,,,,,,,,,,,,,,,,,,,,,,,,,,,,,,,,,,,,,,,,,,,,,,,,,,,,,,,,,,,,,,,,,,,,,,,,,,,,,,,,,,,,,,,,
617,2025-11-19,18:04:14.95687,38.60439,,13.7254901960784,843.75,4,4.6875,0,0,4.6875,0.9765625,91,14.22602,0,,,,0,,,,,20,,,,,,,,,,,,,,,,,,,,,,,,,,,,,,,,,,,,,,,,,,,,,,,,,,,,,,,,,,,,,,,,,,,,,,,,,,,,,,,,,,,,,,,,
618,2025-11-19,18:04:15.03182,38.67942,,13.7254901960784,843.75,4,4.6875,0,0,4.6875,0.9765625,91,14.15269,0,,,,0,,,,,20,,,,,,,,,,,,,,,,,,,,,,,,,,,,,,,,,,,,,,,,,,,,,,,,,,,,,,,,,,,,,,,,,,,,,,,,,,,,,,,,,,,,,,,,
619,2025-11-19,18:04:15.07997,38.72729,,13.7254901960784,843.75,4,4.6875,0,0,4.6875,0.9765625,91,14.15269,0,,,,0,,,,,20,,,,,,,,,,,,,,,,,,,,,,,,,,,,,,,,,,,,,,,,,,,,,,,,,,,,,,,,,,,,,,,,,,,,,,,,,,,,,,,,,,,,,,,,
620,2025-11-19,18:04:15.13174,38.7792,,13.7254901960784,843.75,3,4.6875,0,0,4.6875,0.78125,91,14.15269,0,,,,0,,,,,20,,,,,,,,,,,,,,,,,,,,,,,,,,,,,,,,,,,,,,,,,,,,,,,,,,,,,,,,,,,,,,,,,,,,,,,,,,,,,,,,,,,,,,,,
621,2025-11-19,18:04:15.19473,38.84206,,13.7254901960784,843.75,4,4.6875,0,0,4.6875,0.78125,91,14.07936,0,,,,0,,,,,20,,,,,,,,,,,,,,,,,,,,,,,,,,,,,,,,,,,,,,,,,,,,,,,,,,,,,,,,,,,,,,,,,,,,,,,,,,,,,,,,,,,,,,,,
622,2025-11-19,18:04:15.28482,38.93222,,13.7254901960784,843.75,5,4.6875,0,0,4.6875,0.78125,91,14.22602,0,,,,0,,,,1.36068,20,,,,,,,,,,,,,,,,,,,,,,,,,,,,,,,,,,,,,,,,,,,,,,,,,,,,,,,,,,,,,,,,,,,,,,,,,,,,,,,,,,,,,,,,
623,2025-11-19,18:04:15.35487,39.00232,,13.7254901960784,843.75,5,4.8828125,0,0,4.8828125,0.5859375,91,14.22602,0,,,,0,,,,1.36068,20,,,,,,,,,,,,,,,,,,,,,,,,,,,,,,,,,,,,,,,,,,,,,,,,,,,,,,,,,,,,,,,,,,,,,,,,,,,,,,,,,,,,,,,,
624,2025-11-19,18:04:15.42947,39.07696,,13.7254901960784,843.75,4,4.8828125,0,0,4.8828125,0.5859375,91,14.22602,0,,,,0,,,,1.37402,20,,,,,,,,,,,,,,,,,,,,,,,,,,,,,,,,,,,,,,,,,,,,,,,,,,,,,,,,,,,,,,,,,,,,,,,,,,,,,,,,,,,,,,,,
625,2025-11-19,18:04:15.50366,39.15188,,13.7254901960784,812.5,6,4.8828125,0,0,4.8828125,0.78125,91,14.22602,0,,,,0,,,,1.37402,20,,,,,,,,,,,,,,,,,,,,,,,,,,,,,,,,,,,,,,,,,,,,,,,,,,,,,,,,,,,,,,,,,,,,,,,,,,,,,,,,,,,,,,,,
626,2025-11-19,18:04:15.55775,39.20587,,13.7254901960784,812.5,7,4.8828125,0,0,4.8828125,0.78125,91,14.15269,0,,,,0,,,,1.44072,20,,,,,,,,,,,,,,,,,,,,,,,,,,,,,,,,,,,,,,,,,,,,,,,,,,,,,,,,,,,,,,,,,,,,,,,,,,,,,,,,,,,,,,,,
627,2025-11-19,18:04:15.62825,39.27568,,13.7254901960784,843.75,5,4.8828125,0,0,4.8828125,0.9765625,91,14.15269,0,,,,0,,,,1.37402,20,,,,,,,,,,,,,,,,,,,,,,,,,,,,,,,,,,,,,,,,,,,,,,,,,,,,,,,,,,,,,,,,,,,,,,,,,,,,,,,,,,,,,,,,
628,2025-11-19,18:04:15.66843,39.31668,,13.7254901960784,843.75,5,4.8828125,0,0,4.8828125,0.9765625,91,14.22602,0,,,,0,,,,1.42738,20,,,,,,,,,,,,,,,,,,,,,,,,,,,,,,,,,,,,,,,,,,,,,,,,,,,,,,,,,,,,,,,,,,,,,,,,,,,,,,,,,,,,,,,,
629,2025-11-19,18:04:15.70820,39.35558,,13.7254901960784,843.75,4,4.8828125,0,0,4.8828125,0.9765625,91,14.22602,0,,,,0,,,,1.41404,20,,,,,,,,,,,,,,,,,,,,,,,,,,,,,,,,,,,,,,,,,,,,,,,,,,,,,,,,,,,,,,,,,,,,,,,,,,,,,,,,,,,,,,,,
630,2025-11-19,18:04:15.76125,39.40873,,13.7254901960784,843.75,4,4.8828125,0,0,4.8828125,1.171875,91,14.22602,0,,,,0,,,,1.37402,20,,,,,,,,,,,,,,,,,,,,,,,,,,,,,,,,,,,,,,,,,,,,,,,,,,,,,,,,,,,,,,,,,,,,,,,,,,,,,,,,,,,,,,,,
631,2025-11-19,18:04:15.82138,39.46871,,13.7254901960784,843.75,4,4.8828125,0,0,4.8828125,1.171875,91,14.22602,0,,,,0,,,,1.4007,20,,,,,,,,,,,,,,,,,,,,,,,,,,,,,,,,,,,,,,,,,,,,,,,,,,,,,,,,,,,,,,,,,,,,,,,,,,,,,,,,,,,,,,,,
632,2025-11-19,18:04:15.90013,39.54782,,13.7254901960784,843.75,5,4.8828125,0,0,4.8828125,1.3671875,91,14.22602,0,,,,0,,,,1.37402,21,,,,,,,,,,,,,,,,,,,,,,,,,,,,,,,,,,,,,,,,,,,,,,,,,,,,,,,,,,,,,,,,,,,,,,,,,,,,,,,,,,,,,,,,
633,2025-11-19,18:04:15.98607,39.63357,,13.7254901960784,843.75,5,4.8828125,0,0,4.8828125,1.3671875,91,14.22602,0,,,,0,,,,1.37402,20,,,,,,,,,,,,,,,,,,,,,,,,,,,,,,,,,,,,,,,,,,,,,,,,,,,,,,,,,,,,,,,,,,,,,,,,,,,,,,,,,,,,,,,,
634,2025-11-19,18:04:16.07601,39.7235,,13.7254901960784,843.75,4,4.8828125,0,0,4.8828125,1.5625,91,14.22602,0,,,,0,,,,1.36068,21,,,,,,,,,,,,,,,,,,,,,,,,,,,,,,,,,,,,,,,,,,,,,,,,,,,,,,,,,,,,,,,,,,,,,,,,,,,,,,,,,,,,,,,,
635,2025-11-19,18:04:16.16301,39.81049,,13.7254901960784,843.75,4,4.8828125,0,0,4.8828125,1.7578125,91,14.07936,0,,,,0,,,,1.37402,21,,,,,,,,,,,,,,,,,,,,,,,,,,,,,,,,,,,,,,,,,,,,,,,,,,,,,,,,,,,,,,,,,,,,,,,,,,,,,,,,,,,,,,,,
636,2025-11-19,18:04:16.22299,39.87041,,13.7254901960784,843.75,4,4.8828125,0,0,4.8828125,1.5625,91,14.15269,0,,,,0,,,,1.36068,21,,,,,,,,,,,,,,,,,,,,,,,,,,,,,,,,,,,,,,,,,,,,,,,,,,,,,,,,,,,,,,,,,,,,,,,,,,,,,,,,,,,,,,,,
637,2025-11-19,18:04:16.27489,39.92238,,13.7254901960784,843.75,4,4.8828125,0,0,4.8828125,1.5625,91,14.15269,0,,,,0,,,,1.41404,20,,,,,,,,,,,,,,,,,,,,,,,,,,,,,,,,,,,,,,,,,,,,,,,,,,,,,,,,,,,,,,,,,,,,,,,,,,,,,,,,,,,,,,,,
638,2025-11-19,18:04:16.34784,39.99531,,13.7254901960784,843.75,4,4.8828125,0,0,4.8828125,1.3671875,91,14.07936,0,,,,0,,,,1.42738,21,,,,,,,,,,,,,,,,,,,,,,,,,,,,,,,,,,,,,,,,,,,,,,,,,,,,,,,,,,,,,,,,,,,,,,,,,,,,,,,,,,,,,,,,
639,2025-11-19,18:04:16.40723,40.05526,,13.7254901960784,843.75,4,4.8828125,0,0,4.8828125,1.3671875,91,14.15269,0,,,,0,,,,1.37402,21,,,,,,,,,,,,,,,,,,,,,,,,,,,,,,,,,,,,,,,,,,,,,,,,,,,,,,,,,,,,,,,,,,,,,,,,,,,,,,,,,,,,,,,,
640,2025-11-19,18:04:16.48769,40.13515,,13.7254901960784,843.75,5,4.8828125,0,0,4.8828125,1.3671875,91,14.22602,0,,,,0,,,,1.42738,21,,,,,,,,,,,,,,,,,,,,,,,,,,,,,,,,,,,,,,,,,,,,,,,,,,,,,,,,,,,,,,,,,,,,,,,,,,,,,,,,,,,,,,,,
641,2025-11-19,18:04:16.56259,40.21006,,13.7254901960784,843.75,5,4.8828125,0,0,4.8828125,1.171875,91,14.22602,0,,,,0,,,,1.42738,21,,,,,,,,,,,,,,,,,,,,,,,,,,,,,,,,,,,,,,,,,,,,,,,,,,,,,,,,,,,,,,,,,,,,,,,,,,,,,,,,,,,,,,,,
642,2025-11-19,18:04:16.65681,40.30485,,13.7254901960784,843.75,5,5.078125,0,0,5.078125,1.171875,91,14.22602,0,,,,0,,,,1.37402,21,,,,,,,,,,,,,,,,,,,,,,,,,,,,,,,,,,,,,,,,,,,,,,,,,,,,,,,,,,,,,,,,,,,,,,,,,,,,,,,,,,,,,,,,
643,2025-11-19,18:04:16.74003,40.38749,,13.7254901960784,843.75,4,5.078125,0,0,5.078125,0.9765625,91,14.22602,0,,,,0,,,,1.42738,21,,,,,,,,,,,,,,,,,,,,,,,,,,,,,,,,,,,,,,,,,,,,,,,,,,,,,,,,,,,,,,,,,,,,,,,,,,,,,,,,,,,,,,,,
644,2025-11-19,18:04:16.81693,40.46481,,13.7254901960784,843.75,4,5.078125,0,0,5.078125,0.9765625,91,14.15269,0,,,,0,,,,1.38736,21,,,,,,,,,,,,,,,,,,,,,,,,,,,,,,,,,,,,,,,,,,,,,,,,,,,,,,,,,,,,,,,,,,,,,,,,,,,,,,,,,,,,,,,,
645,2025-11-19,18:04:16.90655,40.55533,,13.7254901960784,843.75,5,5.078125,0,0,5.078125,0.78125,91,14.22602,0,,,,0,,,,1.37402,21,,,,,,,,,,,,,,,,,,,,,,,,,,,,,,,,,,,,,,,,,,,,,,,,,,,,,,,,,,,,,,,,,,,,,,,,,,,,,,,,,,,,,,,,
646,2025-11-19,18:04:16.99621,40.64468,,13.7254901960784,843.75,4,5.078125,0,0,5.078125,0.78125,91,14.15269,0,,,,0,,,,1.37402,21,,,,,,,,,,,,,,,,,,,,,,,,,,,,,,,,,,,,,,,,,,,,,,,,,,,,,,,,,,,,,,,,,,,,,,,,,,,,,,,,,,,,,,,,
647,2025-11-19,18:04:17.08614,40.73412,,13.7254901960784,843.75,5,5.078125,0,0,5.078125,0.5859375,91,14.22602,0,,,,0,,,,1.38736,21,,,,,,,,,,,,,,,,,,,,,,,,,,,,,,,,,,,,,,,,,,,,,,,,,,,,,,,,,,,,,,,,,,,,,,,,,,,,,,,,,,,,,,,,
648,2025-11-19,18:04:17.15904,40.80654,,13.7254901960784,843.75,6,5.078125,0,0,5.078125,0.5859375,91,14.22602,0,,,,0,,,,1.37402,21,,,,,,,,,,,,,,,,,,,,,,,,,,,,,,,,,,,,,,,,,,,,,,,,,,,,,,,,,,,,,,,,,,,,,,,,,,,,,,,,,,,,,,,,
649,2025-11-19,18:04:17.21403,40.86155,,13.7254901960784,843.75,6,5.078125,0,0,5.078125,0.5859375,91,14.22602,0,,,,0,,,,1.36068,21,,,,,,,,,,,,,,,,,,,,,,,,,,,,,,,,,,,,,,,,,,,,,,,,,,,,,,,,,,,,,,,,,,,,,,,,,,,,,,,,,,,,,,,,
650,2025-11-19,18:04:17.30380,40.95133,,13.7254901960784,843.75,5,5.078125,0,0,5.078125,0.78125,91,14.15269,0,,,,0,,,,1.42738,21,,,,,,,,,,,,,,,,,,,,,,,,,,,,,,,,,,,,,,,,,,,,,,,,,,,,,,,,,,,,,,,,,,,,,,,,,,,,,,,,,,,,,,,,
651,2025-11-19,18:04:17.39388,41.04145,,13.7254901960784,843.75,5,5.078125,0,0,5.078125,0.9765625,91,14.22602,0,,,,0,,,,1.36068,21,,,,,,,,,,,,,,,,,,,,,,,,,,,,,,,,,,,,,,,,,,,,,,,,,,,,,,,,,,,,,,,,,,,,,,,,,,,,,,,,,,,,,,,,
652,2025-11-19,18:04:17.47380,41.12133,,13.7254901960784,843.75,5,5.078125,0,0,5.078125,0.9765625,91,14.15269,0,,,,0,,,,1.36068,21,,,,,,,,,,,,,,,,,,,,,,,,,,,,,,,,,,,,,,,,,,,,,,,,,,,,,,,,,,,,,,,,,,,,,,,,,,,,,,,,,,,,,,,,
653,2025-11-19,18:04:17.55876,41.20627,,13.7254901960784,843.75,5,5.078125,0,0,5.078125,1.171875,91,14.22602,0,,,,0,,,,1.42738,21,,,,,,,,,,,,,,,,,,,,,,,,,,,,,,,,,,,,,,,,,,,,,,,,,,,,,,,,,,,,,,,,,,,,,,,,,,,,,,,,,,,,,,,,
654,2025-11-19,18:04:17.62876,41.27619,,13.7254901960784,843.75,5,5.078125,0,0,5.078125,1.3671875,91,14.22602,0,,,,0,,,,1.41404,21,,,,,,,,,,,,,,,,,,,,,,,,,,,,,,,,,,,,,,,,,,,,,,,,,,,,,,,,,,,,,,,,,,,,,,,,,,,,,,,,,,,,,,,,
655,2025-11-19,18:04:17.73376,41.38114,,13.7254901960784,843.75,4,5.078125,0,0,5.078125,1.3671875,91,14.15269,0,,,,0,,,,1.42738,21,,,,,,,,,,,,,,,,,,,,,,,,,,,,,,,,,,,,,,,,,,,,,,,,,,,,,,,,,,,,,,,,,,,,,,,,,,,,,,,,,,,,,,,,
656,2025-11-19,18:04:17.80046,41.44788,,13.7254901960784,843.75,5,5.078125,0,0,5.078125,1.3671875,91,14.22602,0,,,,0,,,,1.42738,21,,,,,,,,,,,,,,,,,,,,,,,,,,,,,,,,,,,,,,,,,,,,,,,,,,,,,,,,,,,,,,,,,,,,,,,,,,,,,,,,,,,,,,,,
657,2025-11-19,18:04:17.84038,41.48775,,13.7254901960784,843.75,6,5.2734375,0,0,5.2734375,1.3671875,91,14.07936,0,,,,0,,,,1.42738,21,,,,,,,,,,,,,,,,,,,,,,,,,,,,,,,,,,,,,,,,,,,,,,,,,,,,,,,,,,,,,,,,,,,,,,,,,,,,,,,,,,,,,,,,
658,2025-11-19,18:04:17.88202,41.5298,,13.7254901960784,843.75,5,5.2734375,0,0,5.2734375,1.3671875,91,14.15269,0,,,,0,,,,1.41404,21,,,,,,,,,,,,,,,,,,,,,,,,,,,,,,,,,,,,,,,,,,,,,,,,,,,,,,,,,,,,,,,,,,,,,,,,,,,,,,,,,,,,,,,,
659,2025-11-19,18:04:17.94262,41.58994,,13.7254901960784,843.75,5,5.2734375,0,0,5.2734375,1.171875,91,14.22602,0,,,,0,,,,1.4007,21,,,,,,,,,,,,,,,,,,,,,,,,,,,,,,,,,,,,,,,,,,,,,,,,,,,,,,,,,,,,,,,,,,,,,,,,,,,,,,,,,,,,,,,,
660,2025-11-19,18:04:18.01536,41.66286,,13.7254901960784,843.75,4,5.2734375,0,0,5.2734375,1.171875,91,14.15269,0,,,,0,,,,1.38736,21,,,,,,,,,,,,,,,,,,,,,,,,,,,,,,,,,,,,,,,,,,,,,,,,,,,,,,,,,,,,,,,,,,,,,,,,,,,,,,,,,,,,,,,,
661,2025-11-19,18:04:18.08197,41.72974,,13.7254901960784,843.75,4,5.2734375,0,0,5.2734375,1.171875,91,14.15269,0,,,,0,,,,1.36068,21,,,,,,,,,,,,,,,,,,,,,,,,,,,,,,,,,,,,,,,,,,,,,,,,,,,,,,,,,,,,,,,,,,,,,,,,,,,,,,,,,,,,,,,,
662,2025-11-19,18:04:18.15537,41.8027,,13.7254901960784,843.75,5,5.2734375,0,0,5.2734375,0.9765625,91,14.22602,0,,,,0,,,,1.36068,21,,,,,,,,,,,,,,,,,,,,,,,,,,,,,,,,,,,,,,,,,,,,,,,,,,,,,,,,,,,,,,,,,,,,,,,,,,,,,,,,,,,,,,,,
663,2025-11-19,18:04:18.24016,41.88768,,13.7254901960784,843.75,5,5.2734375,0,0,5.2734375,0.9765625,91,14.22602,0,,,,0,,,,1.42738,21,,,,,,,,,,,,,,,,,,,,,,,,,,,,,,,,,,,,,,,,,,,,,,,,,,,,,,,,,,,,,,,,,,,,,,,,,,,,,,,,,,,,,,,,
664,2025-11-19,18:04:18.32008,41.96748,,13.7254901960784,843.75,4,5.2734375,0,0,5.2734375,0.78125,91,14.22602,0,,,,0,,,,1.36068,21,,,,,,,,,,,,,,,,,,,,,,,,,,,,,,,,,,,,,,,,,,,,,,,,,,,,,,,,,,,,,,,,,,,,,,,,,,,,,,,,,,,,,,,,
665,2025-11-19,18:04:18.38989,42.03749,,13.7254901960784,843.75,4,5.2734375,0,0,5.2734375,0.78125,91,14.15269,0,,,,0,,,,1.36068,21,,,,,,,,,,,,,,,,,,,,,,,,,,,,,,,,,,,,,,,,,,,,,,,,,,,,,,,,,,,,,,,,,,,,,,,,,,,,,,,,,,,,,,,,
666,2025-11-19,18:04:18.46991,42.11743,,13.7254901960784,843.75,6,5.2734375,0,0,5.2734375,0.5859375,91,14.22602,0,,,,0,,,,1.37402,21,,,,,,,,,,,,,,,,,,,,,,,,,,,,,,,,,,,,,,,,,,,,,,,,,,,,,,,,,,,,,,,,,,,,,,,,,,,,,,,,,,,,,,,,
667,2025-11-19,18:04:18.53839,42.18641,,13.7254901960784,843.75,7,5.2734375,0,0,5.2734375,0.5859375,91,14.22602,0,,,,0,,,,1.36068,21,,,,,,,,,,,,,,,,,,,,,,,,,,,,,,,,,,,,,,,,,,,,,,,,,,,,,,,,,,,,,,,,,,,,,,,,,,,,,,,,,,,,,,,,
668,2025-11-19,18:04:18.58593,42.2335,,13.7254901960784,843.75,6,5.2734375,0,0,5.2734375,0.5859375,91,14.22602,0,,,,0,,,,1.36068,21,,,,,,,,,,,,,,,,,,,,,,,,,,,,,,,,,,,,,,,,,,,,,,,,,,,,,,,,,,,,,,,,,,,,,,,,,,,,,,,,,,,,,,,,
669,2025-11-19,18:04:18.64684,42.2943,,13.7254901960784,843.75,4,5.2734375,0,0,5.2734375,0.390625,91,14.22602,0,,,,0,,,,1.37402,21,,,,,,,,,,,,,,,,,,,,,,,,,,,,,,,,,,,,,,,,,,,,,,,,,,,,,,,,,,,,,,,,,,,,,,,,,,,,,,,,,,,,,,,,
670,2025-11-19,18:04:18.69696,42.34441,,13.7254901960784,843.75,5,5.2734375,0,0,5.2734375,0.390625,91,14.22602,0,,,,0,,,,1.38736,21,,,,,,,,,,,,,,,,,,,,,,,,,,,,,,,,,,,,,,,,,,,,,,,,,,,,,,,,,,,,,,,,,,,,,,,,,,,,,,,,,,,,,,,,
671,2025-11-19,18:04:18.77388,42.42128,,13.7254901960784,843.75,5,5.2734375,0,0,5.2734375,0.390625,91,14.22602,0,,,,0,,,,1.42738,21,,,,,,,,,,,,,,,,,,,,,,,,,,,,,,,,,,,,,,,,,,,,,,,,,,,,,,,,,,,,,,,,,,,,,,,,,,,,,,,,,,,,,,,,
672,2025-11-19,18:04:18.83460,42.48208,,13.7254901960784,843.75,5,5.2734375,0,0,5.2734375,0.1953125,91,14.22602,0,,,,0,,,,1.36068,21,,,,,,,,,,,,,,,,,,,,,,,,,,,,,,,,,,,,,,,,,,,,,,,,,,,,,,,,,,,,,,,,,,,,,,,,,,,,,,,,,,,,,,,,
673,2025-11-19,18:04:19.05546,42.70377,,13.7254901960784,843.75,6,5.2734375,0,0,5.2734375,0.1953125,91,14.22602,0,,,,0,,,,1.37402,21,,,,,,,,,,,,,,,,,,,,,,,,,,,,,,,,,,,,,,,,,,,,,,,,,,,,,,,,,,,,,,,,,,,,,,,,,,,,,,,,,,,,,,,,
674,2025-11-19,18:04:19.24074,42.88828,,13.7254901960784,843.75,4,5.2734375,0,0,5.2734375,0,91,14.15269,0,,,,0,,0,,1.44072,21,,,,,,,,,,,,,,,,,,,,,,,,,,,,,,,,,,,,,,,,,,,,,,,,,,,,,,,,,,,,,,,,,,,,,,,,,,,,,,,,,,,,,,,,
675,2025-11-19,18:04:19.32727,42.97482,,13.7254901960784,843.75,6,5.2734375,0,0,5.2734375,-0.1953125,91,14.07936,0,,,,0,,0,,1.4007,21,,,,,,,,,,,,,,,,,,,,,,,,,,,,,,,,,,,,,,,,,,,,,,,,,,,,,,,,,,,,,,,,,,,,,,,,,,,,,,,,,,,,,,,,
676,2025-11-19,18:04:19.38327,43.03078,,13.7254901960784,843.75,6,5.2734375,0,0,5.2734375,-0.390625,91,14.22602,0,,,,0,,0,,1.42738,21,,,,,,,,,,,,,,,,,,,,,,,,,,,,,,,,,,,,,,,,,,,,,,,,,,,,,,,,,,,,,,,,,,,,,,,,,,,,,,,,,,,,,,,,
677,2025-11-19,18:04:19.45823,43.10571,,13.7254901960784,812.5,6,5.2734375,0,0,5.2734375,-0.390625,91,14.15269,0,,,,0,,0,,1.41404,21,,,,,,,,,,,,,,,,,,,,,,,,,,,,,,,,,,,,,,,,,,,,,,,,,,,,,,,,,,,,,,,,,,,,,,,,,,,,,,,,,,,,,,,,
678,2025-11-19,18:04:19.52442,43.17237,,13.7254901960784,843.75,5,5.2734375,0,0,5.2734375,-0.390625,91,14.15269,0,,,,0,,0,,1.38736,21,,,,,,,,,,,,,,,,,,,,,,,,,,,,,,,,,,,,,,,,,,,,,,,,,,,,,,,,,,,,,,,,,,,,,,,,,,,,,,,,,,,,,,,,
679,2025-11-19,18:04:19.57609,43.22372,,13.7254901960784,843.75,4,5.2734375,0,0,5.2734375,-0.390625,91,14.15269,0,,,,0,,0,,1.42738,21,,,,,,,,,,,,,,,,,,,,,,,,,,,,,,,,,,,,,,,,,,,,,,,,,,,,,,,,,,,,,,,,,,,,,,,,,,,,,,,,,,,,,,,,
680,2025-11-19,18:04:19.62300,43.27036,,13.7254901960784,812.5,5,5.2734375,0,0,5.2734375,-0.390625,91,14.15269,0,,,,0,,0,,1.37402,21,,,,,,,,,,,,,,,,,,,,,,,,,,,,,,,,,,,,,,,,,,,,,,,,,,,,,,,,,,,,,,,,,,,,,,,,,,,,,,,,,,,,,,,,
681,2025-11-19,18:04:19.69293,43.34029,,13.7254901960784,843.75,6,5.2734375,0,0,5.2734375,-0.1953125,91,14.22602,0,,,,0,,0,,1.37402,21,,,,,,,,,,,,,,,,,,,,,,,,,,,,,,,,,,,,,,,,,,,,,,,,,,,,,,,,,,,,,,,,,,,,,,,,,,,,,,,,,,,,,,,,
682,2025-11-19,18:04:19.76930,43.41735,,13.7254901960784,843.75,4,5.2734375,0,0,5.2734375,-0.1953125,91,14.15269,0,,,,0,,0,,1.37402,21,,,,,,,,,,,,,,,,,,,,,,,,,,,,,,,,,,,,,,,,,,,,,,,,,,,,,,,,,,,,,,,,,,,,,,,,,,,,,,,,,,,,,,,,
683,2025-11-19,18:04:19.83698,43.4852,,13.7254901960784,843.75,4,5.2734375,0,0,5.2734375,0,91,14.22602,0,,,,0,,0,,1.36068,21,,,,,,,,,,,,,,,,,,,,,,,,,,,,,,,,,,,,,,,,,,,,,,,,,,,,,,,,,,,,,,,,,,,,,,,,,,,,,,,,,,,,,,,,
684,2025-11-19,18:04:19.89978,43.54714,,13.7254901960784,843.75,4,5.2734375,0,0,5.2734375,0,91,14.22602,0,,,,0,,0,,1.37402,21,,,,,,,,,,,,,,,,,,,,,,,,,,,,,,,,,,,,,,,,,,,,,,,,,,,,,,,,,,,,,,,,,,,,,,,,,,,,,,,,,,,,,,,,
685,2025-11-19,18:04:19.95178,43.59912,,13.7254901960784,843.75,4,5.2734375,0,0,5.2734375,0.1953125,91,14.15269,0,,,,0,,0,,1.37402,21,,,,,,,,,,,,,,,,,,,,,,,,,,,,,,,,,,,,,,,,,,,,,,,,,,,,,,,,,,,,,,,,,,,,,,,,,,,,,,,,,,,,,,,,
686,2025-11-19,18:04:19.99470,43.64206,,13.7254901960784,843.75,4,5.2734375,0,0,5.2734375,0.1953125,91,14.15269,0,,,,0,,0,,1.41404,21,,,,,,,,,,,,,,,,,,,,,,,,,,,,,,,,,,,,,,,,,,,,,,,,,,,,,,,,,,,,,,,,,,,,,,,,,,,,,,,,,,,,,,,,
687,2025-11-19,18:04:20.08462,43.73198,,13.7254901960784,843.75,5,5.2734375,0,0,5.2734375,0.1953125,91,14.22602,0,,,,0,,0,,1.37402,21,,,,,,,,,,,,,,,,,,,,,,,,,,,,,,,,,,,,,,,,,,,,,,,,,,,,,,,,,,,,,,,,,,,,,,,,,,,,,,,,,,,,,,,,
688,2025-11-19,18:04:20.12661,43.77396,,13.7254901960784,843.75,5,5.2734375,0,0,5.2734375,0.390625,91,14.22602,0,,,,0,,0,,1.37402,21,,,,,,,,,,,,,,,,,,,,,,,,,,,,,,,,,,,,,,,,,,,,,,,,,,,,,,,,,,,,,,,,,,,,,,,,,,,,,,,,,,,,,,,,
689,2025-11-19,18:04:20.17142,43.81895,,13.7254901960784,843.75,4,5.2734375,0,0,5.2734375,0.5859375,91,14.15269,0,,,,0,,0,,1.41404,21,,,,,,,,,,,,,,,,,,,,,,,,,,,,,,,,,,,,,,,,,,,,,,,,,,,,,,,,,,,,,,,,,,,,,,,,,,,,,,,,,,,,,,,,
690,2025-11-19,18:04:20.22006,43.86817,,13.7254901960784,843.75,4,5.2734375,0,0,5.2734375,0.5859375,91,14.15269,0,,,,0,,0,,1.38736,21,,,,,,,,,,,,,,,,,,,,,,,,,,,,,,,,,,,,,,,,,,,,,,,,,,,,,,,,,,,,,,,,,,,,,,,,,,,,,,,,,,,,,,,,
691,2025-11-19,18:04:20.29455,43.94205,,13.7254901960784,843.75,5,5.2734375,0,0,5.2734375,0.5859375,91,14.07936,0,,,,0,,0,,1.4007,21,,,,,,,,,,,,,,,,,,,,,,,,,,,,,,,,,,,,,,,,,,,,,,,,,,,,,,,,,,,,,,,,,,,,,,,,,,,,,,,,,,,,,,,,
692,2025-11-19,18:04:20.37124,44.01897,,13.7254901960784,843.75,6,5.2734375,0,0,5.2734375,0.78125,91,14.15269,0,,,,0,,0,,1.36068,21,,,,,,,,,,,,,,,,,,,,,,,,,,,,,,,,,,,,,,,,,,,,,,,,,,,,,,,,,,,,,,,,,,,,,,,,,,,,,,,,,,,,,,,,
693,2025-11-19,18:04:20.50632,44.15389,,13.7254901960784,843.75,4,5.2734375,0,0,5.2734375,0.78125,91,14.22602,0,,,,0,,0,,1.42738,21,,,,,,,,,,,,,,,,,,,,,,,,,,,,,,,,,,,,,,,,,,,,,,,,,,,,,,,,,,,,,,,,,,,,,,,,,,,,,,,,,,,,,,,,
694,2025-11-19,18:04:20.58433,44.23183,,13.7254901960784,843.75,4,5.2734375,0,0,5.2734375,0.9765625,91,14.15269,0,,,,0,,0,,1.37402,21,,,,,,,,,,,,,,,,,,,,,,,,,,,,,,,,,,,,,,,,,,,,,,,,,,,,,,,,,,,,,,,,,,,,,,,,,,,,,,,,,,,,,,,,
695,2025-11-19,18:04:20.65132,44.29884,,13.7254901960784,843.75,6,5.2734375,0,0,5.2734375,0.9765625,91,14.15269,0,,,,0,,0,,1.38736,21,,,,,,,,,,,,,,,,,,,,,,,,,,,,,,,,,,,,,,,,,,,,,,,,,,,,,,,,,,,,,,,,,,,,,,,,,,,,,,,,,,,,,,,,
696,2025-11-19,18:04:20.71826,44.36567,,13.7254901960784,843.75,5,5.46875,0,0,5.46875,0.9765625,91,14.15269,0,,,,0,,0,,1.38736,21,,,,,,,,,,,,,,,,,,,,,,,,,,,,,,,,,,,,,,,,,,,,,,,,,,,,,,,,,,,,,,,,,,,,,,,,,,,,,,,,,,,,,,,,
697,2025-11-19,18:04:20.77625,44.42366,,13.7254901960784,843.75,4,5.46875,0,0,5.46875,0.78125,91,14.15269,0,,,,0,,0,,1.41404,21,,,,,,,,,,,,,,,,,,,,,,,,,,,,,,,,,,,,,,,,,,,,,,,,,,,,,,,,,,,,,,,,,,,,,,,,,,,,,,,,,,,,,,,,
698,2025-11-19,18:04:20.85557,44.5036,,13.7254901960784,843.75,4,5.46875,0,0,5.46875,0.78125,91,14.22602,0,,,,0,,0,,1.41404,21,,,,,,,,,,,,,,,,,,,,,,,,,,,,,,,,,,,,,,,,,,,,,,,,,,,,,,,,,,,,,,,,,,,,,,,,,,,,,,,,,,,,,,,,
699,2025-11-19,18:04:20.94707,44.59488,,13.7254901960784,843.75,6,5.46875,0,0,5.46875,0.5859375,91,14.15269,0,,,,0,,0,,1.37402,21,,,,,,,,,,,,,,,,,,,,,,,,,,,,,,,,,,,,,,,,,,,,,,,,,,,,,,,,,,,,,,,,,,,,,,,,,,,,,,,,,,,,,,,,
700,2025-11-19,18:04:21.02826,44.67558,,13.7254901960784,843.75,5,5.46875,0,0,5.46875,0.5859375,91,14.22602,0,,,,0,,0,,1.41404,21,,,,,,,,,,,,,,,,,,,,,,,,,,,,,,,,,,,,,,,,,,,,,,,,,,,,,,,,,,,,,,,,,,,,,,,,,,,,,,,,,,,,,,,,
701,2025-11-19,18:04:21.07238,44.72009,,13.7254901960784,843.75,4,5.46875,0,0,5.46875,0.5859375,91,14.07936,0,,,,0,,0,,1.42738,21,,,,,,,,,,,,,,,,,,,,,,,,,,,,,,,,,,,,,,,,,,,,,,,,,,,,,,,,,,,,,,,,,,,,,,,,,,,,,,,,,,,,,,,,
702,2025-11-19,18:04:21.11777,44.76516,,13.7254901960784,843.75,5,5.46875,0,0,5.46875,0.390625,91,14.15269,0,,,,0,,0,,1.38736,21,,,,,,,,,,,,,,,,,,,,,,,,,,,,,,,,,,,,,,,,,,,,,,,,,,,,,,,,,,,,,,,,,,,,,,,,,,,,,,,,,,,,,,,,
703,2025-11-19,18:04:21.18196,44.82981,,13.7254901960784,843.75,6,5.46875,0,0,5.46875,0.390625,91,14.15269,0,,,,0,,0,,1.44072,21,,,,,,,,,,,,,,,,,,,,,,,,,,,,,,,,,,,,,,,,,,,,,,,,,,,,,,,,,,,,,,,,,,,,,,,,,,,,,,,,,,,,,,,,
704,2025-11-19,18:04:21.25514,44.90317,,13.7254901960784,843.75,6,5.46875,0,0,5.46875,0.390625,91,14.15269,0,,,,0,,0,,1.44072,21,,,,,,,,,,,,,,,,,,,,,,,,,,,,,,,,,,,,,,,,,,,,,,,,,,,,,,,,,,,,,,,,,,,,,,,,,,,,,,,,,,,,,,,,
705,2025-11-19,18:04:21.33569,44.98324,,13.7254901960784,843.75,4,5.46875,0,0,5.46875,0.1953125,91,14.15269,0,,,,0,,0,,1.36068,21,,,,,,,,,,,,,,,,,,,,,,,,,,,,,,,,,,,,,,,,,,,,,,,,,,,,,,,,,,,,,,,,,,,,,,,,,,,,,,,,,,,,,,,,
706,2025-11-19,18:04:21.41458,45.06208,,13.7254901960784,843.75,5,5.46875,0,0,5.46875,0.1953125,91,14.22602,0,,,,0,,0,,1.36068,21,,,,,,,,,,,,,,,,,,,,,,,,,,,,,,,,,,,,,,,,,,,,,,,,,,,,,,,,,,,,,,,,,,,,,,,,,,,,,,,,,,,,,,,,
707,2025-11-19,18:04:21.47259,45.12008,,13.7254901960784,843.75,5,5.46875,0,0,5.46875,0,91,14.22602,0,,,,0,,0,,1.42738,21,,,,,,,,,,,,,,,,,,,,,,,,,,,,,,,,,,,,,,,,,,,,,,,,,,,,,,,,,,,,,,,,,,,,,,,,,,,,,,,,,,,,,,,,
708,2025-11-19,18:04:21.52767,45.17496,,13.7254901960784,843.75,6,5.46875,0,0,5.46875,0,91,14.22602,0,,,,0,,0,,1.37402,21,,,,,,,,,,,,,,,,,,,,,,,,,,,,,,,,,,,,,,,,,,,,,,,,,,,,,,,,,,,,,,,,,,,,,,,,,,,,,,,,,,,,,,,,
709,2025-11-19,18:04:21.58478,45.23209,,13.7254901960784,843.75,5,5.46875,0,0,5.46875,0,91,14.22602,0,,,,0,,0,,1.41404,21,,,,,,,,,,,,,,,,,,,,,,,,,,,,,,,,,,,,,,,,,,,,,,,,,,,,,,,,,,,,,,,,,,,,,,,,,,,,,,,,,,,,,,,,
710,2025-11-19,18:04:21.87818,45.52634,,13.7254901960784,843.75,5,5.46875,0,0,5.46875,-0.1953125,91,14.07936,0,,,,0,1.536,1.08,,1.37402,21,,,,,,,,,,,,,,,,,,,,,,,,,,,,,,,,,,,,,,,,,,,,,,,,,,,,,,,,,,,,,,,,,,,,,,,,,,,,,,,,,,,,,,,,
711,2025-11-19,18:04:21.96239,45.60971,,13.7254901960784,812.5,6,5.46875,0,0,5.46875,0.1953125,91,14.22602,0,,,,0,1.536,1.08,,1.37402,21,,,,,,,,,,,,,,,,,,,,,,,,,,,,,,,,,,,,,,,,,,,,,,,,,,,,,,,,,,,,,,,,,,,,,,,,,,,,,,,,,,,,,,,,
712,2025-11-19,18:04:22.05699,45.70458,,13.7254901960784,843.75,5,5.46875,0,0,5.46875,0.390625,91,14.15269,0,,,,0,1.536,1.08,,1.36068,21,,,,,,,,,,,,,,,,,,,,,,,,,,,,,,,,,,,,,,,,,,,,,,,,,,,,,,,,,,,,,,,,,,,,,,,,,,,,,,,,,,,,,,,,
713,2025-11-19,18:04:22.13395,45.78137,,13.7254901960784,843.75,4,5.46875,0,0,5.46875,0.390625,91,14.22602,0,,,,0,1.536,1.08,,1.37402,21,,,,,,,,,,,,,,,,,,,,,,,,,,,,,,,,,,,,,,,,,,,,,,,,,,,,,,,,,,,,,,,,,,,,,,,,,,,,,,,,,,,,,,,,
714,2025-11-19,18:04:22.18897,45.83644,,13.7254901960784,843.75,3,5.46875,0,0,5.46875,0.5859375,91,14.22602,0,,,,0,1.536,1.08,,1.41404,21,,,,,,,,,,,,,,,,,,,,,,,,,,,,,,,,,,,,,,,,,,,,,,,,,,,,,,,,,,,,,,,,,,,,,,,,,,,,,,,,,,,,,,,,
715,2025-11-19,18:04:22.23888,45.88633,,13.7254901960784,843.75,5,5.46875,0,0,5.46875,0.5859375,91,14.22602,0,,,,0,1.536,1.08,,1.36068,21,,,,,,,,,,,,,,,,,,,,,,,,,,,,,,,,,,,,,,,,,,,,,,,,,,,,,,,,,,,,,,,,,,,,,,,,,,,,,,,,,,,,,,,,
716,2025-11-19,18:04:22.29077,45.93818,,13.7254901960784,843.75,6,5.46875,0,0,5.46875,0.78125,91,14.15269,0,,,,0,1.536,1.08,,1.42738,21,,,,,,,,,,,,,,,,,,,,,,,,,,,,,,,,,,,,,,,,,,,,,,,,,,,,,,,,,,,,,,,,,,,,,,,,,,,,,,,,,,,,,,,,
717,2025-11-19,18:04:22.34877,45.99619,,13.7254901960784,843.75,5,5.46875,0,0,5.46875,0.5859375,91,14.22602,0,,,,0,1.536,1.08,,1.36068,21,,,,,,,,,,,,,,,,,,,,,,,,,,,,,,,,,,,,,,,,,,,,,,,,,,,,,,,,,,,,,,,,,,,,,,,,,,,,,,,,,,,,,,,,
718,2025-11-19,18:04:22.42344,46.0712,,13.7254901960784,843.75,4,5.46875,0,0,5.46875,0.5859375,91,14.15269,0,,,,0,1.536,1.08,,1.36068,21,,,,,,,,,,,,,,,,,,,,,,,,,,,,,,,,,,,,,,,,,,,,,,,,,,,,,,,,,,,,,,,,,,,,,,,,,,,,,,,,,,,,,,,,
719,2025-11-19,18:04:22.49871,46.1462,,13.7254901960784,843.75,4,5.46875,0,0,5.6640625,0.5859375,91,14.22602,0,,,,0,1.536,1.08,,1.38736,21,,,,,,,,,,,,,,,,,,,,,,,,,,,,,,,,,,,,,,,,,,,,,,,,,,,,,,,,,,,,,,,,,,,,,,,,,,,,,,,,,,,,,,,,
720,2025-11-19,18:04:22.58557,46.233,,13.7254901960784,843.75,4,5.6640625,0,0,5.6640625,0.390625,91,14.15269,0,,,,0,1.536,1.08,,1.37402,21,,,,,,,,,,,,,,,,,,,,,,,,,,,,,,,,,,,,,,,,,,,,,,,,,,,,,,,,,,,,,,,,,,,,,,,,,,,,,,,,,,,,,,,,
721,2025-11-19,18:04:22.65852,46.30594,,13.7254901960784,843.75,4,5.6640625,0,0,5.6640625,0.390625,91,14.15269,0,,,,0,1.536,1.08,,1.37402,21,,,,,,,,,,,,,,,,,,,,,,,,,,,,,,,,,,,,,,,,,,,,,,,,,,,,,,,,,,,,,,,,,,,,,,,,,,,,,,,,,,,,,,,,
722,2025-11-19,18:04:22.73757,46.38607,,13.7254901960784,843.75,4,5.6640625,0,0,5.6640625,0.1953125,91,14.22602,0,,,,0,1.536,1.08,,1.34734,21,,,,,,,,,,,,,,,,,,,,,,,,,,,,,,,,,,,,,,,,,,,,,,,,,,,,,,,,,,,,,,,,,,,,,,,,,,,,,,,,,,,,,,,,
723,2025-11-19,18:04:22.83249,46.47999,,13.7254901960784,843.75,4,5.6640625,0,0,5.6640625,0.1953125,91,14.22602,0,,,,0,1.536,1.08,,1.37402,21,,,,,,,,,,,,,,,,,,,,,,,,,,,,,,,,,,,,,,,,,,,,,,,,,,,,,,,,,,,,,,,,,,,,,,,,,,,,,,,,,,,,,,,,
724,2025-11-19,18:04:22.89738,46.54496,,13.7254901960784,843.75,6,5.6640625,0,0,5.6640625,0,91,14.22602,0,,,,0,1.536,1.08,,1.42738,21,,,,,,,,,,,,,,,,,,,,,,,,,,,,,,,,,,,,,,,,,,,,,,,,,,,,,,,,,,,,,,,,,,,,,,,,,,,,,,,,,,,,,,,,
725,2025-11-19,18:04:22.94995,46.59788,,13.7254901960784,843.75,6,5.6640625,0,0,5.6640625,0,91,14.15269,0,,,,0,1.536,1.08,,1.37402,21,,,,,,,,,,,,,,,,,,,,,,,,,,,,,,,,,,,,,,,,,,,,,,,,,,,,,,,,,,,,,,,,,,,,,,,,,,,,,,,,,,,,,,,,
726,2025-11-19,18:04:23.03531,46.68282,,13.7254901960784,843.75,6,5.6640625,0,0,5.6640625,0,91,14.22602,0,,,,0,1.536,1.08,,1.42738,21,,,,,,,,,,,,,,,,,,,,,,,,,,,,,,,,,,,,,,,,,,,,,,,,,,,,,,,,,,,,,,,,,,,,,,,,,,,,,,,,,,,,,,,,
727,2025-11-19,18:04:23.10962,46.75765,,13.7254901960784,843.75,4,5.6640625,0,0,5.6640625,-0.1953125,91,14.15269,0,,,,0,1.536,1.08,,1.41404,21,,,,,,,,,,,,,,,,,,,,,,,,,,,,,,,,,,,,,,,,,,,,,,,,,,,,,,,,,,,,,,,,,,,,,,,,,,,,,,,,,,,,,,,,
728,2025-11-19,18:04:23.20057,46.8482,,13.7254901960784,843.75,5,5.6640625,0,0,5.6640625,-0.1953125,91,14.22602,0,,,,0,1.536,1.08,,1.37402,21,,,,,,,,,,,,,,,,,,,,,,,,,,,,,,,,,,,,,,,,,,,,,,,,,,,,,,,,,,,,,,,,,,,,,,,,,,,,,,,,,,,,,,,,
729,2025-11-19,18:04:23.28024,46.92932,,13.7254901960784,843.75,6,5.6640625,0,0,5.6640625,-0.390625,91,14.22602,0,,,,0,1.536,1.08,,1.36068,21,,,,,,,,,,,,,,,,,,,,,,,,,,,,,,,,,,,,,,,,,,,,,,,,,,,,,,,,,,,,,,,,,,,,,,,,,,,,,,,,,,,,,,,,
730,2025-11-19,18:04:23.35499,47.00244,,13.7254901960784,843.75,6,5.6640625,0,0,5.6640625,-0.390625,91,14.15269,0,,,,0,1.536,1.08,,1.41404,21,,,,,,,,,,,,,,,,,,,,,,,,,,,,,,,,,,,,,,,,,,,,,,,,,,,,,,,,,,,,,,,,,,,,,,,,,,,,,,,,,,,,,,,,
731,2025-11-19,18:04:23.45503,47.10312,,13.7254901960784,843.75,5,5.6640625,0,0,5.6640625,-0.5859375,91,14.22602,0,,,,0,1.536,1.08,,1.36068,21,,,,,,,,,,,,,,,,,,,,,,,,,,,,,,,,,,,,,,,,,,,,,,,,,,,,,,,,,,,,,,,,,,,,,,,,,,,,,,,,,,,,,,,,
732,2025-11-19,18:04:23.53896,47.18644,,13.7254901960784,843.75,4,5.46875,0,0,5.46875,-0.390625,91,14.22602,0,,,,0,1.536,1.08,,1.41404,21,,,,,,,,,,,,,,,,,,,,,,,,,,,,,,,,,,,,,,,,,,,,,,,,,,,,,,,,,,,,,,,,,,,,,,,,,,,,,,,,,,,,,,,,
733,2025-11-19,18:04:23.60883,47.25633,,13.7254901960784,843.75,6,5.46875,0,0,5.46875,-0.1953125,91,14.22602,0,,,,0,1.536,1.08,,1.4007,21,,,,,,,,,,,,,,,,,,,,,,,,,,,,,,,,,,,,,,,,,,,,,,,,,,,,,,,,,,,,,,,,,,,,,,,,,,,,,,,,,,,,,,,,
734,2025-11-19,18:04:23.66901,47.31636,,13.7254901960784,843.75,6,5.46875,0,0,5.46875,-0.1953125,91,14.15269,0,,,,0,1.536,1.08,,1.36068,21,,,,,,,,,,,,,,,,,,,,,,,,,,,,,,,,,,,,,,,,,,,,,,,,,,,,,,,,,,,,,,,,,,,,,,,,,,,,,,,,,,,,,,,,
735,2025-11-19,18:04:23.72875,47.37622,,13.7254901960784,843.75,4,5.46875,0,0,5.46875,0,91,14.15269,0,,,,0,1.536,1.08,,1.41404,21,,,,,,,,,,,,,,,,,,,,,,,,,,,,,,,,,,,,,,,,,,,,,,,,,,,,,,,,,,,,,,,,,,,,,,,,,,,,,,,,,,,,,,,,
736,2025-11-19,18:04:23.78865,47.43604,,13.7254901960784,843.75,4,5.46875,0,0,5.46875,0,91,14.15269,0,,,,0,1.536,1.08,,1.41404,21,,,,,,,,,,,,,,,,,,,,,,,,,,,,,,,,,,,,,,,,,,,,,,,,,,,,,,,,,,,,,,,,,,,,,,,,,,,,,,,,,,,,,,,,
737,2025-11-19,18:04:23.87167,47.5192,,13.7254901960784,843.75,5,5.46875,0,0,5.46875,0.1953125,91,14.22602,0,,,,0,1.536,1.08,,1.42738,21,,,,,,,,,,,,,,,,,,,,,,,,,,,,,,,,,,,,,,,,,,,,,,,,,,,,,,,,,,,,,,,,,,,,,,,,,,,,,,,,,,,,,,,,
738,2025-11-19,18:04:23.97010,47.61962,,13.7254901960784,843.75,4,5.46875,0,0,5.46875,0.1953125,91,14.07936,0,,,,0,1.536,1.08,,1.41404,21,,,,,,,,,,,,,,,,,,,,,,,,,,,,,,,,,,,,,,,,,,,,,,,,,,,,,,,,,,,,,,,,,,,,,,,,,,,,,,,,,,,,,,,,
739,2025-11-19,18:04:24.05648,47.70453,,13.7254901960784,843.75,4,5.46875,0,0,5.46875,0.1953125,91,14.22602,0,,,,0,1.536,1.08,,1.37402,21,,,,,,,,,,,,,,,,,,,,,,,,,,,,,,,,,,,,,,,,,,,,,,,,,,,,,,,,,,,,,,,,,,,,,,,,,,,,,,,,,,,,,,,,
740,2025-11-19,18:04:24.14147,47.78888,,13.7254901960784,843.75,5,5.6640625,0,0,5.6640625,0,91,14.22602,0,,,,0,1.536,1.08,,1.36068,21,,,,,,,,,,,,,,,,,,,,,,,,,,,,,,,,,,,,,,,,,,,,,,,,,,,,,,,,,,,,,,,,,,,,,,,,,,,,,,,,,,,,,,,,
741,2025-11-19,18:04:24.21830,47.86589,,13.7254901960784,843.75,4,5.6640625,0,0,5.6640625,0,91,14.22602,0,,,,0,1.536,1.08,,1.41404,21,,,,,,,,,,,,,,,,,,,,,,,,,,,,,,,,,,,,,,,,,,,,,,,,,,,,,,,,,,,,,,,,,,,,,,,,,,,,,,,,,,,,,,,,
742,2025-11-19,18:04:24.29034,47.93781,,13.7254901960784,843.75,5,5.6640625,0,0,5.6640625,-0.1953125,91,14.15269,0,,,,0,1.536,1.08,,1.41404,21,,,,,,,,,,,,,,,,,,,,,,,,,,,,,,,,,,,,,,,,,,,,,,,,,,,,,,,,,,,,,,,,,,,,,,,,,,,,,,,,,,,,,,,,
743,2025-11-19,18:04:24.35333,48.0008,,13.7254901960784,843.75,6,5.46875,0,0,5.46875,-0.1953125,91,14.22602,0,,,,0,1.536,1.08,,1.38736,21,,,,,,,,,,,,,,,,,,,,,,,,,,,,,,,,,,,,,,,,,,,,,,,,,,,,,,,,,,,,,,,,,,,,,,,,,,,,,,,,,,,,,,,,
744,2025-11-19,18:04:24.40711,48.05561,,13.7254901960784,843.75,5,5.46875,0,0,5.46875,-0.1953125,91,14.22602,0,,,,0,1.536,1.08,,1.4007,21,,,,,,,,,,,,,,,,,,,,,,,,,,,,,,,,,,,,,,,,,,,,,,,,,,,,,,,,,,,,,,,,,,,,,,,,,,,,,,,,,,,,,,,,
745,2025-11-19,18:04:24.46313,48.11051,,13.7254901960784,843.75,5,5.46875,0,0,5.46875,-0.1953125,91,14.22602,0,,,,0,1.536,1.08,,1.41404,21,,,,,,,,,,,,,,,,,,,,,,,,,,,,,,,,,,,,,,,,,,,,,,,,,,,,,,,,,,,,,,,,,,,,,,,,,,,,,,,,,,,,,,,,
746,2025-11-19,18:04:24.52741,48.1755,,13.7254901960784,843.75,5,5.46875,0,0,5.46875,-0.390625,91,14.22602,0,,,,0,1.536,1.08,,1.36068,21,,,,,,,,,,,,,,,,,,,,,,,,,,,,,,,,,,,,,,,,,,,,,,,,,,,,,,,,,,,,,,,,,,,,,,,,,,,,,,,,,,,,,,,,
747,2025-11-19,18:04:24.61500,48.26311,,13.7254901960784,843.75,6,5.46875,0,0,5.46875,-0.390625,91,14.15269,0,,,,0,1.536,1.08,,1.42738,21,,,,,,,,,,,,,,,,,,,,,,,,,,,,,,,,,,,,,,,,,,,,,,,,,,,,,,,,,,,,,,,,,,,,,,,,,,,,,,,,,,,,,,,,
748,2025-11-19,18:04:24.69933,48.34753,,13.7254901960784,843.75,5,5.46875,0,0,5.46875,-0.5859375,91,14.22602,0,,,,0,1.536,1.08,,1.4007,21,,,,,,,,,,,,,,,,,,,,,,,,,,,,,,,,,,,,,,,,,,,,,,,,,,,,,,,,,,,,,,,,,,,,,,,,,,,,,,,,,,,,,,,,
749,2025-11-19,18:04:24.78295,48.4304,,13.7254901960784,843.75,6,5.46875,0,0,5.46875,-0.5859375,91,14.22602,0,,,,0,1.536,1.08,,1.37402,21,,,,,,,,,,,,,,,,,,,,,,,,,,,,,,,,,,,,,,,,,,,,,,,,,,,,,,,,,,,,,,,,,,,,,,,,,,,,,,,,,,,,,,,,
750,2025-11-19,18:04:24.86486,48.5125,,13.7254901960784,843.75,4,5.46875,0,0,5.46875,-0.78125,91,14.15269,0,,,,0,1.536,1.08,,1.42738,21,,,,,,,,,,,,,,,,,,,,,,,,,,,,,,,,,,,,,,,,,,,,,,,,,,,,,,,,,,,,,,,,,,,,,,,,,,,,,,,,,,,,,,,,
751,2025-11-19,18:04:24.94004,48.58734,,13.7254901960784,843.75,4,5.46875,0,0,5.46875,-0.78125,91,14.22602,0,,,,0,1.536,1.08,,1.41404,21,,,,,,,,,,,,,,,,,,,,,,,,,,,,,,,,,,,,,,,,,,,,,,,,,,,,,,,,,,,,,,,,,,,,,,,,,,,,,,,,,,,,,,,,
752,2025-11-19,18:04:25.22158,48.86887,,13.7254901960784,812.5,6,5.46875,0,0,5.46875,-0.390625,91,14.15269,0,,0,,0,1.536,1.08,,1.44072,21,,,,,,,,,,,,,,,,,,,,,,,,,,,,,,,,,,,,,,,,,,,,,,,,,,,,,,,,,,,,,,,,,,,,,,,,,,,,,,,,,,,,,,,,
753,2025-11-19,18:04:25.29177,48.93919,,13.7254901960784,843.75,5,5.46875,0,0,5.46875,-0.1953125,91,14.22602,0,,0,,0,1.536,1.08,,1.36068,21,,,,,,,,,,,,,,,,,,,,,,,,,,,,,,,,,,,,,,,,,,,,,,,,,,,,,,,,,,,,,,,,,,,,,,,,,,,,,,,,,,,,,,,,
754,2025-11-19,18:04:25.37452,49.02197,,13.7254901960784,843.75,4,5.46875,0,0,5.46875,0,91,14.22602,0,,0,,0,1.536,1.08,,1.41404,21,,,,,,,,,,,,,,,,,,,,,,,,,,,,,,,,,,,,,,,,,,,,,,,,,,,,,,,,,,,,,,,,,,,,,,,,,,,,,,,,,,,,,,,,
755,2025-11-19,18:04:25.45458,49.10233,,13.7254901960784,843.75,4,5.46875,0,0,5.46875,0,91,14.15269,0,,0,,0,1.536,1.08,,1.41404,21,,,,,,,,,,,,,,,,,,,,,,,,,,,,,,,,,,,,,,,,,,,,,,,,,,,,,,,,,,,,,,,,,,,,,,,,,,,,,,,,,,,,,,,,
756,2025-11-19,18:04:25.55342,49.20094,,13.7254901960784,843.75,4,5.46875,0,0,5.46875,0.1953125,91,14.22602,0,,0,,0,1.536,1.08,,1.41404,21,,,,,,,,,,,,,,,,,,,,,,,,,,,,,,,,,,,,,,,,,,,,,,,,,,,,,,,,,,,,,,,,,,,,,,,,,,,,,,,,,,,,,,,,
757,2025-11-19,18:04:25.60840,49.25587,,13.7254901960784,843.75,6,5.46875,0,0,5.46875,0.1953125,91,14.22602,0,,0,,0,1.536,1.08,,1.41404,21,,,,,,,,,,,,,,,,,,,,,,,,,,,,,,,,,,,,,,,,,,,,,,,,,,,,,,,,,,,,,,,,,,,,,,,,,,,,,,,,,,,,,,,,
758,2025-11-19,18:04:25.66333,49.31085,,13.7254901960784,843.75,5,5.46875,0,0,5.46875,0.390625,91,14.22602,0,,0,,0,1.536,1.08,,1.41404,21,,,,,,,,,,,,,,,,,,,,,,,,,,,,,,,,,,,,,,,,,,,,,,,,,,,,,,,,,,,,,,,,,,,,,,,,,,,,,,,,,,,,,,,,
759,2025-11-19,18:04:25.72629,49.37378,,13.7254901960784,843.75,6,5.46875,0,0,5.46875,0.390625,91,14.22602,0,,0,,0,1.536,1.08,,1.41404,21,,,,,,,,,,,,,,,,,,,,,,,,,,,,,,,,,,,,,,,,,,,,,,,,,,,,,,,,,,,,,,,,,,,,,,,,,,,,,,,,,,,,,,,,
760,2025-11-19,18:04:25.80821,49.45582,,13.7254901960784,843.75,6,5.46875,0,0,5.46875,0.390625,91,14.15269,0,,0,,0,1.536,1.08,,1.42738,21,,,,,,,,,,,,,,,,,,,,,,,,,,,,,,,,,,,,,,,,,,,,,,,,,,,,,,,,,,,,,,,,,,,,,,,,,,,,,,,,,,,,,,,,
761,2025-11-19,18:04:25.89120,49.53868,,13.7254901960784,843.75,4,5.46875,0,0,5.46875,0.1953125,91,14.07936,0,,0,,0,1.536,1.08,,1.36068,21,,,,,,,,,,,,,,,,,,,,,,,,,,,,,,,,,,,,,,,,,,,,,,,,,,,,,,,,,,,,,,,,,,,,,,,,,,,,,,,,,,,,,,,,
762,2025-11-19,18:04:25.99605,49.64352,,13.7254901960784,843.75,3,5.46875,0,0,5.46875,0.1953125,91,14.15269,0,,0,,0,1.536,1.08,,1.36068,21,,,,,,,,,,,,,,,,,,,,,,,,,,,,,,,,,,,,,,,,,,,,,,,,,,,,,,,,,,,,,,,,,,,,,,,,,,,,,,,,,,,,,,,,
763,2025-11-19,18:04:26.09608,49.74354,,13.7254901960784,843.75,5,5.46875,0,0,5.46875,0,91,14.22602,0,,0,,0,1.536,1.08,,1.4007,21,,,,,,,,,,,,,,,,,,,,,,,,,,,,,,,,,,,,,,,,,,,,,,,,,,,,,,,,,,,,,,,,,,,,,,,,,,,,,,,,,,,,,,,,
764,2025-11-19,18:04:26.18995,49.83745,,13.7254901960784,843.75,5,5.46875,0,0,5.46875,0,91,14.15269,0,,0,,0,1.536,1.08,,1.42738,21,,,,,,,,,,,,,,,,,,,,,,,,,,,,,,,,,,,,,,,,,,,,,,,,,,,,,,,,,,,,,,,,,,,,,,,,,,,,,,,,,,,,,,,,
765,2025-11-19,18:04:26.25012,49.89772,,13.7254901960784,843.75,4,5.46875,0,0,5.46875,-0.1953125,91,14.22602,0,,0,,0,1.536,1.04,,1.36068,21,,,,,,,,,,,,,,,,,,,,,,,,,,,,,,,,,,,,,,,,,,,,,,,,,,,,,,,,,,,,,,,,,,,,,,,,,,,,,,,,,,,,,,,,
766,2025-11-19,18:04:26.31480,49.96261,,13.7254901960784,812.5,6,5.46875,0,0,5.46875,-0.1953125,91,14.15269,0,,0,,0,1.536,1.08,,1.38736,21,,,,,,,,,,,,,,,,,,,,,,,,,,,,,,,,,,,,,,,,,,,,,,,,,,,,,,,,,,,,,,,,,,,,,,,,,,,,,,,,,,,,,,,,
767,2025-11-19,18:04:26.38902,50.03775,,13.7254901960784,843.75,6,5.46875,0,0,5.46875,-0.390625,91,14.22602,0,,0,,0,1.536,1.08,,1.37402,21,,,,,,,,,,,,,,,,,,,,,,,,,,,,,,,,,,,,,,,,,,,,,,,,,,,,,,,,,,,,,,,,,,,,,,,,,,,,,,,,,,,,,,,,
768,2025-11-19,18:04:26.47164,50.12067,,13.7254901960784,843.75,6,5.46875,0,0,5.46875,-0.390625,91,14.15269,0,,0,,0,1.536,1.08,,1.37402,21,,,,,,,,,,,,,,,,,,,,,,,,,,,,,,,,,,,,,,,,,,,,,,,,,,,,,,,,,,,,,,,,,,,,,,,,,,,,,,,,,,,,,,,,
769,2025-11-19,18:04:26.55261,50.20014,,13.7254901960784,843.75,4,5.46875,0,0,5.46875,-0.390625,91,14.22602,0,,0,,0,1.536,1.08,,1.44072,21,,,,,,,,,,,,,,,,,,,,,,,,,,,,,,,,,,,,,,,,,,,,,,,,,,,,,,,,,,,,,,,,,,,,,,,,,,,,,,,,,,,,,,,,
770,2025-11-19,18:04:26.64561,50.2929,,13.7254901960784,843.75,5,5.46875,0,0,5.46875,-0.5859375,91,14.22602,0,,0,,0,1.536,1.08,,1.37402,21,,,,,,,,,,,,,,,,,,,,,,,,,,,,,,,,,,,,,,,,,,,,,,,,,,,,,,,,,,,,,,,,,,,,,,,,,,,,,,,,,,,,,,,,
771,2025-11-19,18:04:26.73244,50.37991,,13.7254901960784,843.75,5,5.46875,0,0,5.46875,-0.5859375,91,14.22602,0,,0,,0,1.536,1.08,,1.42738,21,,,,,,,,,,,,,,,,,,,,,,,,,,,,,,,,,,,,,,,,,,,,,,,,,,,,,,,,,,,,,,,,,,,,,,,,,,,,,,,,,,,,,,,,
772,2025-11-19,18:04:26.81244,50.4598,,13.7254901960784,843.75,4,5.46875,0,0,5.46875,-0.5859375,91,14.22602,0,,0,,0,1.536,1.08,,1.41404,21,,,,,,,,,,,,,,,,,,,,,,,,,,,,,,,,,,,,,,,,,,,,,,,,,,,,,,,,,,,,,,,,,,,,,,,,,,,,,,,,,,,,,,,,
773,2025-11-19,18:04:26.90439,50.5519,,13.7254901960784,843.75,4,5.46875,0,0,5.46875,-0.390625,91,14.07936,0,,0,,0,1.536,1.08,,1.37402,21,,,,,,,,,,,,,,,,,,,,,,,,,,,,,,,,,,,,,,,,,,,,,,,,,,,,,,,,,,,,,,,,,,,,,,,,,,,,,,,,,,,,,,,,
774,2025-11-19,18:04:26.96632,50.6138,,13.7254901960784,843.75,5,5.2734375,0,0,5.2734375,-0.390625,91,14.22602,0,,0,,0,1.536,1.08,,1.36068,21,,,,,,,,,,,,,,,,,,,,,,,,,,,,,,,,,,,,,,,,,,,,,,,,,,,,,,,,,,,,,,,,,,,,,,,,,,,,,,,,,,,,,,,,
775,2025-11-19,18:04:27.03430,50.68188,,13.7254901960784,843.75,4,5.2734375,0,0,5.2734375,-0.1953125,91,14.15269,0,,0,,0,1.536,1.08,,1.38736,21,,,,,,,,,,,,,,,,,,,,,,,,,,,,,,,,,,,,,,,,,,,,,,,,,,,,,,,,,,,,,,,,,,,,,,,,,,,,,,,,,,,,,,,,
776,2025-11-19,18:04:27.10917,50.75661,,13.7254901960784,843.75,4,5.2734375,0,0,5.2734375,-0.1953125,91,14.22602,0,,0,,0,1.536,1.08,,1.36068,21,,,,,,,,,,,,,,,,,,,,,,,,,,,,,,,,,,,,,,,,,,,,,,,,,,,,,,,,,,,,,,,,,,,,,,,,,,,,,,,,,,,,,,,,
777,2025-11-19,18:04:27.17913,50.82666,,13.7254901960784,843.75,6,5.2734375,0,0,5.2734375,0,91,14.22602,0,,0,,0,1.536,1.08,,1.36068,21,,,,,,,,,,,,,,,,,,,,,,,,,,,,,,,,,,,,,,,,,,,,,,,,,,,,,,,,,,,,,,,,,,,,,,,,,,,,,,,,,,,,,,,,
778,2025-11-19,18:04:27.50791,51.15613,,13.7254901960784,843.75,5,5.2734375,0,0,5.2734375,0,91,14.22602,0,,0,,0,1.536,1.08,,1.4007,21,,,,,,,,,,,,,,,,,,,,,,,,,,,,,,,,,,,,,,,,,,,,,,,,,,,,,,,,,,,,,,,,,,,,,,,,,,,,,,,,,,,,,,,,
779,2025-11-19,18:04:27.59174,51.23916,,13.7254901960784,843.75,4,5.46875,0,0,5.46875,0.5859375,91,14.22602,0,0,0,,0,1.536,1.08,,1.42738,21,,,,,,,,,,,,,,,,,,,,,,,,,,,,,,,,,,,,,,,,,,,,,,,,,,,,,,,,,,,,,,,,,,,,,,,,,,,,,,,,,,,,,,,,
780,2025-11-19,18:04:27.65582,51.3033,,13.7254901960784,843.75,4,5.46875,0,0,5.46875,0.5859375,91,14.22602,0,0,0,,0,1.536,1.08,,1.36068,21,,,,,,,,,,,,,,,,,,,,,,,,,,,,,,,,,,,,,,,,,,,,,,,,,,,,,,,,,,,,,,,,,,,,,,,,,,,,,,,,,,,,,,,,
781,2025-11-19,18:04:27.72074,51.36825,,13.7254901960784,843.75,5,5.46875,0,0,5.46875,0.78125,91,14.15269,0,0,0,,0,1.536,1.08,,1.36068,21,,,,,,,,,,,,,,,,,,,,,,,,,,,,,,,,,,,,,,,,,,,,,,,,,,,,,,,,,,,,,,,,,,,,,,,,,,,,,,,,,,,,,,,,
782,2025-11-19,18:04:27.78572,51.43316,,13.7254901960784,843.75,4,5.46875,0,0,5.46875,0.78125,91,14.15269,0,0,0,,0,1.536,1.08,,1.38736,21,,,,,,,,,,,,,,,,,,,,,,,,,,,,,,,,,,,,,,,,,,,,,,,,,,,,,,,,,,,,,,,,,,,,,,,,,,,,,,,,,,,,,,,,
783,2025-11-19,18:04:27.87100,51.51831,,13.7254901960784,843.75,5,5.46875,0,0,5.46875,0.78125,91,14.15269,0,0,0,,0,1.536,1.08,,1.37402,21,,,,,,,,,,,,,,,,,,,,,,,,,,,,,,,,,,,,,,,,,,,,,,,,,,,,,,,,,,,,,,,,,,,,,,,,,,,,,,,,,,,,,,,,
784,2025-11-19,18:04:27.96552,51.61301,,13.7254901960784,843.75,6,5.46875,0,0,5.46875,0.78125,91,14.22602,0,0,0,,0,1.536,1.08,,1.4007,21,,,,,,,,,,,,,,,,,,,,,,,,,,,,,,,,,,,,,,,,,,,,,,,,,,,,,,,,,,,,,,,,,,,,,,,,,,,,,,,,,,,,,,,,
785,2025-11-19,18:04:28.07051,51.71795,,13.7254901960784,843.75,5,5.46875,0,0,5.46875,0.5859375,91,14.15269,0,0,0,,0,1.536,1.08,,1.38736,21,,,,,,,,,,,,,,,,,,,,,,,,,,,,,,,,,,,,,,,,,,,,,,,,,,,,,,,,,,,,,,,,,,,,,,,,,,,,,,,,,,,,,,,,
786,2025-11-19,18:04:28.35948,52.00741,,13.7254901960784,843.75,4,5.46875,0,0,5.46875,0.390625,91,14.22602,0,0,0,,0,1.536,1.08,,1.36068,21,,,,,,,,,,,,,,,,,,,,,,,,,,,,,,,,,,,,,,,,,,,,,,,,,,,,,,,,,,,,,,,,,,,,,,,,,,,,,,,,,,,,,,,,
787,2025-11-19,18:04:28.48015,52.12767,,13.7254901960784,843.75,4,5.46875,0,0,5.46875,0.1953125,91,14.15269,0,0,0,,0,1.536,1.08,,1.4007,21,,,,,,,,,,,,,,,,,,,,,,,,,,,,,,,,,,,,,,,,,,,,,,,,,,,,,,,,,,,,,,,,,,,,,,,,,,,,,,,,,,,,,,,,
788,2025-11-19,18:04:28.57312,52.22177,,13.7254901960784,843.75,4,5.46875,0,0,5.46875,0,91,14.15269,0,0,0,,0,1.536,1.04,,1.38736,21,,,,,,,,,,,,,,,,,,,,,,,,,,,,,,,,,,,,,,,,,,,,,,,,,,,,,,,,,,,,,,,,,,,,,,,,,,,,,,,,,,,,,,,,
789,2025-11-19,18:04:28.66709,52.31451,,13.7254901960784,812.5,7,5.46875,0,0,5.46875,0,91,14.22602,0,0,0,,0,1.536,1.08,,1.44072,21,,,,,,,,,,,,,,,,,,,,,,,,,,,,,,,,,,,,,,,,,,,,,,,,,,,,,,,,,,,,,,,,,,,,,,,,,,,,,,,,,,,,,,,,
790,2025-11-19,18:04:28.77198,52.41946,,13.7254901960784,843.75,5,5.46875,0,0,5.46875,-0.1953125,91,14.07936,0,0,0,,0,1.536,1.08,,1.41404,21,,,,,,,,,,,,,,,,,,,,,,,,,,,,,,,,,,,,,,,,,,,,,,,,,,,,,,,,,,,,,,,,,,,,,,,,,,,,,,,,,,,,,,,,
791,2025-11-19,18:04:28.93422,52.58189,,13.7254901960784,843.75,4,5.46875,0,0,5.46875,-0.390625,91,14.22602,0,0,0,,0,1.536,1.08,,1.4007,21,,,,,,,,,,,,,,,,,,,,,,,,,,,,,,,,,,,,,,,,,,,,,,,,,,,,,,,,,,,,,,,,,,,,,,,,,,,,,,,,,,,,,,,,
792,2025-11-19,18:04:29.00397,52.65142,,13.7254901960784,843.75,5,5.46875,0,0,5.46875,-0.390625,91,14.15269,0,0,0,,0,1.536,1.08,,1.37402,21,,,,,,,,,,,,,,,,,,,,,,,,,,,,,,,,,,,,,,,,,,,,,,,,,,,,,,,,,,,,,,,,,,,,,,,,,,,,,,,,,,,,,,,,
793,2025-11-19,18:04:29.07875,52.7263,,13.7254901960784,843.75,5,5.46875,0,0,5.46875,-0.5859375,91,14.22602,0,0,0,,0,1.536,1.04,,1.37402,21,,,,,,,,,,,,,,,,,,,,,,,,,,,,,,,,,,,,,,,,,,,,,,,,,,,,,,,,,,,,,,,,,,,,,,,,,,,,,,,,,,,,,,,,
794,2025-11-19,18:04:29.14365,52.79103,,13.7254901960784,812.5,6,5.46875,0,0,5.46875,-0.5859375,91,14.22602,0,0,0,,0,1.536,1.04,,1.44072,21,,,,,,,,,,,,,,,,,,,,,,,,,,,,,,,,,,,,,,,,,,,,,,,,,,,,,,,,,,,,,,,,,,,,,,,,,,,,,,,,,,,,,,,,
795,2025-11-19,18:04:29.23371,52.8811,,13.7254901960784,843.75,6,5.46875,0,0,5.46875,-0.78125,91,14.07936,0,0,0,,0,1.536,1.08,,1.37402,21,,,,,,,,,,,,,,,,,,,,,,,,,,,,,,,,,,,,,,,,,,,,,,,,,,,,,,,,,,,,,,,,,,,,,,,,,,,,,,,,,,,,,,,,
796,2025-11-19,18:04:29.32917,52.97677,,13.7254901960784,843.75,5,5.46875,0,0,5.46875,-0.78125,91,14.22602,0,0,0,,0,1.536,1.08,,1.4007,21,,,,,,,,,,,,,,,,,,,,,,,,,,,,,,,,,,,,,,,,,,,,,,,,,,,,,,,,,,,,,,,,,,,,,,,,,,,,,,,,,,,,,,,,
797,2025-11-19,18:04:29.41909,53.06637,,13.7254901960784,843.75,4,5.46875,0,0,5.46875,-0.9765625,91,14.07936,0,0,0,,0,1.536,1.08,,1.4007,21,,,,,,,,,,,,,,,,,,,,,,,,,,,,,,,,,,,,,,,,,,,,,,,,,,,,,,,,,,,,,,,,,,,,,,,,,,,,,,,,,,,,,,,,
798,2025-11-19,18:04:29.50830,53.15575,,13.7254901960784,843.75,5,5.46875,0,0,5.46875,-0.78125,91,14.22602,0,0,0,,0,1.536,1.08,,1.4007,21,,,,,,,,,,,,,,,,,,,,,,,,,,,,,,,,,,,,,,,,,,,,,,,,,,,,,,,,,,,,,,,,,,,,,,,,,,,,,,,,,,,,,,,,
799,2025-11-19,18:04:29.60290,53.25079,,13.7254901960784,812.5,5,5.46875,0,0,5.46875,-0.5859375,91,14.15269,0,0,0,,0,1.536,1.08,,1.38736,21,,,,,,,,,,,,,,,,,,,,,,,,,,,,,,,,,,,,,,,,,,,,,,,,,,,,,,,,,,,,,,,,,,,,,,,,,,,,,,,,,,,,,,,,
800,2025-11-19,18:04:29.66514,53.31251,,13.7254901960784,843.75,5,5.46875,0,0,5.46875,-0.5859375,91,14.22602,0,0,0,,0,1.536,1.08,,1.37402,21,,,,,,,,,,,,,,,,,,,,,,,,,,,,,,,,,,,,,,,,,,,,,,,,,,,,,,,,,,,,,,,,,,,,,,,,,,,,,,,,,,,,,,,,
801,2025-11-19,18:04:29.71802,53.36542,,13.7254901960784,843.75,5,5.2734375,0,0,5.2734375,-0.390625,91,14.15269,0,0,0,,0,1.536,1.08,,1.44072,21,,,,,,,,,,,,,,,,,,,,,,,,,,,,,,,,,,,,,,,,,,,,,,,,,,,,,,,,,,,,,,,,,,,,,,,,,,,,,,,,,,,,,,,,
802,2025-11-19,18:04:29.77501,53.42238,,13.7254901960784,843.75,4,5.2734375,0,0,5.2734375,-0.390625,91,14.22602,0,0,0,,0,1.536,1.08,,1.37402,21,,,,,,,,,,,,,,,,,,,,,,,,,,,,,,,,,,,,,,,,,,,,,,,,,,,,,,,,,,,,,,,,,,,,,,,,,,,,,,,,,,,,,,,,
803,2025-11-19,18:04:29.83502,53.48252,,13.7254901960784,843.75,4,5.2734375,0,0,5.2734375,-0.1953125,91,14.15269,0,0,0,,0,1.536,1.08,,1.38736,21,,,,,,,,,,,,,,,,,,,,,,,,,,,,,,,,,,,,,,,,,,,,,,,,,,,,,,,,,,,,,,,,,,,,,,,,,,,,,,,,,,,,,,,,
804,2025-11-19,18:04:29.92403,53.57163,,13.7254901960784,843.75,4,5.2734375,0,0,5.2734375,-0.1953125,91,14.22602,0,0,0,,0,1.536,1.04,,1.37402,21,,,,,,,,,,,,,,,,,,,,,,,,,,,,,,,,,,,,,,,,,,,,,,,,,,,,,,,,,,,,,,,,,,,,,,,,,,,,,,,,,,,,,,,,
805,2025-11-19,18:04:30.00987,53.65793,,13.7254901960784,812.5,6,5.2734375,0,0,5.2734375,0,91,14.22602,0,0,0,,0,1.536,1.08,,1.44072,21,,,,,,,,,,,,,,,,,,,,,,,,,,,,,,,,,,,,,,,,,,,,,,,,,,,,,,,,,,,,,,,,,,,,,,,,,,,,,,,,,,,,,,,,
806,2025-11-19,18:04:30.11389,53.76122,,13.7254901960784,843.75,5,5.2734375,0,0,5.2734375,0,91,14.22602,0,0,0,,0,1.536,1.08,,1.41404,21,,,,,,,,,,,,,,,,,,,,,,,,,,,,,,,,,,,,,,,,,,,,,,,,,,,,,,,,,,,,,,,,,,,,,,,,,,,,,,,,,,,,,,,,
807,2025-11-19,18:04:30.20392,53.85214,,13.7254901960784,843.75,4,5.2734375,0,0,5.2734375,0.1953125,91,14.07936,0,0,0,,0,1.536,1.08,,1.36068,21,,,,,,,,,,,,,,,,,,,,,,,,,,,,,,,,,,,,,,,,,,,,,,,,,,,,,,,,,,,,,,,,,,,,,,,,,,,,,,,,,,,,,,,,
808,2025-11-19,18:04:30.30929,53.95721,,13.7254901960784,843.75,4,5.2734375,0,0,5.2734375,0.390625,91,14.22602,0,0,0,,0,1.536,1.08,,1.37402,21,,,,,,,,,,,,,,,,,,,,,,,,,,,,,,,,,,,,,,,,,,,,,,,,,,,,,,,,,,,,,,,,,,,,,,,,,,,,,,,,,,,,,,,,
809,2025-11-19,18:04:30.39556,54.04333,,13.7254901960784,843.75,4,5.2734375,0,0,5.2734375,0.5859375,91,14.22602,0,0,0,,0,1.536,1.08,,1.42738,21,,,,,,,,,,,,,,,,,,,,,,,,,,,,,,,,,,,,,,,,,,,,,,,,,,,,,,,,,,,,,,,,,,,,,,,,,,,,,,,,,,,,,,,,
810,2025-11-19,18:04:30.45148,54.09886,,13.7254901960784,843.75,5,5.46875,0,0,5.46875,0.5859375,91,14.22602,0,0,0,,0,1.536,1.08,,1.36068,21,,,,,,,,,,,,,,,,,,,,,,,,,,,,,,,,,,,,,,,,,,,,,,,,,,,,,,,,,,,,,,,,,,,,,,,,,,,,,,,,,,,,,,,,
811,2025-11-19,18:04:30.51155,54.15918,,13.7254901960784,843.75,5,5.46875,0,0,5.46875,0.5859375,91,14.22602,0,0,0,,0,1.536,1.08,,1.42738,21,,,,,,,,,,,,,,,,,,,,,,,,,,,,,,,,,,,,,,,,,,,,,,,,,,,,,,,,,,,,,,,,,,,,,,,,,,,,,,,,,,,,,,,,
812,2025-11-19,18:04:30.58550,54.23308,,13.7254901960784,843.75,3,5.46875,0,0,5.46875,0.390625,91,14.15269,0,0,0,,0,1.536,1.08,,1.4007,21,,,,,,,,,,,,,,,,,,,,,,,,,,,,,,,,,,,,,,,,,,,,,,,,,,,,,,,,,,,,,,,,,,,,,,,,,,,,,,,,,,,,,,,,
813,2025-11-19,18:04:30.67643,54.3239,,13.7254901960784,843.75,5,5.46875,0,0,5.46875,0.390625,91,14.15269,0,0,0,,0,1.536,1.08,,1.37402,21,,,,,,,,,,,,,,,,,,,,,,,,,,,,,,,,,,,,,,,,,,,,,,,,,,,,,,,,,,,,,,,,,,,,,,,,,,,,,,,,,,,,,,,,
814,2025-11-19,18:04:33.89790,57.54613,,13.7254901960784,843.75,4,5.46875,0,0,5.46875,0.1953125,91,14.22602,0,0,0,,0,1.536,1.08,,1.4007,21,,,,,,,,,,,,,,,,,,,,,,,,,,,,,,,,,,,,,,,,,,,,,,,,,,,,,,,,,,,,,,,,,,,,,,,,,,,,,,,,,,,,,,,,
815,2025-11-19,18:04:33.95303,57.60108,,13.7254901960784,843.75,4,5.46875,0,0,5.46875,0.390625,91,14.07936,0,0,0,,0,1.536,1.08,,1.41404,21,,,,,,,,,,,,,,,,,,,,,,,,,,,,,,,,,,,,,,,,,,,,,,,,,,,,,,,,,,,,,,,,,,,,,,,,,,,,,,,,,,,,,,,,
816,2025-11-19,18:04:34.00566,57.65302,,13.7254901960784,843.75,4,5.46875,0,0,5.46875,0.390625,91,14.15269,0,0,0,,0,1.536,1.08,,1.41404,21,,,,,,,,,,,,,,,,,,,,,,,,,,,,,,,,,,,,,,,,,,,,,,,,,,,,,,,,,,,,,,,,,,,,,,,,,,,,,,,,,,,,,,,,
817,2025-11-19,18:04:34.06064,57.70798,,13.7254901960784,843.75,4,5.46875,0,0,5.46875,0.390625,91,14.22602,0,0,0,,0,1.536,1.08,,1.4007,21,,,,,,,,,,,,,,,,,,,,,,,,,,,,,,,,,,,,,,,,,,,,,,,,,,,,,,,,,,,,,,,,,,,,,,,,,,,,,,,,,,,,,,,,
818,2025-11-19,18:04:50.17140,73.81981,,13.7254901960784,875,4,5.46875,0,0,5.46875,4.1015625,91,14.22602,0,0,0,,0,1.536,1.12,,1.42738,21,23,,,,,,,,,,,,,,,,,,,,,,,,,,,,,,,,,,,,,,,,,,,,,,,,,,,,,,,,,,,,,,,,,,,,,,,,,,,,,,,,,,,,,,,
819,2025-11-19,18:04:50.26728,73.91475,,13.7254901960784,875,4,5.46875,0,0,5.46875,4.296875,91,14.07936,0,0,0,,0,1.536,1.08,,1.36068,21,23,,,,,,,,,,,,,,,,,,,,,,,,,,,,,,,,,,,,,,,,,,,,,,,,,,,,,,,,,,,,,,,,,,,,,,,,,,,,,,,,,,,,,,,
820,2025-11-19,18:04:50.33831,73.98672,,13.7254901960784,843.75,5,5.46875,0,0,5.46875,4.1015625,91,14.22602,0,0,0,,0,1.536,1.08,,1.42738,21,23,,,,,,,,,,,,,,,,,,,,,,,,,,,,,,,,,,,,,,,,,,,,,,,,,,,,,,,,,,,,,,,,,,,,,,,,,,,,,,,,,,,,,,,
821,2025-11-19,18:04:50.39915,74.0466,,13.7254901960784,843.75,6,5.46875,0,0,5.46875,4.1015625,91,14.22602,0,0,0,,0,1.536,1.12,,1.34734,21,23,,,,,,,,,,,,,,,,,,,,,,,,,,,,,,,,,,,,,,,,,,,,,,,,,,,,,,,,,,,,,,,,,,,,,,,,,,,,,,,,,,,,,,,
822,2025-11-19,18:04:50.47314,74.12145,,13.7254901960784,875,4,5.46875,0,0,5.46875,3.90625,91,14.22602,0,0,0,,0,1.536,1.12,,1.42738,21,23,,,,,,,,,,,,,,,,,,,,,,,,,,,,,,,,,,,,,,,,,,,,,,,,,,,,,,,,,,,,,,,,,,,,,,,,,,,,,,,,,,,,,,,
823,2025-11-19,18:04:50.55004,74.19875,,13.7254901960784,875,4,5.46875,0,0,5.46875,3.90625,91,14.22602,0,0,0,,0,1.536,1.08,,1.42738,21,23,,,,,,,,,,,,,,,,,,,,,,,,,,,,,,,,,,,,,,,,,,,,,,,,,,,,,,,,,,,,,,,,,,,,,,,,,,,,,,,,,,,,,,,
824,2025-11-19,18:04:50.62899,74.27648,,13.7254901960784,843.75,6,5.46875,0,0,5.46875,3.7109375,91,14.15269,0,0,0,,0,1.536,1.08,,1.4007,21,23,,,,,,,,,,,,,,,,,,,,,,,,,,,,,,,,,,,,,,,,,,,,,,,,,,,,,,,,,,,,,,,,,,,,,,,,,,,,,,,,,,,,,,,
825,2025-11-19,18:04:50.71987,74.36828,,13.7254901960784,843.75,6,5.46875,0,0,5.46875,3.7109375,91,14.15269,0,0,0,,0,1.536,1.12,,1.38736,21,23,,,,,,,,,,,,,,,,,,,,,,,,,,,,,,,,,,,,,,,,,,,,,,,,,,,,,,,,,,,,,,,,,,,,,,,,,,,,,,,,,,,,,,,
826,2025-11-19,18:04:50.81581,74.4631,,13.7254901960784,875,4,5.46875,0,0,5.46875,3.515625,91,14.07936,0,0,0,,0,1.536,1.12,,1.37402,21,23,,,,,,,,,,,,,,,,,,,,,,,,,,,,,,,,,,,,,,,,,,,,,,,,,,,,,,,,,,,,,,,,,,,,,,,,,,,,,,,,,,,,,,,
827,2025-11-19,18:04:50.91281,74.56123,,13.7254901960784,843.75,4,5.46875,0,0,5.46875,3.515625,91,14.22602,0,0,0,,0,1.536,1.08,,1.42738,21,23,,,,,,,,,,,,,,,,,,,,,,,,,,,,,,,,,,,,,,,,,,,,,,,,,,,,,,,,,,,,,,,,,,,,,,,,,,,,,,,,,,,,,,,
828,2025-11-19,18:04:51.01365,74.6611,,13.7254901960784,843.75,6,5.46875,0,0,5.46875,3.3203125,91,14.22602,0,0,0,,0,1.536,1.12,,1.42738,21,23,,,,,,,,,,,,,,,,,,,,,,,,,,,,,,,,,,,,,,,,,,,,,,,,,,,,,,,,,,,,,,,,,,,,,,,,,,,,,,,,,,,,,,,
829,2025-11-19,18:04:51.07751,74.72483,,13.7254901960784,875,4,5.46875,0,0,5.46875,3.3203125,91,14.15269,0,0,0,,0,1.536,1.12,,1.44072,21,23,,,,,,,,,,,,,,,,,,,,,,,,,,,,,,,,,,,,,,,,,,,,,,,,,,,,,,,,,,,,,,,,,,,,,,,,,,,,,,,,,,,,,,,
830,2025-11-19,18:04:51.13049,74.77777,,13.7254901960784,875,4,5.46875,0,0,5.46875,3.125,91,14.22602,0,0,0,,0,1.536,1.08,,1.37402,21,23,,,,,,,,,,,,,,,,,,,,,,,,,,,,,,,,,,,,,,,,,,,,,,,,,,,,,,,,,,,,,,,,,,,,,,,,,,,,,,,,,,,,,,,
831,2025-11-19,18:04:51.20046,74.84791,,13.7254901960784,843.75,4,5.46875,0,0,5.46875,3.125,91,14.22602,0,0,0,,0,1.536,1.08,,1.36068,21,23,,,,,,,,,,,,,,,,,,,,,,,,,,,,,,,,,,,,,,,,,,,,,,,,,,,,,,,,,,,,,,,,,,,,,,,,,,,,,,,,,,,,,,,
832,2025-11-19,18:04:51.26242,74.90987,,13.7254901960784,843.75,5,5.46875,0,0,5.46875,3.3203125,91,14.22602,0,0,0,,0,1.536,1.08,,1.37402,21,23,,,,,,,,,,,,,,,,,,,,,,,,,,,,,,,,,,,,,,,,,,,,,,,,,,,,,,,,,,,,,,,,,,,,,,,,,,,,,,,,,,,,,,,
833,2025-11-19,18:04:51.39542,75.04276,,13.7254901960784,843.75,6,5.46875,0,0,5.46875,3.3203125,91,14.15269,0,0,0,,0,1.536,1.12,,1.4007,21,23,,,,,,,,,,,,,,,,,,,,,,,,,,,,,,,,,,,,,,,,,,,,,,,,,,,,,,,,,,,,,,,,,,,,,,,,,,,,,,,,,,,,,,,
834,2025-11-19,18:04:51.50026,75.14773,,13.7254901960784,875,4,5.46875,0,0,5.46875,3.515625,91,14.22602,0,0,0,,0,1.536,1.08,,1.45406,21,23,,,,,,,,,,,,,,,,,,,,,,,,,,,,,,,,,,,,,,,,,,,,,,,,,,,,,,,,,,,,,,,,,,,,,,,,,,,,,,,,,,,,,,,
835,2025-11-19,18:04:51.59429,75.2427,,13.7254901960784,875,5,5.46875,0,0,5.46875,3.7109375,91,14.07936,0,0,0,,0,1.536,1.12,,1.36068,21,23,,,,,,,,,,,,,,,,,,,,,,,,,,,,,,,,,,,,,,,,,,,,,,,,,,,,,,,,,,,,,,,,,,,,,,,,,,,,,,,,,,,,,,,
836,2025-11-19,18:04:51.68909,75.33762,,13.7254901960784,875,4,5.46875,0,0,5.46875,3.7109375,91,14.15269,0,0,0,,0,1.536,1.12,,1.37402,21,23,,,,,,,,,,,,,,,,,,,,,,,,,,,,,,,,,,,,,,,,,,,,,,,,,,,,,,,,,,,,,,,,,,,,,,,,,,,,,,,,,,,,,,,
837,2025-11-19,18:04:51.78695,75.43431,,13.7254901960784,875,4,5.46875,0,0,5.46875,3.90625,91,14.22602,0,0,0,,0,1.536,1.12,,1.41404,21,23,,,,,,,,,,,,,,,,,,,,,,,,,,,,,,,,,,,,,,,,,,,,,,,,,,,,,,,,,,,,,,,,,,,,,,,,,,,,,,,,,,,,,,,
838,2025-11-19,18:04:51.85699,75.50443,,13.7254901960784,875,4,5.46875,0,0,5.46875,4.1015625,91,14.22602,0,0,0,,0,1.536,1.12,,1.37402,21,23,,,,,,,,,,,,,,,,,,,,,,,,,,,,,,,,,,,,,,,,,,,,,,,,,,,,,,,,,,,,,,,,,,,,,,,,,,,,,,,,,,,,,,,
839,2025-11-19,18:04:51.93197,75.57942,,13.7254901960784,875,4,5.46875,0,0,5.46875,3.90625,91,14.15269,0,0,0,,0,1.536,1.12,,1.36068,21,23,,,,,,,,,,,,,,,,,,,,,,,,,,,,,,,,,,,,,,,,,,,,,,,,,,,,,,,,,,,,,,,,,,,,,,,,,,,,,,,,,,,,,,,
840,2025-11-19,18:04:52.01978,75.66862,,13.7254901960784,875,4,5.46875,0,0,5.46875,3.7109375,91,14.07936,0,0,0,,0,1.536,1.12,,1.4007,21,23,,,,,,,,,,,,,,,,,,,,,,,,,,,,,,,,,,,,,,,,,,,,,,,,,,,,,,,,,,,,,,,,,,,,,,,,,,,,,,,,,,,,,,,
841,2025-11-19,18:04:52.09863,75.74601,,13.7254901960784,875,6,5.46875,0,0,5.46875,3.7109375,91,14.22602,0,0,0,,0,1.536,1.12,,1.4007,21,23,,,,,,,,,,,,,,,,,,,,,,,,,,,,,,,,,,,,,,,,,,,,,,,,,,,,,,,,,,,,,,,,,,,,,,,,,,,,,,,,,,,,,,,
842,2025-11-19,18:04:52.16816,75.81614,,13.7254901960784,843.75,5,5.46875,0,0,5.46875,3.515625,91,14.07936,0,0,0,,0,1.536,1.12,,1.37402,21,23,,,,,,,,,,,,,,,,,,,,,,,,,,,,,,,,,,,,,,,,,,,,,,,,,,,,,,,,,,,,,,,,,,,,,,,,,,,,,,,,,,,,,,,
843,2025-11-19,18:04:52.25166,75.89903,,13.7254901960784,875,5,5.46875,0,0,5.46875,3.515625,91,14.07936,0,0,0,,0,1.536,1.12,,1.34734,21,23,,,,,,,,,,,,,,,,,,,,,,,,,,,,,,,,,,,,,,,,,,,,,,,,,,,,,,,,,,,,,,,,,,,,,,,,,,,,,,,,,,,,,,,
844,2025-11-19,18:04:52.37055,76.0193,,13.7254901960784,875,4,5.46875,0,0,5.46875,3.3203125,91,14.22602,0,0,0,,0,1.536,1.12,,1.41404,21,23,,,,,,,,,,,,,,,,,,,,,,,,,,,,,,,,,,,,,,,,,,,,,,,,,,,,,,,,,,,,,,,,,,,,,,,,,,,,,,,,,,,,,,,
845,2025-11-19,18:04:52.47035,76.11881,,13.7254901960784,875,5,5.46875,0,0,5.46875,3.125,91,14.22602,0,0,0,,0,1.536,1.12,,1.41404,21,23,,,,,,,,,,,,,,,,,,,,,,,,,,,,,,,,,,,,,,,,,,,,,,,,,,,,,,,,,,,,,,,,,,,,,,,,,,,,,,,,,,,,,,,
846,2025-11-19,18:04:52.56540,76.21372,,13.7254901960784,875,5,5.46875,0,0,5.46875,3.125,91,14.15269,0,0,0,,0,1.536,1.12,,1.37402,21,23,,,,,,,,,,,,,,,,,,,,,,,,,,,,,,,,,,,,,,,,,,,,,,,,,,,,,,,,,,,,,,,,,,,,,,,,,,,,,,,,,,,,,,,
847,2025-11-19,18:04:52.63349,76.28083,,13.7254901960784,875,6,5.46875,0,0,5.46875,2.9296875,91,14.22602,0,0,0,,0,1.536,1.12,,1.36068,21,23,,,,,,,,,,,,,,,,,,,,,,,,,,,,,,,,,,,,,,,,,,,,,,,,,,,,,,,,,,,,,,,,,,,,,,,,,,,,,,,,,,,,,,,
848,2025-11-19,18:04:52.71023,76.35762,,13.7254901960784,875,5,5.46875,0,0,5.46875,2.9296875,91,14.15269,0,0,0,,0,1.536,1.12,,1.42738,21,23,,,,,,,,,,,,,,,,,,,,,,,,,,,,,,,,,,,,,,,,,,,,,,,,,,,,,,,,,,,,,,,,,,,,,,,,,,,,,,,,,,,,,,,
849,2025-11-19,18:04:52.78830,76.43561,,13.7254901960784,875,5,5.46875,0,0,5.46875,2.9296875,91,14.15269,0,0,0,,0,1.536,1.12,,1.41404,21,23,,,,,,,,,,,,,,,,,,,,,,,,,,,,,,,,,,,,,,,,,,,,,,,,,,,,,,,,,,,,,,,,,,,,,,,,,,,,,,,,,,,,,,,
850,2025-11-19,18:04:52.86741,76.51552,,13.7254901960784,843.75,5,5.46875,0,0,5.46875,3.125,91,14.15269,0,0,0,,0,1.536,1.12,,1.37402,21,23,,,,,,,,,,,,,,,,,,,,,,,,,,,,,,,,,,,,,,,,,,,,,,,,,,,,,,,,,,,,,,,,,,,,,,,,,,,,,,,,,,,,,,,
851,2025-11-19,18:04:52.95229,76.60045,,13.7254901960784,875,5,5.46875,0,0,5.46875,3.125,91,14.22602,0,0,0,,0,1.536,1.12,,1.36068,21,23,,,,,,,,,,,,,,,,,,,,,,,,,,,,,,,,,,,,,,,,,,,,,,,,,,,,,,,,,,,,,,,,,,,,,,,,,,,,,,,,,,,,,,,
852,2025-11-19,18:04:53.05292,76.70062,,13.7254901960784,875,5,5.46875,0,0,5.46875,3.3203125,91,14.22602,0,0,0,,0,1.536,1.12,,1.34734,21,23,,,,,,,,,,,,,,,,,,,,,,,,,,,,,,,,,,,,,,,,,,,,,,,,,,,,,,,,,,,,,,,,,,,,,,,,,,,,,,,,,,,,,,,
853,2025-11-19,18:04:53.14787,76.79531,,13.7254901960784,843.75,5,5.46875,0,0,5.46875,3.515625,91,14.15269,0,0,0,,0,1.536,1.08,,1.37402,21,23,,,,,,,,,,,,,,,,,,,,,,,,,,,,,,,,,,,,,,,,,,,,,,,,,,,,,,,,,,,,,,,,,,,,,,,,,,,,,,,,,,,,,,,
854,2025-11-19,18:04:53.24281,76.8903,,13.7254901960784,875,6,5.46875,0,0,5.46875,3.7109375,91,14.22602,0,0,0,,0,1.536,1.12,,1.38736,21,23,,,,,,,,,,,,,,,,,,,,,,,,,,,,,,,,,,,,,,,,,,,,,,,,,,,,,,,,,,,,,,,,,,,,,,,,,,,,,,,,,,,,,,,
855,2025-11-19,18:04:53.32842,76.97719,,13.7254901960784,875,4,5.46875,0,0,5.46875,3.7109375,91,14.22602,0,0,0,,0,1.536,1.12,,1.36068,21,23,,,,,,,,,,,,,,,,,,,,,,,,,,,,,,,,,,,,,,,,,,,,,,,,,,,,,,,,,,,,,,,,,,,,,,,,,,,,,,,,,,,,,,,
856,2025-11-19,18:04:53.39488,77.04226,,13.7254901960784,875,4,5.46875,0,0,5.46875,3.90625,91,14.22602,0,0,0,,0,1.536,1.12,,1.34734,21,23,,,,,,,,,,,,,,,,,,,,,,,,,,,,,,,,,,,,,,,,,,,,,,,,,,,,,,,,,,,,,,,,,,,,,,,,,,,,,,,,,,,,,,,
857,2025-11-19,18:04:53.45456,77.10196,,13.7254901960784,875,5,5.46875,0,0,5.46875,3.90625,91,14.15269,0,0,0,,0,1.536,1.12,,1.37402,21,23,,,,,,,,,,,,,,,,,,,,,,,,,,,,,,,,,,,,,,,,,,,,,,,,,,,,,,,,,,,,,,,,,,,,,,,,,,,,,,,,,,,,,,,
858,2025-11-19,18:04:53.51961,77.1669,,13.7254901960784,875,4,5.46875,0,0,5.46875,4.1015625,91,14.22602,0,0,0,,0,1.536,1.12,,1.38736,21,23,,,,,,,,,,,,,,,,,,,,,,,,,,,,,,,,,,,,,,,,,,,,,,,,,,,,,,,,,,,,,,,,,,,,,,,,,,,,,,,,,,,,,,,
859,2025-11-19,18:04:53.57959,77.22687,,13.7254901960784,875,5,5.46875,0,0,5.46875,4.1015625,91,14.22602,0,0,0,,0,1.536,1.12,,1.41404,21,23,,,,,,,,,,,,,,,,,,,,,,,,,,,,,,,,,,,,,,,,,,,,,,,,,,,,,,,,,,,,,,,,,,,,,,,,,,,,,,,,,,,,,,,
860,2025-11-19,18:04:53.65969,77.30706,,13.7254901960784,875,4,5.46875,0,0,5.46875,4.1015625,91,14.22602,0,0,0,,0,1.536,1.12,,1.41404,21,23,,,,,,,,,,,,,,,,,,,,,,,,,,,,,,,,,,,,,,,,,,,,,,,,,,,,,,,,,,,,,,,,,,,,,,,,,,,,,,,,,,,,,,,
861,2025-11-19,18:04:53.74931,77.39677,,13.7254901960784,875,5,5.46875,0,0,5.46875,3.90625,91,14.15269,0,0,0,,0,1.536,1.12,,1.36068,21,23,,,,,,,,,,,,,,,,,,,,,,,,,,,,,,,,,,,,,,,,,,,,,,,,,,,,,,,,,,,,,,,,,,,,,,,,,,,,,,,,,,,,,,,
862,2025-11-19,18:04:53.84931,77.4968,,13.7254901960784,875,5,5.46875,0,0,5.46875,3.90625,91,14.22602,0,0,0,,0,1.536,1.12,,1.34734,21,23,,,,,,,,,,,,,,,,,,,,,,,,,,,,,,,,,,,,,,,,,,,,,,,,,,,,,,,,,,,,,,,,,,,,,,,,,,,,,,,,,,,,,,,
863,2025-11-19,18:04:53.95123,77.5988,,13.7254901960784,875,4,5.46875,0,0,5.46875,3.7109375,91,14.22602,0,0,0,,0,1.536,1.08,,1.37402,21,23,,,,,,,,,,,,,,,,,,,,,,,,,,,,,,,,,,,,,,,,,,,,,,,,,,,,,,,,,,,,,,,,,,,,,,,,,,,,,,,,,,,,,,,
864,2025-11-19,18:04:54.05192,77.69927,,13.7254901960784,843.75,6,5.46875,0,0,5.46875,3.7109375,91,14.15269,0,0,0,,0,1.536,1.12,,1.38736,21,23,,,,,,,,,,,,,,,,,,,,,,,,,,,,,,,,,,,,,,,,,,,,,,,,,,,,,,,,,,,,,,,,,,,,,,,,,,,,,,,,,,,,,,,
865,2025-11-19,18:04:54.12307,77.77047,,13.7254901960784,875,5,5.46875,0,0,5.46875,3.515625,91,14.15269,0,0,0,,0,1.536,1.12,,1.36068,21,23,,,,,,,,,,,,,,,,,,,,,,,,,,,,,,,,,,,,,,,,,,,,,,,,,,,,,,,,,,,,,,,,,,,,,,,,,,,,,,,,,,,,,,,
866,2025-11-19,18:04:54.18095,77.8284,,13.7254901960784,875,4,5.46875,0,0,5.46875,3.515625,91,14.22602,0,0,0,,0,1.536,1.12,,1.37402,21,23,,,,,,,,,,,,,,,,,,,,,,,,,,,,,,,,,,,,,,,,,,,,,,,,,,,,,,,,,,,,,,,,,,,,,,,,,,,,,,,,,,,,,,,
867,2025-11-19,18:04:54.24498,77.89342,,13.7254901960784,875,5,5.46875,0,0,5.46875,3.3203125,91,14.22602,0,0,0,,0,1.536,1.12,,1.41404,21,23,,,,,,,,,,,,,,,,,,,,,,,,,,,,,,,,,,,,,,,,,,,,,,,,,,,,,,,,,,,,,,,,,,,,,,,,,,,,,,,,,,,,,,,
868,2025-11-19,18:04:54.32527,77.97338,,13.7254901960784,875,5,5.46875,0,0,5.46875,3.3203125,91,14.15269,0,0,0,,0,1.536,1.12,,1.38736,21,23,,,,,,,,,,,,,,,,,,,,,,,,,,,,,,,,,,,,,,,,,,,,,,,,,,,,,,,,,,,,,,,,,,,,,,,,,,,,,,,,,,,,,,,
869,2025-11-19,18:04:54.41591,78.06346,,13.7254901960784,875,5,5.46875,0,0,5.46875,3.125,91,14.15269,0,0,0,,0,1.536,1.12,,1.4007,21,23,,,,,,,,,,,,,,,,,,,,,,,,,,,,,,,,,,,,,,,,,,,,,,,,,,,,,,,,,,,,,,,,,,,,,,,,,,,,,,,,,,,,,,,
870,2025-11-19,18:04:54.51758,78.16518,,13.7254901960784,875,6,5.46875,0,0,5.46875,3.125,91,14.22602,0,0,0,,0,1.536,1.12,,1.38736,21,23,,,,,,,,,,,,,,,,,,,,,,,,,,,,,,,,,,,,,,,,,,,,,,,,,,,,,,,,,,,,,,,,,,,,,,,,,,,,,,,,,,,,,,,
871,2025-11-19,18:04:54.61064,78.25809,,13.7254901960784,875,4,5.46875,0,0,5.46875,2.9296875,91,14.15269,0,0,0,,0,1.536,1.12,,1.36068,21,23,,,,,,,,,,,,,,,,,,,,,,,,,,,,,,,,,,,,,,,,,,,,,,,,,,,,,,,,,,,,,,,,,,,,,,,,,,,,,,,,,,,,,,,
872,2025-11-19,18:04:54.71261,78.36094,,13.7254901960784,875,5,5.46875,0,0,5.46875,2.9296875,91,14.15269,0,0,0,,0,1.536,1.08,,1.41404,21,23,,,,,,,,,,,,,,,,,,,,,,,,,,,,,,,,,,,,,,,,,,,,,,,,,,,,,,,,,,,,,,,,,,,,,,,,,,,,,,,,,,,,,,,
873,2025-11-19,18:04:54.78457,78.43204,,13.7254901960784,843.75,7,5.46875,0,0,5.46875,2.734375,91,14.22602,0,0,0,,0,1.536,1.12,,1.34734,21,23,,,,,,,,,,,,,,,,,,,,,,,,,,,,,,,,,,,,,,,,,,,,,,,,,,,,,,,,,,,,,,,,,,,,,,,,,,,,,,,,,,,,,,,
874,2025-11-19,18:04:54.86451,78.51202,,13.7254901960784,875,5,5.46875,0,0,5.46875,2.734375,91,14.22602,0,0,0,,0,1.536,1.12,,1.38736,21,23,,,,,,,,,,,,,,,,,,,,,,,,,,,,,,,,,,,,,,,,,,,,,,,,,,,,,,,,,,,,,,,,,,,,,,,,,,,,,,,,,,,,,,,
875,2025-11-19,18:04:54.92071,78.56989,,13.7254901960784,875,4,5.46875,0,0,5.46875,2.5390625,91,14.22602,0,0,0,,0,1.536,1.08,,1.37402,21,23,,,,,,,,,,,,,,,,,,,,,,,,,,,,,,,,,,,,,,,,,,,,,,,,,,,,,,,,,,,,,,,,,,,,,,,,,,,,,,,,,,,,,,,
876,2025-11-19,18:04:55.00132,78.64974,,13.7254901960784,843.75,7,5.46875,0,0,5.46875,2.5390625,91,14.15269,0,0,0,,0,1.536,1.08,,1.36068,21,23,,,,,,,,,,,,,,,,,,,,,,,,,,,,,,,,,,,,,,,,,,,,,,,,,,,,,,,,,,,,,,,,,,,,,,,,,,,,,,,,,,,,,,,
877,2025-11-19,18:04:55.07734,78.72474,,13.7254901960784,843.75,7,5.46875,0,0,5.46875,2.734375,91,14.15269,0,0,0,,0,1.536,1.08,,1.37402,21,23,,,,,,,,,,,,,,,,,,,,,,,,,,,,,,,,,,,,,,,,,,,,,,,,,,,,,,,,,,,,,,,,,,,,,,,,,,,,,,,,,,,,,,,
878,2025-11-19,18:04:55.45096,79.0994,,13.7254901960784,875,5,5.46875,0,0,5.46875,3.3203125,91,14.22602,0,0,0,,0,1.536,1.12,,1.38736,21,23,,,99.96,,,,,,,,,,,,,,,,,,,,,,,,,,,,,,,,,,,,,,,,,,,,,,,,,,,,,,,,,,,,,,,,,,,,,,,,,,,,,,,,,,,,
879,2025-11-19,18:04:55.56083,79.209,,13.7254901960784,875,3,5.46875,0,0,5.46875,3.3203125,91,14.15269,0,0,0,,0,1.536,1.08,,1.37402,21,23,,,99.96,,,,,,,,,,,,,,,,,,,,,,,,,,,,,,,,,,,,,,,,,,,,,,,,,,,,,,,,,,,,,,,,,,,,,,,,,,,,,,,,,,,,
880,2025-11-19,18:04:55.65570,79.30316,,13.7254901960784,843.75,6,5.46875,0,0,5.46875,3.515625,91,14.07936,0,0,0,,0,1.536,1.12,,1.38736,21,23,,,99.96,,,,,,,,,,,,,,,,,,,,,,,,,,,,,,,,,,,,,,,,,,,,,,,,,,,,,,,,,,,,,,,,,,,,,,,,,,,,,,,,,,,,
881,2025-11-19,18:04:55.71767,79.36495,,13.7254901960784,875,4,5.46875,0,0,5.46875,3.515625,91,14.15269,0,0,0,,0,1.536,1.12,,1.45406,21,23,,,99.96,,,,,,,,,,,,,,,,,,,,,,,,,,,,,,,,,,,,,,,,,,,,,,,,,,,,,,,,,,,,,,,,,,,,,,,,,,,,,,,,,,,,
882,2025-11-19,18:04:55.77484,79.42302,,13.7254901960784,843.75,5,5.46875,0,0,5.46875,3.3203125,91,14.15269,0,0,0,,0,1.536,1.08,,1.36068,21,23,,,99.96,,,,,,,,,,,,,,,,,,,,,,,,,,,,,,,,,,,,,,,,,,,,,,,,,,,,,,,,,,,,,,,,,,,,,,,,,,,,,,,,,,,,
883,2025-11-19,18:04:55.83543,79.48289,,13.7254901960784,843.75,5,5.46875,0,0,5.46875,3.3203125,91,14.15269,0,0,0,,0,1.536,1.08,,1.36068,21,23,,,99.96,,,,,,,,,,,,,,,,,,,,,,,,,,,,,,,,,,,,,,,,,,,,,,,,,,,,,,,,,,,,,,,,,,,,,,,,,,,,,,,,,,,,
884,2025-11-19,18:04:55.92347,79.57097,,13.7254901960784,843.75,6,5.46875,0,0,5.46875,3.3203125,91,14.22602,0,0,0,,0,1.536,1.08,,1.37402,21,23,,,99.96,,,,,,,,,,,,,,,,,,,,,,,,,,,,,,,,,,,,,,,,,,,,,,,,,,,,,,,,,,,,,,,,,,,,,,,,,,,,,,,,,,,,
885,2025-11-19,18:04:56.02554,79.67298,,13.7254901960784,843.75,5,5.46875,0,0,5.46875,3.125,91,14.15269,0,0,0,,0,1.536,1.08,,1.4007,21,23,,,99.96,,,,,,,,,,,,,,,,,,,,,,,,,,,,,,,,,,,,,,,,,,,,,,,,,,,,,,,,,,,,,,,,,,,,,,,,,,,,,,,,,,,,
886,2025-11-19,18:04:56.13329,79.78077,,13.7254901960784,843.75,6,5.46875,0,0,5.46875,2.9296875,91,14.15269,0,0,0,,0,1.536,1.08,,1.42738,21,23,,,99.96,,,,,,,,,,,,,,,,,,,,,,,,,,,,,,,,,,,,,,,,,,,,,,,,,,,,,,,,,,,,,,,,,,,,,,,,,,,,,,,,,,,,
887,2025-11-19,18:04:56.23326,79.88063,,13.7254901960784,843.75,4,5.46875,0,0,5.46875,2.9296875,91,14.22602,0,0,0,,0,1.536,1.08,,1.36068,21,23,,,99.96,,,,,,,,,,,,,,,,,,,,,,,,,,,,,,,,,,,,,,,,,,,,,,,,,,,,,,,,,,,,,,,,,,,,,,,,,,,,,,,,,,,,
888,2025-11-19,18:04:56.32721,79.97561,,13.7254901960784,843.75,6,5.46875,0,0,5.46875,2.734375,91,14.07936,0,0,0,,0,1.536,1.08,,1.4007,21,23,,,99.96,,,,,,,,,,,,,,,,,,,,,,,,,,,,,,,,,,,,,,,,,,,,,,,,,,,,,,,,,,,,,,,,,,,,,,,,,,,,,,,,,,,,
889,2025-11-19,18:04:56.41703,80.06551,,13.7254901960784,843.75,5,5.46875,0,0,5.46875,2.734375,91,14.22602,0,0,0,,0,1.536,1.08,,1.41404,21,23,,,99.96,,,,,,,,,,,,,,,,,,,,,,,,,,,,,,,,,,,,,,,,,,,,,,,,,,,,,,,,,,,,,,,,,,,,,,,,,,,,,,,,,,,,
890,2025-11-19,18:04:56.48500,80.13242,,13.7254901960784,843.75,5,5.46875,0,0,5.46875,2.734375,91,14.15269,0,0,0,,0,1.536,1.08,,1.41404,21,23,,,99.96,,,,,,,,,,,,,,,,,,,,,,,,,,,,,,,,,,,,,,,,,,,,,,,,,,,,,,,,,,,,,,,,,,,,,,,,,,,,,,,,,,,,
891,2025-11-19,18:04:56.54998,80.19744,,13.7254901960784,843.75,4,5.46875,0,0,5.46875,2.734375,91,14.15269,0,0,0,,0,1.536,1.08,,1.4007,21,23,,,99.96,,,,,,,,,,,,,,,,,,,,,,,,,,,,,,,,,,,,,,,,,,,,,,,,,,,,,,,,,,,,,,,,,,,,,,,,,,,,,,,,,,,,
892,2025-11-19,18:04:56.82481,80.47226,,13.7254901960784,843.75,4,5.46875,0,0,5.46875,3.125,91,14.15269,0,0,0,,0,1.536,1.08,,1.36068,21,23,,,99.96,31.25,,,,,,,,,,,,,,,,,,,,,,,,,,,,,,,,,,,,,,,,,,,,,,,,,,,,,,,,,,,,,,,,,,,,,,,,,,,,,,,,,,,
893,2025-11-19,18:04:56.93363,80.58199,,13.7254901960784,843.75,5,5.46875,0,0,5.46875,3.3203125,91,14.15269,0,0,0,,0,1.536,1.12,,1.4007,21,23,,,99.96,31.25,,,,,,,,,,,,,,,,,,,,,,,,,,,,,,,,,,,,,,,,,,,,,,,,,,,,,,,,,,,,,,,,,,,,,,,,,,,,,,,,,,,
894,2025-11-19,18:04:57.04959,80.69708,,13.7254901960784,875,4,5.46875,0,0,5.46875,3.3203125,91,14.15269,0,0,0,,0,1.536,1.12,,1.37402,21,23,,,99.96,31.25,,,,,,,,,,,,,,,,,,,,,,,,,,,,,,,,,,,,,,,,,,,,,,,,,,,,,,,,,,,,,,,,,,,,,,,,,,,,,,,,,,,
895,2025-11-19,18:04:57.13354,80.78083,,13.7254901960784,843.75,4,5.46875,0,0,5.46875,3.515625,91,14.22602,0,0,0,,0,1.536,1.12,,1.38736,21,23,,,99.96,31.25,,,,,,,,,,,,,,,,,,,,,,,,,,,,,,,,,,,,,,,,,,,,,,,,,,,,,,,,,,,,,,,,,,,,,,,,,,,,,,,,,,,
896,2025-11-19,18:04:57.19650,80.84399,,13.7254901960784,875,4,5.46875,0,0,5.46875,3.515625,91,14.22602,0,0,0,,0,1.536,1.12,,1.42738,21,23,,,99.96,31.25,,,,,,,,,,,,,,,,,,,,,,,,,,,,,,,,,,,,,,,,,,,,,,,,,,,,,,,,,,,,,,,,,,,,,,,,,,,,,,,,,,,
897,2025-11-19,18:04:57.26140,80.90887,,13.7254901960784,875,4,5.46875,0,0,5.46875,3.515625,91,14.15269,0,0,0,,0,1.536,1.12,,1.42738,21,23,,,99.96,25,,,,,,,,,,,,,,,,,,,,,,,,,,,,,,,,,,,,,,,,,,,,,,,,,,,,,,,,,,,,,,,,,,,,,,,,,,,,,,,,,,,
898,2025-11-19,18:04:57.35283,81.0008,,13.7254901960784,875,4,5.46875,0,0,5.46875,3.515625,91,14.15269,0,0,0,,0,1.536,1.12,,1.38736,21,23,,,99.96,25,,,,,,,,,,,,,,,,,,,,,,,,,,,,,,,,,,,,,,,,,,,,,,,,,,,,,,,,,,,,,,,,,,,,,,,,,,,,,,,,,,,
899,2025-11-19,18:04:57.45620,81.1037,,13.7254901960784,875,5,5.46875,0,0,5.46875,3.3203125,91,14.15269,0,0,0,,0,1.536,1.08,,1.4007,21,23,,,99.96,25,,,,,,,,,,,,,,,,,,,,,,,,,,,,,,,,,,,,,,,,,,,,,,,,,,,,,,,,,,,,,,,,,,,,,,,,,,,,,,,,,,,
900,2025-11-19,18:04:57.56125,81.20871,,13.7254901960784,843.75,5,5.46875,0,0,5.46875,3.3203125,91,14.22602,0,0,0,,0,1.536,1.12,,1.38736,21,23,,,99.96,31.25,,,,,,,,,,,,,,,,,,,,,,,,,,,,,,,,,,,,,,,,,,,,,,,,,,,,,,,,,,,,,,,,,,,,,,,,,,,,,,,,,,,
901,2025-11-19,18:04:57.66843,81.31582,,13.7254901960784,843.75,4,5.46875,0,0,5.46875,3.125,91,14.22602,0,0,0,,0,1.536,1.08,,1.41404,21,23,,,99.96,25,,,,,,,,,,,,,,,,,,,,,,,,,,,,,,,,,,,,,,,,,,,,,,,,,,,,,,,,,,,,,,,,,,,,,,,,,,,,,,,,,,,
902,2025-11-19,18:04:57.77597,81.42348,,13.7254901960784,843.75,5,5.46875,0,0,5.46875,2.9296875,91,14.15269,0,0,0,,0,1.536,1.08,,1.38736,21,23,,,99.96,25,,,,,,,,,,,,,,,,,,,,,,,,,,,,,,,,,,,,,,,,,,,,,,,,,,,,,,,,,,,,,,,,,,,,,,,,,,,,,,,,,,,
903,2025-11-19,18:04:57.85311,81.50042,,13.7254901960784,843.75,6,5.46875,0,0,5.46875,2.9296875,91,14.22602,0,0,0,,0,1.536,1.08,,1.41404,21,23,,,99.96,25,,,,,,,,,,,,,,,,,,,,,,,,,,,,,,,,,,,,,,,,,,,,,,,,,,,,,,,,,,,,,,,,,,,,,,,,,,,,,,,,,,,
904,2025-11-19,18:04:57.93782,81.58579,,13.7254901960784,875,5,5.46875,0,0,5.46875,2.9296875,93,14.15269,0,0,0,,0,1.536,1.08,,1.37402,21,23,,,99.96,31.25,,,,,,,,,,,,,,,,,,,,,,,,,,,,,,,,,,,,,,,,,,,,,,,,,,,,,,,,,,,,,,,,,,,,,,,,,,,,,,,,,,,
905,2025-11-19,18:04:58.05976,81.70716,,13.7254901960784,843.75,5,5.46875,0,0,5.46875,3.125,91,14.15269,0,0,0,,0,1.536,1.08,,1.36068,21,23,,,99.96,31.25,,,,,,,,,,,,,,,,,,,,,,,,,,,,,,,,,,,,,,,,,,,,,,,,,,,,,,,,,,,,,,,,,,,,,,,,,,,,,,,,,,,
906,2025-11-19,18:04:58.16284,81.81016,,13.7254901960784,843.75,5,5.46875,0,0,5.46875,3.125,91,14.22602,0,0,0,,0,1.536,1.08,,1.38736,21,23,,,99.96,25,,,,,,,,,,,,,,,,,,,,,,,,,,,,,,,,,,,,,,,,,,,,,,,,,,,,,,,,,,,,,,,,,,,,,,,,,,,,,,,,,,,
907,2025-11-19,18:04:58.26772,81.91504,,13.7254901960784,843.75,5,5.46875,0,0,5.46875,3.3203125,91,14.15269,0,0,0,,0,1.536,1.08,,1.37402,21,23,,,99.96,31.25,,,,,,,,,,,,,,,,,,,,,,,,,,,,,,,,,,,,,,,,,,,,,,,,,,,,,,,,,,,,,,,,,,,,,,,,,,,,,,,,,,,
908,2025-11-19,18:04:58.37454,82.0227,,13.7254901960784,843.75,5,5.46875,0,0,5.46875,3.515625,91,14.15269,0,0,0,,0,1.536,1.12,,1.38736,21,23,,,99.96,31.25,,,,,,,,,,,,,,,,,,,,,,,,,,,,,,,,,,,,,,,,,,,,,,,,,,,,,,,,,,,,,,,,,,,,,,,,,,,,,,,,,,,
909,2025-11-19,18:04:58.47645,82.12395,,13.7254901960784,875,3,5.46875,0,0,5.46875,3.7109375,93,14.07936,0,0,0,,0,1.536,1.12,,1.36068,21,23,,,99.96,31.25,,,,,,,,,,,,,,,,,,,,,,,,,,,,,,,,,,,,,,,,,,,,,,,,,,,,,,,,,,,,,,,,,,,,,,,,,,,,,,,,,,,
910,2025-11-19,18:04:58.58918,82.23676,,13.7254901960784,875,4,5.46875,0,0,5.46875,3.90625,91,14.22602,0,0,0,,0,1.536,1.12,,1.41404,21,23,,,99.96,31.25,,,,,,,,,,,,,,,,,,,,,,,,,,,,,,,,,,,,,,,,,,,,,,,,,,,,,,,,,,,,,,,,,,,,,,,,,,,,,,,,,,,
911,2025-11-19,18:04:58.66631,82.31382,,13.7254901960784,875,3,5.46875,0,0,5.46875,3.7109375,93,14.15269,0,0,0,,0,1.536,1.12,,1.42738,21,23,,,99.96,25,,,,,,,,,,,,,,,,,,,,,,,,,,,,,,,,,,,,,,,,,,,,,,,,,,,,,,,,,,,,,,,,,,,,,,,,,,,,,,,,,,,
912,2025-11-19,18:04:58.74459,82.3922,,13.7254901960784,875,4,5.46875,0,0,5.46875,3.7109375,93,14.22602,0,0,0,,0,1.536,1.12,,1.38736,21,23,,,99.96,25,,,,,,,,,,,,,,,,,,,,,,,,,,,,,,,,,,,,,,,,,,,,,,,,,,,,,,,,,,,,,,,,,,,,,,,,,,,,,,,,,,,
913,2025-11-19,18:04:58.83925,82.48674,,13.7254901960784,875,5,5.46875,0,0,5.46875,3.515625,93,14.15269,0,0,0,,0,1.536,1.12,,1.38736,21,23,,,99.96,31.25,,,,,,,,,,,,,,,,,,,,,,,,,,,,,,,,,,,,,,,,,,,,,,,,,,,,,,,,,,,,,,,,,,,,,,,,,,,,,,,,,,,
914,2025-11-19,18:04:58.95905,82.6072,,13.7254901960784,875,4,5.46875,0,0,5.46875,3.515625,93,14.22602,0,0,0,,0,1.536,1.12,,1.37402,21,23,,,99.96,31.25,,,,,,,,,,,,,,,,,,,,,,,,,,,,,,,,,,,,,,,,,,,,,,,,,,,,,,,,,,,,,,,,,,,,,,,,,,,,,,,,,,,
915,2025-11-19,18:04:59.06405,82.71151,,13.7254901960784,875,6,5.46875,0,0,5.46875,3.3203125,93,14.22602,0,0,0,,0,1.536,1.12,,1.38736,21,23,,,99.96,31.25,,,,,,,,,,,,,,,,,,,,,,,,,,,,,,,,,,,,,,,,,,,,,,,,,,,,,,,,,,,,,,,,,,,,,,,,,,,,,,,,,,,
916,2025-11-19,18:04:59.14604,82.7935,,13.7254901960784,875,5,5.46875,0,0,5.46875,3.3203125,93,14.22602,0,0,0,,0,1.536,1.12,,1.4007,21,23,,,99.96,31.25,,,,,,,,,,,,,,,,,,,,,,,,,,,,,,,,,,,,,,,,,,,,,,,,,,,,,,,,,,,,,,,,,,,,,,,,,,,,,,,,,,,
917,2025-11-19,18:04:59.21892,82.86769,,13.7254901960784,875,4,5.46875,0,0,5.46875,3.125,93,14.22602,0,0,0,,0,1.536,1.12,,1.4007,21,23,,,99.96,25,,,,,,,,,,,,,,,,,,,,,,,,,,,,,,,,,,,,,,,,,,,,,,,,,,,,,,,,,,,,,,,,,,,,,,,,,,,,,,,,,,,
918,2025-11-19,18:04:59.28528,82.93317,,13.7254901960784,843.75,5,5.46875,0,0,5.46875,3.125,93,14.15269,0,0,0,,0,1.536,1.08,,1.4007,21,23,,,99.96,25,,,,,,,,,,,,,,,,,,,,,,,,,,,,,,,,,,,,,,,,,,,,,,,,,,,,,,,,,,,,,,,,,,,,,,,,,,,,,,,,,,,
919,2025-11-19,18:04:59.35582,83.0033,,13.7254901960784,843.75,6,5.46875,0,0,5.46875,2.9296875,93,14.22602,0,0,0,,0,1.536,1.08,,1.38736,21,23,,,99.96,25,,,,,,,,,,,,,,,,,,,,,,,,,,,,,,,,,,,,,,,,,,,,,,,,,,,,,,,,,,,,,,,,,,,,,,,,,,,,,,,,,,,
920,2025-11-19,18:04:59.43270,83.08011,,13.7254901960784,843.75,6,5.46875,0,0,5.46875,2.9296875,93,14.15269,0,0,0,,0,1.536,1.12,,1.41404,21,23,,,99.96,31.25,,,,,,,,,,,,,,,,,,,,,,,,,,,,,,,,,,,,,,,,,,,,,,,,,,,,,,,,,,,,,,,,,,,,,,,,,,,,,,,,,,,
921,2025-11-19,18:04:59.53183,83.18008,,13.7254901960784,875,4,5.46875,0,0,5.46875,2.734375,93,14.22602,0,0,0,,0,1.536,1.12,,1.44072,21,23,,,99.96,31.25,,,,,,,,,,,,,,,,,,,,,,,,,,,,,,,,,,,,,,,,,,,,,,,,,,,,,,,,,,,,,,,,,,,,,,,,,,,,,,,,,,,
922,2025-11-19,18:04:59.63073,83.27805,,13.7254901960784,875,4,5.46875,0,0,5.46875,2.734375,93,14.15269,0,0,0,,0,1.536,1.12,,1.34734,21,23,,,99.96,25,,,,,,,,,,,,,,,,,,,,,,,,,,,,,,,,,,,,,,,,,,,,,,,,,,,,,,,,,,,,,,,,,,,,,,,,,,,,,,,,,,,
923,2025-11-19,18:04:59.73579,83.38322,,13.7254901960784,875,5,5.46875,0,0,5.46875,2.5390625,93,14.15269,0,0,0,,0,1.536,1.08,,1.37402,21,23,,,99.96,25,,,,,,,,,,,,,,,,,,,,,,,,,,,,,,,,,,,,,,,,,,,,,,,,,,,,,,,,,,,,,,,,,,,,,,,,,,,,,,,,,,,
924,2025-11-19,18:04:59.83669,83.48491,,13.7254901960784,843.75,6,5.46875,0,0,5.46875,2.5390625,93,14.22602,0,0,0,,0,1.536,1.12,,1.38736,21,23,,,99.96,25,,,,,,,,,,,,,,,,,,,,,,,,,,,,,,,,,,,,,,,,,,,,,,,,,,,,,,,,,,,,,,,,,,,,,,,,,,,,,,,,,,,
925,2025-11-19,18:04:59.91257,83.55989,,13.7254901960784,843.75,5,5.46875,0,0,5.46875,2.34375,93,14.15269,0,0,0,,0,1.536,1.08,,1.41404,21,23,,,99.96,31.25,,,,,,,,,,,,,,,,,,,,,,,,,,,,,,,,,,,,,,,,,,,,,,,,,,,,,,,,,,,,,,,,,,,,,,,,,,,,,,,,,,,
926,2025-11-19,18:04:59.98430,83.63175,,13.7254901960784,843.75,6,5.46875,0,0,5.46875,2.34375,93,14.15269,0,0,0,,0,1.536,1.12,,1.4007,21,23,,,99.96,25,,,,,,,,,,,,,,,,,,,,,,,,,,,,,,,,,,,,,,,,,,,,,,,,,,,,,,,,,,,,,,,,,,,,,,,,,,,,,,,,,,,
927,2025-11-19,18:05:00.06924,83.7168,,13.7254901960784,843.75,5,5.46875,0,0,5.46875,2.1484375,93,14.22602,0,0,0,,0,1.536,1.08,,1.38736,21,23,,,99.96,31.25,,,,,,,,,,,,,,,,,,,,,,,,,,,,,,,,,,,,,,,,,,,,,,,,,,,,,,,,,,,,,,,,,,,,,,,,,,,,,,,,,,,
928,2025-11-19,18:05:00.18153,83.82967,,13.7254901960784,843.75,5,5.46875,0,0,5.46875,2.34375,93,14.15269,0,0,0,,0,1.536,1.08,,1.4007,21,23,,,99.96,31.25,,,,,,,,,,,,,,,,,,,,,,,,,,,,,,,,,,,,,,,,,,,,,,,,,,,,,,,,,,,,,,,,,,,,,,,,,,,,,,,,,,,
929,2025-11-19,18:05:00.30205,83.94952,,13.7254901960784,843.75,5,5.46875,0,0,5.46875,2.5390625,93,14.22602,0,0,0,,0,1.536,1.08,,1.37402,21,23,,,99.96,25,,,,,,,,,,,,,,,,,,,,,,,,,,,,,,,,,,,,,,,,,,,,,,,,,,,,,,,,,,,,,,,,,,,,,,,,,,,,,,,,,,,
930,2025-11-19,18:05:00.44198,84.08932,,13.7254901960784,843.75,6,5.46875,0,0,5.46875,2.734375,93,14.22602,0,0,0,,0,1.536,1.12,,1.37402,21,23,,,99.96,31.25,,,,,,,,,,,,,,,,,,,,,,,,,,,,,,,,,,,,,,,,,,,,,,,,,,,,,,,,,,,,,,,,,,,,,,,,,,,,,,,,,,,
931,2025-11-19,18:05:00.53894,84.18643,,13.7254901960784,875,4,5.46875,0,0,5.46875,2.9296875,93,14.15269,0,0,0,,0,1.536,1.12,,1.38736,21,23,,,99.96,25,,,,,,,,,,,,,,,,,,,,,,,,,,,,,,,,,,,,,,,,,,,,,,,,,,,,,,,,,,,,,,,,,,,,,,,,,,,,,,,,,,,
932,2025-11-19,18:05:00.60853,84.25638,,13.7254901960784,875,5,5.46875,0,0,5.46875,3.125,93,14.22602,0,0,0,,0,1.536,1.12,,1.37402,21,23,,,99.96,25,,,,,,,,,,,,,,,,,,,,,,,,,,,,,,,,,,,,,,,,,,,,,,,,,,,,,,,,,,,,,,,,,,,,,,,,,,,,,,,,,,,
933,2025-11-19,18:05:00.70773,84.35622,,13.7254901960784,843.75,4,5.46875,0,0,5.46875,3.125,93,14.07936,0,0,0,,0,1.536,1.12,,1.38736,21,23,,,99.96,31.25,,,,,,,,,,,,,,,,,,,,,,,,,,,,,,,,,,,,,,,,,,,,,,,,,,,,,,,,,,,,,,,,,,,,,,,,,,,,,,,,,,,
934,2025-11-19,18:05:00.77872,84.42618,,13.7254901960784,875,5,5.46875,0,0,5.46875,3.3203125,93,14.22602,0,0,0,,0,1.536,1.08,,1.36068,21,23,,,99.96,25,,,,,,,,,,,,,,,,,,,,,,,,,,,,,,,,,,,,,,,,,,,,,,,,,,,,,,,,,,,,,,,,,,,,,,,,,,,,,,,,,,,
935,2025-11-19,18:05:00.88587,84.53326,,13.7254901960784,843.75,5,5.46875,0,0,5.46875,3.3203125,93,14.15269,0,0,0,,0,1.536,1.12,,1.37402,21,23,,,99.96,31.25,,,,,,,,,,,,,,,,,,,,,,,,,,,,,,,,,,,,,,,,,,,,,,,,,,,,,,,,,,,,,,,,,,,,,,,,,,,,,,,,,,,
936,2025-11-19,18:05:00.98857,84.63606,,13.7254901960784,875,4,5.46875,0,0,5.46875,3.3203125,93,14.22602,0,0,0,,0,1.536,1.12,,1.36068,21,23,,,99.96,31.25,,,,,,,,,,,,,,,,,,,,,,,,,,,,,,,,,,,,,,,,,,,,,,,,,,,,,,,,,,,,,,,,,,,,,,,,,,,,,,,,,,,
937,2025-11-19,18:05:01.10040,84.74784,,13.7254901960784,875,4,5.46875,0,0,5.46875,3.3203125,93,14.22602,0,0,0,,0,1.536,1.12,,1.37402,21,23,,,99.96,25,,,,,,,,,,,,,,,,,,,,,,,,,,,,,,,,,,,,,,,,,,,,,,,,,,,,,,,,,,,,,,,,,,,,,,,,,,,,,,,,,,,
938,2025-11-19,18:05:01.20840,84.85589,,13.7254901960784,875,5,5.46875,0,0,5.46875,3.125,93,14.15269,0,0,0,,0,1.536,1.08,,1.34734,21,23,,,99.96,25,,,,,,,,,,,,,,,,,,,,,,,,,,,,,,,,,,,,,,,,,,,,,,,,,,,,,,,,,,,,,,,,,,,,,,,,,,,,,,,,,,,
939,2025-11-19,18:05:01.28052,84.92787,,13.7254901960784,843.75,6,5.46875,0,0,5.46875,2.9296875,93,14.07936,0,0,0,,0,1.536,1.12,,1.44072,21,23,,,99.96,31.25,,,,,,,,,,,,,,,,,,,,,,,,,,,,,,,,,,,,,,,,,,,,,,,,,,,,,,,,,,,,,,,,,,,,,,,,,,,,,,,,,,,
940,2025-11-19,18:05:01.34924,84.99766,,13.7254901960784,875,5,5.46875,0,0,5.46875,2.9296875,93,14.15269,0,0,0,,0,1.536,1.12,,1.44072,21,23,,,99.96,31.25,,,,,,,,,,,,,,,,,,,,,,,,,,,,,,,,,,,,,,,,,,,,,,,,,,,,,,,,,,,,,,,,,,,,,,,,,,,,,,,,,,,
941,2025-11-19,18:05:01.41973,85.0677,,13.7254901960784,875,5,5.46875,0,0,5.46875,2.9296875,93,14.15269,0,0,0,,0,1.536,1.12,,1.41404,21,23,,,99.96,31.25,,,,,,,,,,,,,,,,,,,,,,,,,,,,,,,,,,,,,,,,,,,,,,,,,,,,,,,,,,,,,,,,,,,,,,,,,,,,,,,,,,,
942,2025-11-19,18:05:01.52954,85.17755,,13.7254901960784,843.75,5,5.46875,0,0,5.46875,2.734375,93,14.15269,0,0,0,,0,1.536,1.12,,1.41404,21,23,,,99.96,25,,,,,,,,,,,,,,,,,,,,,,,,,,,,,,,,,,,,,,,,,,,,,,,,,,,,,,,,,,,,,,,,,,,,,,,,,,,,,,,,,,,
943,2025-11-19,18:05:01.63169,85.27918,,13.7254901960784,875,5,5.46875,0,0,5.46875,2.5390625,93,14.15269,0,0,0,,0,1.536,1.12,,1.34734,21,23,,,99.96,25,,,,,,,,,,,,,,,,,,,,,,,,,,,,,,,,,,,,,,,,,,,,,,,,,,,,,,,,,,,,,,,,,,,,,,,,,,,,,,,,,,,
944,2025-11-19,18:05:01.73993,85.38742,,13.7254901960784,875,5,5.46875,0,0,5.46875,2.734375,93,14.07936,0,0,0,,0,1.536,1.08,,1.4007,21,23,,,99.96,25,,,,,,,,,,,,,,,,,,,,,,,,,,,,,,,,,,,,,,,,,,,,,,,,,,,,,,,,,,,,,,,,,,,,,,,,,,,,,,,,,,,
945,2025-11-19,18:05:01.84605,85.49426,,13.7254901960784,843.75,7,5.46875,0,0,5.46875,2.9296875,93,14.15269,0,0,0,,0,1.536,1.08,,1.41404,21,23,,,99.96,31.25,,,,,,,,,,,,,,,,,,,,,,,,,,,,,,,,,,,,,,,,,,,,,,,,,,,,,,,,,,,,,,,,,,,,,,,,,,,,,,,,,,,
946,2025-11-19,18:05:01.93843,85.5865,,13.7254901960784,875,4,5.46875,0,0,5.46875,2.9296875,93,14.15269,0,0,0,,0,1.536,1.12,,1.4007,21,23,,,99.96,31.25,,,,,,,,,,,,,,,,,,,,,,,,,,,,,,,,,,,,,,,,,,,,,,,,,,,,,,,,,,,,,,,,,,,,,,,,,,,,,,,,,,,
947,2025-11-19,18:05:02.00678,85.65423,,13.7254901960784,875,4,5.46875,0,0,5.46875,3.125,93,14.22602,0,0,0,,0,1.536,1.12,,1.37402,21,23,,,99.96,25,,,,,,,,,,,,,,,,,,,,,,,,,,,,,,,,,,,,,,,,,,,,,,,,,,,,,,,,,,,,,,,,,,,,,,,,,,,,,,,,,,,
948,2025-11-19,18:05:02.09364,85.74111,,13.7254901960784,843.75,4,5.46875,0,0,5.46875,3.125,93,14.15269,0,0,0,,0,1.536,1.12,,1.38736,21,23,,,99.96,25,,,,,,,,,,,,,,,,,,,,,,,,,,,,,,,,,,,,,,,,,,,,,,,,,,,,,,,,,,,,,,,,,,,,,,,,,,,,,,,,,,,
949,2025-11-19,18:05:02.17165,85.8196,,13.7254901960784,843.75,4,5.46875,0,0,5.46875,3.3203125,93,14.22602,0,0,0,,0,1.536,1.08,,1.38736,21,23,,,99.96,25,,,,,,,,,,,,,,,,,,,,,,,,,,,,,,,,,,,,,,,,,,,,,,,,,,,,,,,,,,,,,,,,,,,,,,,,,,,,,,,,,,,
950,2025-11-19,18:05:02.30585,85.95398,,13.7254901960784,843.75,6,5.46875,0,0,5.46875,3.515625,93,14.22602,0,0,0,,0,1.536,1.08,,1.45406,21,23,,,99.96,25,,,,,,,,,,,,,,,,,,,,,,,,,,,,,,,,,,,,,,,,,,,,,,,,,,,,,,,,,,,,,,,,,,,,,,,,,,,,,,,,,,,
951,2025-11-19,18:05:02.42645,86.07394,,13.7254901960784,843.75,6,5.46875,0,0,5.46875,3.3203125,93,14.22602,0,0,0,,0,1.536,1.08,,1.38736,21,23,,,99.96,25,,,,,,,,,,,,,,,,,,,,,,,,,,,,,,,,,,,,,,,,,,,,,,,,,,,,,,,,,,,,,,,,,,,,,,,,,,,,,,,,,,,
952,2025-11-19,18:05:02.58126,86.22884,,13.7254901960784,843.75,5,5.46875,0,0,5.46875,3.3203125,93,14.22602,0,0,0,,0,1.536,1.08,,1.4007,21,23,,,99.96,25,,,,,,,,,,,,,,,,,,,,,,,,,,,,,,,,,,,,,,,,,,,,,,,,,,,,,,,,,,,,,,,,,,,,,,,,,,,,,,,,,,,
953,2025-11-19,18:05:02.67326,86.32074,,13.7254901960784,843.75,5,5.46875,0,0,5.46875,3.125,93,14.15269,0,0,0,,0,1.536,1.08,,1.38736,21,23,,,99.96,25,,,,,,,,,,,,,,,,,,,,,,,,,,,,,,,,,,,,,,,,,,,,,,,,,,,,,,,,,,,,,,,,,,,,,,,,,,,,,,,,,,,
954,2025-11-19,18:05:02.77837,86.42575,,13.7254901960784,843.75,4,5.46875,0,0,5.46875,2.9296875,93,14.22602,0,0,0,,0,1.536,1.08,,1.41404,21,23,,,99.96,25,,,,,,,,,,,,,,,,,,,,,,,,,,,,,,,,,,,,,,,,,,,,,,,,,,,,,,,,,,,,,,,,,,,,,,,,,,,,,,,,,,,
955,2025-11-19,18:05:02.86811,86.51561,,13.7254901960784,843.75,6,5.46875,0,0,5.46875,2.9296875,93,14.15269,0,0,0,,0,1.536,1.08,,1.44072,21,23,,,99.96,25,,,,,,,,,,,,,,,,,,,,,,,,,,,,,,,,,,,,,,,,,,,,,,,,,,,,,,,,,,,,,,,,,,,,,,,,,,,,,,,,,,,
956,2025-11-19,18:05:02.98358,86.63106,,13.7254901960784,843.75,6,5.46875,0,0,5.46875,2.734375,93,14.15269,0,0,0,,0,1.536,1.08,,1.44072,21,23,,,99.96,31.25,,,,,,,,,,,,,,,,,,,,,,,,,,,,,,,,,,,,,,,,,,,,,,,,,,,,,,,,,,,,,,,,,,,,,,,,,,,,,,,,,,,
957,2025-11-19,18:05:03.11006,86.75801,,13.7254901960784,843.75,4,5.46875,0,0,5.46875,2.734375,93,14.07936,0,0,0,,0,1.536,1.08,,1.38736,21,23,,,99.96,31.25,,,,,,,,,,,,,,,,,,,,,,,,,,,,,,,,,,,,,,,,,,,,,,,,,,,,,,,,,,,,,,,,,,,,,,,,,,,,,,,,,,,
958,2025-11-19,18:05:03.23481,86.88234,,13.7254901960784,843.75,4,5.46875,0,0,5.46875,2.5390625,93,14.22602,0,0,0,,0,1.536,1.08,,1.4007,21,23,,,99.96,25,,,,,,,,,,,,,,,,,,,,,,,,,,,,,,,,,,,,,,,,,,,,,,,,,,,,,,,,,,,,,,,,,,,,,,,,,,,,,,,,,,,
959,2025-11-19,18:05:03.32604,86.97429,,13.7254901960784,843.75,4,5.46875,0,0,5.46875,2.734375,93,14.15269,0,0,0,,0,1.536,1.08,,1.45406,21,23,,,99.96,31.25,,,,,,,,,,,,,,,,,,,,,,,,,,,,,,,,,,,,,,,,,,,,,,,,,,,,,,,,,,,,,,,,,,,,,,,,,,,,,,,,,,,
960,2025-11-19,18:05:03.40964,87.05716,,13.7254901960784,843.75,5,5.46875,0,0,5.46875,2.9296875,93,14.22602,0,0,0,,0,1.536,1.08,,1.36068,21,23,,,99.96,31.25,,,,,,,,,,,,,,,,,,,,,,,,,,,,,,,,,,,,,,,,,,,,,,,,,,,,,,,,,,,,,,,,,,,,,,,,,,,,,,,,,,,
961,2025-11-19,18:05:03.49170,87.13926,,13.7254901960784,843.75,4,5.46875,0,0,5.46875,2.9296875,93,14.15269,0,0,0,,0,1.536,1.12,,1.37402,21,23,,,99.96,31.25,,,,,,,,,,,,,,,,,,,,,,,,,,,,,,,,,,,,,,,,,,,,,,,,,,,,,,,,,,,,,,,,,,,,,,,,,,,,,,,,,,,
962,2025-11-19,18:05:03.58624,87.23378,,13.7254901960784,843.75,4,5.46875,0,0,5.46875,3.125,93,14.15269,0,0,0,,0,1.536,1.12,,1.37402,21,23,,,99.96,31.25,,,,,,,,,,,,,,,,,,,,,,,,,,,,,,,,,,,,,,,,,,,,,,,,,,,,,,,,,,,,,,,,,,,,,,,,,,,,,,,,,,,
963,2025-11-19,18:05:03.68525,87.33408,,13.7254901960784,875,4,5.46875,0,0,5.46875,3.3203125,93,14.22602,0,0,0,,0,1.536,1.08,,1.44072,21,23,,,99.96,31.25,,,,,,,,,,,,,,,,,,,,,,,,,,,,,,,,,,,,,,,,,,,,,,,,,,,,,,,,,,,,,,,,,,,,,,,,,,,,,,,,,,,
964,2025-11-19,18:05:03.79449,87.44188,,13.7254901960784,843.75,5,5.46875,0,0,5.46875,3.515625,93,14.22602,0,0,0,,0,1.536,1.12,,1.41404,21,23,,,99.96,31.25,,,,,,,,,,,,,,,,,,,,,,,,,,,,,,,,,,,,,,,,,,,,,,,,,,,,,,,,,,,,,,,,,,,,,,,,,,,,,,,,,,,
965,2025-11-19,18:05:03.89858,87.54676,,13.7254901960784,875,4,5.46875,0,0,5.46875,3.515625,93,14.22602,0,0,0,,0,1.536,1.12,,1.4007,21,23,,,99.96,31.25,,,,,,,,,,,,,,,,,,,,,,,,,,,,,,,,,,,,,,,,,,,,,,,,,,,,,,,,,,,,,,,,,,,,,,,,,,,,,,,,,,,
966,2025-11-19,18:05:03.99131,87.63865,,13.7254901960784,875,5,5.46875,0,0,5.46875,3.7109375,93,14.15269,0,0,0,,0,1.536,1.12,,1.41404,21,23,,,99.96,31.25,,,,,,,,,,,,,,,,,,,,,,,,,,,,,,,,,,,,,,,,,,,,,,,,,,,,,,,,,,,,,,,,,,,,,,,,,,,,,,,,,,,
967,2025-11-19,18:05:04.06814,87.71566,,13.7254901960784,875,4,5.46875,0,0,5.46875,3.7109375,93,14.22602,0,0,0,,0,1.536,1.12,,1.41404,21,23,,,99.96,25,,,,,,,,,,,,,,,,,,,,,,,,,,,,,,,,,,,,,,,,,,,,,,,,,,,,,,,,,,,,,,,,,,,,,,,,,,,,,,,,,,,
968,2025-11-19,18:05:04.13227,87.78059,,13.7254901960784,875,4,5.46875,0,0,5.46875,3.7109375,93,14.22602,0,0,0,,0,1.536,1.12,,1.41404,21,23,,,99.96,25,,,,,,,,,,,,,,,,,,,,,,,,,,,,,,,,,,,,,,,,,,,,,,,,,,,,,,,,,,,,,,,,,,,,,,,,,,,,,,,,,,,
969,2025-11-19,18:05:04.20307,87.85328,,13.7254901960784,875,4,5.46875,0,0,5.46875,3.515625,93,14.22602,0,0,0,,0,1.536,1.12,,1.38736,21,23,,,99.96,31.25,,,,,,,,,,,,,,,,,,,,,,,,,,,,,,,,,,,,,,,,,,,,,,,,,,,,,,,,,,,,,,,,,,,,,,,,,,,,,,,,,,,
970,2025-11-19,18:05:04.26602,87.91348,,13.7254901960784,875,4,5.46875,0,0,5.46875,3.515625,93,14.07936,0,0,0,,0,1.536,1.12,,1.41404,21,23,,,99.96,31.25,,,,,,,,,,,,,,,,,,,,,,,,,,,,,,,,,,,,,,,,,,,,,,,,,,,,,,,,,,,,,,,,,,,,,,,,,,,,,,,,,,,
971,2025-11-19,18:05:04.37095,88.01842,,13.7254901960784,875,4,5.46875,0,0,5.46875,3.3203125,93,14.15269,0,0,0,,0,1.536,1.08,,1.37402,21,23,,,99.96,25,,,,,,,,,,,,,,,,,,,,,,,,,,,,,,,,,,,,,,,,,,,,,,,,,,,,,,,,,,,,,,,,,,,,,,,,,,,,,,,,,,,
972,2025-11-19,18:05:04.48580,88.13329,,13.7254901960784,875,6,5.46875,0,0,5.46875,3.3203125,93,14.15269,0,0,0,,0,1.536,1.12,,1.42738,21,23,,,99.96,31.25,,,,,,,,,,,,,,,,,,,,,,,,,,,,,,,,,,,,,,,,,,,,,,,,,,,,,,,,,,,,,,,,,,,,,,,,,,,,,,,,,,,
973,2025-11-19,18:05:04.59192,88.24023,,13.7254901960784,875,5,5.46875,0,0,5.46875,3.125,93,14.15269,0,0,0,,0,1.536,1.12,,1.41404,21,23,,,99.96,31.25,,,,,,,,,,,,,,,,,,,,,,,,,,,,,,,,,,,,,,,,,,,,,,,,,,,,,,,,,,,,,,,,,,,,,,,,,,,,,,,,,,,
974,2025-11-19,18:05:04.69491,88.34305,,13.7254901960784,875,4,5.46875,0,0,5.46875,3.125,93,14.22602,0,0,0,,0,1.536,1.12,,1.42738,21,23,,,99.96,25,,,,,,,,,,,,,,,,,,,,,,,,,,,,,,,,,,,,,,,,,,,,,,,,,,,,,,,,,,,,,,,,,,,,,,,,,,,,,,,,,,,
975,2025-11-19,18:05:04.77759,88.42511,,13.7254901960784,875,4,5.46875,0,0,5.46875,2.9296875,93,14.22602,0,0,0,,0,1.536,1.12,,1.4007,21,23,,,99.96,25,,,,,,,,,,,,,,,,,,,,,,,,,,,,,,,,,,,,,,,,,,,,,,,,,,,,,,,,,,,,,,,,,,,,,,,,,,,,,,,,,,,
976,2025-11-19,18:05:04.85371,88.50194,,13.7254901960784,843.75,6,5.46875,0,0,5.46875,2.9296875,93,14.15269,0,0,0,,0,1.536,1.08,,1.4007,21,23,,,99.96,25,,,,,,,,,,,,,,,,,,,,,,,,,,,,,,,,,,,,,,,,,,,,,,,,,,,,,,,,,,,,,,,,,,,,,,,,,,,,,,,,,,,
977,2025-11-19,18:05:04.93446,88.58194,,13.7254901960784,875,6,5.46875,0,0,5.46875,2.734375,93,14.22602,0,0,0,,0,1.536,1.12,,1.41404,21,23,,,99.96,25,,,,,,,,,,,,,,,,,,,,,,,,,,,,,,,,,,,,,,,,,,,,,,,,,,,,,,,,,,,,,,,,,,,,,,,,,,,,,,,,,,,
978,2025-11-19,18:05:05.05235,88.6999,,13.7254901960784,875,5,5.46875,0,0,5.46875,2.734375,93,14.22602,0,0,0,,0,1.536,1.12,,1.37402,21,23,,,99.96,25,,,,,,,,,,,,,,,,,,,,,,,,,,,,,,,,,,,,,,,,,,,,,,,,,,,,,,,,,,,,,,,,,,,,,,,,,,,,,,,,,,,
979,2025-11-19,18:05:05.15720,88.80468,,13.7254901960784,843.75,5,5.46875,0,0,5.46875,2.734375,93,14.22602,0,0,0,,0,1.536,1.08,,1.37402,21,23,,,99.96,31.25,,,,,,,,,,,,,,,,,,,,,,,,,,,,,,,,,,,,,,,,,,,,,,,,,,,,,,,,,,,,,,,,,,,,,,,,,,,,,,,,,,,
980,2025-11-19,18:05:05.26198,88.90958,,13.7254901960784,843.75,6,5.46875,0,0,5.46875,2.9296875,93,14.15269,0,0,0,,0,1.536,1.12,,1.38736,21,23,,,99.96,31.25,,,,,,,,,,,,,,,,,,,,,,,,,,,,,,,,,,,,,,,,,,,,,,,,,,,,,,,,,,,,,,,,,,,,,,,,,,,,,,,,,,,
981,2025-11-19,18:05:05.36609,89.01457,,13.7254901960784,875,4,5.46875,0,0,5.46875,3.125,93,14.15269,0,0,0,,0,1.536,1.12,,1.36068,21,23,,,99.96,31.25,,,,,,,,,,,,,,,,,,,,,,,,,,,,,,,,,,,,,,,,,,,,,,,,,,,,,,,,,,,,,,,,,,,,,,,,,,,,,,,,,,,
982,2025-11-19,18:05:05.47092,89.11846,,13.7254901960784,875,4,5.46875,0,0,5.46875,3.3203125,93,14.22602,0,0,0,,0,1.536,1.12,,1.37402,21,23,,,99.96,25,,,,,,,,,,,,,,,,,,,,,,,,,,,,,,,,,,,,,,,,,,,,,,,,,,,,,,,,,,,,,,,,,,,,,,,,,,,,,,,,,,,
983,2025-11-19,18:05:05.54397,89.1914,,13.7254901960784,875,4,5.46875,0,0,5.46875,3.3203125,93,14.22602,0,0,0,,0,1.536,1.12,,1.36068,21,23,,,99.96,31.25,,,,,,,,,,,,,,,,,,,,,,,,,,,,,,,,,,,,,,,,,,,,,,,,,,,,,,,,,,,,,,,,,,,,,,,,,,,,,,,,,,,
984,2025-11-19,18:05:05.61890,89.26636,,13.7254901960784,875,4,5.46875,0,0,5.46875,3.515625,93,14.22602,0,0,0,,0,1.536,1.12,,1.34734,21,23,,,99.96,25,,,,,,,,,,,,,,,,,,,,,,,,,,,,,,,,,,,,,,,,,,,,,,,,,,,,,,,,,,,,,,,,,,,,,,,,,,,,,,,,,,,
985,2025-11-19,18:05:05.69876,89.34627,,13.7254901960784,875,5,5.46875,0,0,5.46875,3.7109375,93,14.22602,0,0,0,,0,1.536,1.12,,1.42738,21,23,,,99.96,31.25,,,,,,,,,,,,,,,,,,,,,,,,,,,,,,,,,,,,,,,,,,,,,,,,,,,,,,,,,,,,,,,,,,,,,,,,,,,,,,,,,,,
986,2025-11-19,18:05:05.80885,89.45617,,13.7254901960784,875,5,5.46875,0,0,5.46875,3.7109375,93,14.22602,0,0,0,,0,1.536,1.12,,1.41404,21,23,,,99.96,25,,,,,,,,,,,,,,,,,,,,,,,,,,,,,,,,,,,,,,,,,,,,,,,,,,,,,,,,,,,,,,,,,,,,,,,,,,,,,,,,,,,
987,2025-11-19,18:05:05.90361,89.55106,,13.7254901960784,843.75,5,5.46875,0,0,5.46875,3.90625,93,14.15269,0,0,0,,0,1.536,1.12,,1.44072,21,23,,,99.96,31.25,,,,,,,,,,,,,,,,,,,,,,,,,,,,,,,,,,,,,,,,,,,,,,,,,,,,,,,,,,,,,,,,,,,,,,,,,,,,,,,,,,,
988,2025-11-19,18:05:06.01854,89.66602,,13.7254901960784,875,5,5.46875,0,0,5.46875,4.1015625,93,14.22602,0,0,0,,0,1.536,1.12,,1.4007,21,23,,,99.96,31.25,,,,,,,,,,,,,,,,,,,,,,,,,,,,,,,,,,,,,,,,,,,,,,,,,,,,,,,,,,,,,,,,,,,,,,,,,,,,,,,,,,,
989,2025-11-19,18:05:06.11801,89.76583,,13.7254901960784,875,4,5.46875,0,0,5.46875,4.296875,93,14.22602,0,0,0,,0,1.536,1.12,,1.44072,21,23,,,99.96,31.25,,,,,,,,,,,,,,,,,,,,,,,,,,,,,,,,,,,,,,,,,,,,,,,,,,,,,,,,,,,,,,,,,,,,,,,,,,,,,,,,,,,
990,2025-11-19,18:05:06.21742,89.86548,,13.7254901960784,875,3,5.46875,0,0,5.46875,4.1015625,93,14.22602,0,0,0,,0,1.536,1.12,,1.4007,21,23,,,99.96,25,,,,,,,,,,,,,,,,,,,,,,,,,,,,,,,,,,,,,,,,,,,,,,,,,,,,,,,,,,,,,,,,,,,,,,,,,,,,,,,,,,,
991,2025-11-19,18:05:06.32028,89.96774,,13.7254901960784,875,4,5.46875,0,0,5.46875,4.1015625,93,14.22602,0,0,0,,0,1.536,1.12,,1.42738,21,23,,,99.96,25,,,,,,,,,,,,,,,,,,,,,,,,,,,,,,,,,,,,,,,,,,,,,,,,,,,,,,,,,,,,,,,,,,,,,,,,,,,,,,,,,,,
992,2025-11-19,18:05:06.66398,90.31249,,13.7254901960784,875,4,5.46875,0,0,5.46875,3.515625,93,14.22602,0,0,0,,0,1.536,1.12,,1.34734,21,23,,,99.96,25,35.2941176470588,,,,,,,,,,,,,,,,,,,,,,,,,,,,,,,,,,,,,,,,,,,,,,,,,,,,,,,,,,,,,,,,,,,,,,,,,,,,,,,,,,
993,2025-11-19,18:05:06.77988,90.42738,,13.7254901960784,843.75,6,5.46875,0,0,5.46875,3.515625,93,14.15269,0,0,0,,0,1.536,1.12,,1.42738,21,23,,,99.96,31.25,36.8627450980392,,,,,,,,,,,,,,,,,,,,,,,,,,,,,,,,,,,,,,,,,,,,,,,,,,,,,,,,,,,,,,,,,,,,,,,,,,,,,,,,,,
994,2025-11-19,18:05:06.88962,90.53715,,13.7254901960784,875,5,5.46875,0,0,5.46875,3.3203125,93,14.15269,0,0,0,,0,1.536,1.12,,1.41404,21,23,,,99.96,31.25,36.078431372549,,,,,,,,,,,,,,,,,,,,,,,,,,,,,,,,,,,,,,,,,,,,,,,,,,,,,,,,,,,,,,,,,,,,,,,,,,,,,,,,,,
995,2025-11-19,18:05:07.01124,90.65931,,13.7254901960784,875,4,5.46875,0,0,5.46875,3.3203125,93,14.15269,0,0,0,,0,1.536,1.12,,1.34734,21,23,,,99.96,31.25,36.078431372549,,,,,,,,,,,,,,,,,,,,,,,,,,,,,,,,,,,,,,,,,,,,,,,,,,,,,,,,,,,,,,,,,,,,,,,,,,,,,,,,,,
996,2025-11-19,18:05:07.10853,90.75606,,13.7254901960784,875,6,5.46875,0,0,5.46875,3.3203125,93,14.07936,0,0,0,,0,1.536,1.12,,1.38736,21,23,,,99.96,31.25,36.078431372549,,,,,,,,,,,,,,,,,,,,,,,,,,,,,,,,,,,,,,,,,,,,,,,,,,,,,,,,,,,,,,,,,,,,,,,,,,,,,,,,,,
997,2025-11-19,18:05:07.18148,90.82947,,13.7254901960784,875,5,5.46875,0,0,5.46875,3.3203125,93,14.22602,0,0,0,,0,1.536,1.12,,1.37402,21,23,,,99.96,31.25,36.078431372549,,,,,,,,,,,,,,,,,,,,,,,,,,,,,,,,,,,,,,,,,,,,,,,,,,,,,,,,,,,,,,,,,,,,,,,,,,,,,,,,,,
998,2025-11-19,18:05:07.29139,90.93886,,13.7254901960784,875,4,5.46875,0,0,5.46875,3.515625,93,14.15269,0,0,0,,0,1.536,1.12,,1.36068,21,23,,,99.96,25,35.2941176470588,,,,,,,,,,,,,,,,,,,,,,,,,,,,,,,,,,,,,,,,,,,,,,,,,,,,,,,,,,,,,,,,,,,,,,,,,,,,,,,,,,
999,2025-11-19,18:05:07.39130,91.03876,,13.7254901960784,875,5,5.46875,0,0,5.46875,3.7109375,93,14.15269,0,0,0,,0,1.536,1.12,,1.4007,21,23,,,99.96,31.25,36.078431372549,,,,,,,,,,,,,,,,,,,,,,,,,,,,,,,,,,,,,,,,,,,,,,,,,,,,,,,,,,,,,,,,,,,,,,,,,,,,,,,,,,
1000,2025-11-19,18:05:07.49616,91.14369,,13.7254901960784,875,4,5.46875,0,0,5.46875,3.90625,93,14.07936,0,0,0,,0,1.536,1.12,,1.37402,21,23,,,99.96,25,35.2941176470588,,,,,,,,,,,,,,,,,,,,,,,,,,,,,,,,,,,,,,,,,,,,,,,,,,,,,,,,,,,,,,,,,,,,,,,,,,,,,,,,,,
1001,2025-11-19,18:05:07.62106,91.26854,,13.7254901960784,875,6,5.46875,0,0,5.46875,3.90625,93,14.22602,0,0,0,,0,1.536,1.12,,1.4007,21,23,,,99.96,31.25,36.078431372549,,,,,,,,,,,,,,,,,,,,,,,,,,,,,,,,,,,,,,,,,,,,,,,,,,,,,,,,,,,,,,,,,,,,,,,,,,,,,,,,,,
1002,2025-11-19,18:05:07.75096,91.39848,,13.7254901960784,875,4,5.46875,0,0,5.46875,3.90625,93,14.15269,0,0,0,,0,1.536,1.12,,1.42738,21,23,,,99.96,31.25,35.2941176470588,,,,,,,,,,,,,,,,,,,,,,,,,,,,,,,,,,,,,,,,,,,,,,,,,,,,,,,,,,,,,,,,,,,,,,,,,,,,,,,,,,
1003,2025-11-19,18:05:07.85288,91.50036,,13.7254901960784,875,4,5.46875,0,0,5.46875,3.7109375,93,14.22602,0,0,0,,0,1.536,1.12,,1.38736,21,23,,,99.96,31.25,35.2941176470588,,,,,,,,,,,,,,,,,,,,,,,,,,,,,,,,,,,,,,,,,,,,,,,,,,,,,,,,,,,,,,,,,,,,,,,,,,,,,,,,,,
1004,2025-11-19,18:05:08.06773,91.716,,13.7254901960784,875,4,5.46875,0,0,5.46875,3.515625,93,14.15269,0,0,0,,0,1.536,1.12,,1.36068,21,23,,,99.96,25,35.2941176470588,,,,,,,,,,,,,,,,,,,,,,,,,,,,,,,,,,,,,,,,,,,,,,,,,,,,,,,,,,,,,,,,,,,,,,,,,,,,,,,,,,
1005,2025-11-19,18:05:08.19664,91.84509,,13.7254901960784,875,6,5.46875,0,0,5.46875,3.3203125,93,14.22602,0,0,0,,0,1.536,1.12,,1.38736,21,23,,,99.96,25,35.2941176470588,0.6832,,,,,,,,,,,,,,,,,,,,,,,,,,,,,,,,,,,,,,,,,,,,,,,,,,,,,,,,,,,,,,,,,,,,,,,,,,,,,,,,,
1006,2025-11-19,18:05:08.32489,91.97263,,13.7254901960784,875,6,5.46875,0,0,5.46875,3.125,93,14.15269,0,0,0,,0,1.536,1.12,,1.44072,21,23,,,99.96,25,36.078431372549,0.25376,,,,,,,,,,,,,,,,,,,,,,,,,,,,,,,,,,,,,,,,,,,,,,,,,,,,,,,,,,,,,,,,,,,,,,,,,,,,,,,,,
1007,2025-11-19,18:05:08.44843,92.09688,,13.7254901960784,843.75,7,5.46875,0,0,5.46875,3.3203125,93,14.15269,0,0,0,,0,1.536,1.12,,1.34734,21,23,,,99.96,31.25,36.078431372549,0.0976,,,,,,,,,,,,,,,,,,,,,,,,,,,,,,,,,,,,,,,,,,,,,,,,,,,,,,,,,,,,,,,,,,,,,,,,,,,,,,,,,
1008,2025-11-19,18:05:08.57331,92.22122,,13.7254901960784,875,5,5.46875,0,0,5.46875,3.3203125,93,14.15269,0,0,0,,0,1.536,1.12,,1.36068,21,23,,,99.96,31.25,36.078431372549,0.07808,,,,,,,,,,,,,,,,,,,,,,,,,,,,,,,,,,,,,,,,,,,,,,,,,,,,,,,,,,,,,,,,,,,,,,,,,,,,,,,,,
1009,2025-11-19,18:05:08.64444,92.29174,,13.7254901960784,875,4,5.46875,0,0,5.46875,3.515625,93,14.22602,0,0,0,,0,1.536,1.12,,1.38736,21,23,,,99.96,31.25,36.078431372549,0.07808,,,,,,,,,,,,,,,,,,,,,,,,,,,,,,,,,,,,,,,,,,,,,,,,,,,,,,,,,,,,,,,,,,,,,,,,,,,,,,,,,
1010,2025-11-19,18:05:08.71425,92.36174,,13.7254901960784,875,4,5.46875,0,0,5.46875,3.7109375,93,14.15269,0,0,0,,0,1.536,1.12,,1.42738,21,23,,,99.96,31.25,36.078431372549,0.07808,,,,,,,,,,,,,,,,,,,,,,,,,,,,,,,,,,,,,,,,,,,,,,,,,,,,,,,,,,,,,,,,,,,,,,,,,,,,,,,,,
1011,2025-11-19,18:05:08.83925,92.48676,,13.7254901960784,875,4,5.46875,0,0,5.46875,3.7109375,93,14.22602,0,0,0,,0,1.536,1.12,,1.34734,21,23,,,99.96,31.25,36.078431372549,0.11712,,,,,,,,,,,,,,,,,,,,,,,,,,,,,,,,,,,,,,,,,,,,,,,,,,,,,,,,,,,,,,,,,,,,,,,,,,,,,,,,,
1012,2025-11-19,18:05:08.96906,92.61655,,13.7254901960784,875,4,5.46875,0,0,5.46875,4.1015625,93,14.22602,0,0,0,,0,1.536,1.12,,1.38736,21,23,,,99.96,31.25,36.078431372549,0.70272,,,,,,,,,,,,,,,,,,,,,,,,,,,,,,,,,,,,,,,,,,,,,,,,,,,,,,,,,,,,,,,,,,,,,,,,,,,,,,,,,
1013,2025-11-19,18:05:09.08396,92.73145,,13.7254901960784,875,4,5.46875,0,0,5.46875,4.1015625,93,14.22602,0,0,0,,0,1.536,1.12,,1.37402,22,23,,,99.96,31.25,35.2941176470588,0.81984,,,,,,,,,,,,,,,,,,,,,,,,,,,,,,,,,,,,,,,,,,,,,,,,,,,,,,,,,,,,,,,,,,,,,,,,,,,,,,,,,
1014,2025-11-19,18:05:09.20591,92.8534,,13.7254901960784,875,4,5.46875,0,0,5.46875,3.90625,93,14.15269,0,0,0,,0,1.536,1.12,,1.4007,21,23,,,99.96,25,35.2941176470588,0.81984,,,,,,,,,,,,,,,,,,,,,,,,,,,,,,,,,,,,,,,,,,,,,,,,,,,,,,,,,,,,,,,,,,,,,,,,,,,,,,,,,
1015,2025-11-19,18:05:09.27607,92.92335,,13.7254901960784,875,4,5.46875,0,0,5.46875,3.7109375,93,14.15269,0,0,0,,0,1.536,1.12,,1.37402,22,24,,,99.96,25,35.2941176470588,0.80032,,,,,,,,,,,,,,,,,,,,,,,,,,,,,,,,,,,,,,,,,,,,,,,,,,,,,,,,,,,,,,,,,,,,,,,,,,,,,,,,,
1016,2025-11-19,18:05:09.38275,93.03038,,13.7254901960784,875,6,5.46875,0,0,5.46875,3.7109375,93,14.22602,0,0,0,,0,1.536,1.12,,1.41404,22,24,,,99.96,31.25,36.078431372549,0.7808,,,,,,,,,,,,,,,,,,,,,,,,,,,,,,,,,,,,,,,,,,,,,,,,,,,,,,,,,,,,,,,,,,,,,,,,,,,,,,,,,
1017,2025-11-19,18:05:09.49572,93.14322,,13.7254901960784,875,6,5.46875,0,0,5.46875,3.515625,93,14.22602,0,0,0,,0,1.536,1.12,,1.37402,22,24,,,99.96,31.25,36.078431372549,0.72224,,,,,,,,,,,,,,,,,,,,,,,,,,,,,,,,,,,,,,,,,,,,,,,,,,,,,,,,,,,,,,,,,,,,,,,,,,,,,,,,,
1018,2025-11-19,18:05:09.61061,93.25811,,13.7254901960784,875,4,5.46875,0,0,5.46875,3.515625,93,14.22602,0,0,0,,0,1.536,1.12,,1.34734,22,24,,,99.96,31.25,36.078431372549,0.62464,,,,,,,,,,,,,,,,,,,,,,,,,,,,,,,,,,,,,,,,,,,,,,,,,,,,,,,,,,,,,,,,,,,,,,,,,,,,,,,,,
1019,2025-11-19,18:05:09.73543,93.38285,,13.7254901960784,875,6,5.46875,0,0,5.46875,3.3203125,93,14.22602,0,0,0,,0,1.536,1.12,,1.44072,22,24,,,99.96,25,36.078431372549,0.74176,,,,,,,,,,,,,,,,,,,,,,,,,,,,,,,,,,,,,,,,,,,,,,,,,,,,,,,,,,,,,,,,,,,,,,,,,,,,,,,,,
1020,2025-11-19,18:05:09.86243,93.50994,,13.7254901960784,875,6,5.46875,0,0,5.46875,3.125,93,14.22602,0,0,0,,0,1.536,1.12,,1.34734,22,24,,,99.96,25,35.2941176470588,0.6832,,,,,,,,,,,,,,,,,,,,,,,,,,,,,,,,,,,,,,,,,,,,,,,,,,,,,,,,,,,,,,,,,,,,,,,,,,,,,,,,,
1021,2025-11-19,18:05:09.95716,93.60472,,13.7254901960784,875,6,5.46875,0,0,5.46875,3.125,93,14.22602,0,0,0,,0,1.536,1.12,,1.42738,22,24,,,99.96,31.25,36.078431372549,0.42944,,,,,,,,,,,,,,,,,,,,,,,,,,,,,,,,,,,,,,,,,,,,,,,,,,,,,,,,,,,,,,,,,,,,,,,,,,,,,,,,,
1022,2025-11-19,18:05:10.07445,93.72179,,13.7254901960784,875,4,5.46875,0,0,5.46875,2.9296875,93,14.15269,0,0,0,,0,1.536,1.12,,1.41404,22,24,,,99.96,25,36.078431372549,0.1952,,,,,,,,,,,,,,,,,,,,,,,,,,,,,,,,,,,,,,,,,,,,,,,,,,,,,,,,,,,,,,,,,,,,,,,,,,,,,,,,,
1023,2025-11-19,18:05:10.17222,93.81964,,13.7254901960784,843.75,6,5.46875,0,0,5.46875,3.125,93,14.15269,0,0,0,,0,1.536,1.12,,1.36068,22,24,,,99.96,31.25,36.078431372549,0.11712,,,,,,,,,,,,,,,,,,,,,,,,,,,,,,,,,,,,,,,,,,,,,,,,,,,,,,,,,,,,,,,,,,,,,,,,,,,,,,,,,
1024,2025-11-19,18:05:10.29190,93.93948,,13.7254901960784,875,5,5.46875,0,0,5.46875,3.3203125,93,14.22602,0,0,0,,0,1.536,1.12,,1.42738,22,24,,,99.96,31.25,36.078431372549,0.0976,,,,,,,,,,,,,,,,,,,,,,,,,,,,,,,,,,,,,,,,,,,,,,,,,,,,,,,,,,,,,,,,,,,,,,,,,,,,,,,,,
1025,2025-11-19,18:05:10.43845,94.08633,,13.7254901960784,875,4,5.46875,0,0,5.46875,3.515625,93,14.15269,0,0,0,,0,1.536,1.08,,1.4007,22,24,,,99.96,25,36.078431372549,0.0976,,,,,,,,,,,,,,,,,,,,,,,,,,,,,,,,,,,,,,,,,,,,,,,,,,,,,,,,,,,,,,,,,,,,,,,,,,,,,,,,,
1026,2025-11-19,18:05:10.56186,94.20924,,13.7254901960784,875,5,5.46875,0,0,5.46875,3.7109375,93,14.07936,0,0,0,,0,1.536,1.12,,1.41404,22,24,,,99.96,31.25,36.078431372549,0.3904,,,,,,,,,,,,,,,,,,,,,,,,,,,,,,,,,,,,,,,,,,,,,,,,,,,,,,,,,,,,,,,,,,,,,,,,,,,,,,,,,
1027,2025-11-19,18:05:10.63329,94.28169,,13.7254901960784,875,5,5.46875,0,0,5.46875,3.90625,93,14.15269,0,0,0,,0,1.536,1.12,,1.34734,22,24,,,99.96,31.25,36.078431372549,0.66368,,,,,,,,,,,,,,,,,,,,,,,,,,,,,,,,,,,,,,,,,,,,,,,,,,,,,,,,,,,,,,,,,,,,,,,,,,,,,,,,,
1028,2025-11-19,18:05:10.72579,94.3731,,13.7254901960784,875,4,5.46875,0,0,5.46875,3.90625,93,14.15269,0,0,0,,0,1.536,1.12,,1.38736,22,24,,,99.96,31.25,36.078431372549,0.76128,,,,,,,,,,,,,,,,,,,,,,,,,,,,,,,,,,,,,,,,,,,,,,,,,,,,,,,,,,,,,,,,,,,,,,,,,,,,,,,,,
1029,2025-11-19,18:05:10.83804,94.48619,,13.7254901960784,875,5,5.46875,0,0,5.46875,3.7109375,93,14.15269,0,0,0,,0,1.536,1.12,,1.4007,22,24,,,99.96,25,35.2941176470588,0.7808,,,,,,,,,,,,,,,,,,,,,,,,,,,,,,,,,,,,,,,,,,,,,,,,,,,,,,,,,,,,,,,,,,,,,,,,,,,,,,,,,
1030,2025-11-19,18:05:10.97356,94.62109,,13.7254901960784,875,4,5.46875,0,0,5.46875,3.7109375,93,14.15269,0,0,0,,0,1.536,1.12,,1.36068,22,24,,,99.96,25,35.2941176470588,0.80032,,,,,,,,,,,,,,,,,,,,,,,,,,,,,,,,,,,,,,,,,,,,,,,,,,,,,,,,,,,,,,,,,,,,,,,,,,,,,,,,,
1031,2025-11-19,18:05:11.09346,94.74096,,13.7254901960784,875,5,5.46875,0,0,5.46875,3.515625,93,14.15269,0,0,0,,0,1.536,1.12,,1.41404,22,24,,,99.96,25,35.2941176470588,0.80032,,,,,,,,,,,,,,,,,,,,,,,,,,,,,,,,,,,,,,,,,,,,,,,,,,,,,,,,,,,,,,,,,,,,,,,,,,,,,,,,,
1032,2025-11-19,18:05:11.20837,94.85585,,13.7254901960784,875,4,5.46875,0,0,5.46875,3.3203125,93,14.07936,0,0,0,,0,1.536,1.12,,1.34734,22,24,,,99.96,25,35.2941176470588,0.7808,,,,,,,,,,,,,,,,,,,,,,,,,,,,,,,,,,,,,,,,,,,,,,,,,,,,,,,,,,,,,,,,,,,,,,,,,,,,,,,,,
1033,2025-11-19,18:05:11.30665,94.95469,,13.7254901960784,875,5,5.46875,0,0,5.46875,3.3203125,93,14.15269,0,0,0,,0,1.536,1.12,,1.37402,22,24,,,99.96,25,36.078431372549,0.72224,,,,,,,,,,,,,,,,,,,,,,,,,,,,,,,,,,,,,,,,,,,,,,,,,,,,,,,,,,,,,,,,,,,,,,,,,,,,,,,,,
1034,2025-11-19,18:05:11.37721,95.0247,,13.7254901960784,875,6,5.46875,0,0,5.46875,3.125,93,14.22602,0,0,0,,0,1.536,1.08,,1.36068,22,24,,,99.96,25,36.078431372549,0.66368,,,,,,,,,,,,,,,,,,,,,,,,,,,,,,,,,,,,,,,,,,,,,,,,,,,,,,,,,,,,,,,,,,,,,,,,,,,,,,,,,
1035,2025-11-19,18:05:11.46522,95.11271,,13.7254901960784,843.75,6,5.46875,0,0,5.46875,3.125,93,14.22602,0,0,0,,0,1.536,1.08,,1.34734,22,24,,,99.96,25,36.078431372549,0.35136,,,,,,,,,,,,,,,,,,,,,,,,,,,,,,,,,,,,,,,,,,,,,,,,,,,,,,,,,,,,,,,,,,,,,,,,,,,,,,,,,
1036,2025-11-19,18:05:11.58498,95.23245,,13.7254901960784,875,6,5.46875,0,0,5.46875,3.125,93,14.22602,0,0,0,,0,1.536,1.12,,1.41404,22,24,,,99.96,31.25,36.078431372549,0.0976,,,,,,,,,,,,,,,,,,,,,,,,,,,,,,,,,,,,,,,,,,,,,,,,,,,,,,,,,,,,,,,,,,,,,,,,,,,,,,,,,
1037,2025-11-19,18:05:11.87117,95.51926,,13.7254901960784,875,4,5.46875,0,0,5.46875,3.3203125,93,14.15269,0,0,0,,0,1.536,1.08,,1.37402,22,24,,,99.96,25,36.078431372549,0.07808,,,,,,,,,,,,,,,,,,,,,,,,,,,,,,,,,,,,,,,,,,,,,,,,,,,,,,,,,,,,,,,,,,,,,,,,,,,,,,,,,
1038,2025-11-19,18:05:11.99177,95.63925,,13.7254901960784,875,4,5.46875,0,0,5.46875,3.7109375,93,14.15269,0,0,0,,0,1.536,1.12,,1.4007,22,24,,,99.96,25,35.2941176470588,0.21472,850.2,,,,,,,,,,,,,,,,,,,,,,,,,,,,,,,,,,,,,,,,,,,,,,,,,,,,,,,,,,,,,,,,,,,,,,,,,,,,,,,,
1039,2025-11-19,18:05:12.08371,95.73114,,13.7254901960784,875,4,5.46875,0,0,5.46875,3.90625,93,14.15269,0,0,0,,0,1.536,1.12,,1.44072,22,24,,,99.96,25,35.2941176470588,0.42944,850.2,,,,,,,,,,,,,,,,,,,,,,,,,,,,,,,,,,,,,,,,,,,,,,,,,,,,,,,,,,,,,,,,,,,,,,,,,,,,,,,,
1040,2025-11-19,18:05:12.18857,95.83631,,13.7254901960784,875,5,5.46875,0,0,5.46875,3.90625,93,14.22602,0,0,0,,0,1.536,1.12,,1.37402,22,24,,,99.96,31.25,36.078431372549,0.6832,850.2,,,,,,,,,,,,,,,,,,,,,,,,,,,,,,,,,,,,,,,,,,,,,,,,,,,,,,,,,,,,,,,,,,,,,,,,,,,,,,,,
1041,2025-11-19,18:05:12.31153,95.95904,,13.7254901960784,875,4,5.46875,0,0,5.46875,3.7109375,93,14.22602,0,0,0,,0,1.536,1.12,,1.42738,22,24,,,99.96,31.25,36.078431372549,0.80032,850.2,,,,,,,,,,,,,,,,,,,,,,,,,,,,,,,,,,,,,,,,,,,,,,,,,,,,,,,,,,,,,,,,,,,,,,,,,,,,,,,,
1042,2025-11-19,18:05:12.43599,96.08389,,13.7254901960784,875,5,5.46875,0,0,5.46875,3.7109375,93,14.22602,0,0,0,,0,1.536,1.12,,1.34734,22,24,,,99.96,25,35.2941176470588,0.80032,850.2,,,,,,,,,,,,,,,,,,,,,,,,,,,,,,,,,,,,,,,,,,,,,,,,,,,,,,,,,,,,,,,,,,,,,,,,,,,,,,,,
1043,2025-11-19,18:05:12.58133,96.22881,,13.7254901960784,875,5,5.46875,0,0,5.46875,3.515625,93,14.22602,0,0,0,,0,1.536,1.12,,1.38736,22,24,,,99.96,25,35.2941176470588,0.80032,850.2,,,,,,,,,,,,,,,,,,,,,,,,,,,,,,,,,,,,,,,,,,,,,,,,,,,,,,,,,,,,,,,,,,,,,,,,,,,,,,,,
1044,2025-11-19,18:05:12.67011,96.31758,,13.7254901960784,875,5,5.46875,0,0,5.46875,3.3203125,93,14.15269,0,0,0,,0,1.536,1.12,,1.36068,22,24,,,99.96,31.25,36.078431372549,0.76128,850.2,,,,,,,,,,,,,,,,,,,,,,,,,,,,,,,,,,,,,,,,,,,,,,,,,,,,,,,,,,,,,,,,,,,,,,,,,,,,,,,,
1045,2025-11-19,18:05:12.75785,96.40547,,13.7254901960784,875,4,5.46875,0,0,5.46875,3.3203125,93,14.22602,0,0,0,,0,1.536,1.12,,1.37402,22,24,,,99.96,31.25,36.078431372549,0.76128,850.2,,,,,,,,,,,,,,,,,,,,,,,,,,,,,,,,,,,,,,,,,,,,,,,,,,,,,,,,,,,,,,,,,,,,,,,,,,,,,,,,
1046,2025-11-19,18:05:12.83510,96.48256,,13.7254901960784,875,4,5.46875,0,0,5.46875,3.125,93,14.15269,0,0,0,,0,1.536,1.12,,1.36068,22,24,,,99.96,31.25,36.078431372549,0.72224,850.2,,,,,,,,,,,,,,,,,,,,,,,,,,,,,,,,,,,,,,,,,,,,,,,,,,,,,,,,,,,,,,,,,,,,,,,,,,,,,,,,
1047,2025-11-19,18:05:12.95702,96.60443,,13.7254901960784,875,4,5.46875,0,0,5.46875,3.125,93,14.15269,0,0,0,,0,1.536,1.12,,1.4007,22,24,,,99.96,25,34.5098039215686,0.5856,850.2,,,,,,,,,,,,,,,,,,,,,,,,,,,,,,,,,,,,,,,,,,,,,,,,,,,,,,,,,,,,,,,,,,,,,,,,,,,,,,,,
1048,2025-11-19,18:05:13.07789,96.72543,,13.7254901960784,875,4,5.46875,0,0,5.46875,2.9296875,93,14.22602,0,0,0,,0,1.536,1.12,,1.41404,22,24,,,99.96,31.25,35.2941176470588,0.44896,850.2,,,,,,,,,,,,,,,,,,,,,,,,,,,,,,,,,,,,,,,,,,,,,,,,,,,,,,,,,,,,,,,,,,,,,,,,,,,,,,,,
1049,2025-11-19,18:05:13.20474,96.85265,,13.7254901960784,875,4,5.46875,0,0,5.46875,2.9296875,93,14.15269,0,0,0,,0,1.536,1.12,,1.37402,22,24,,,99.96,25,35.2941176470588,0.23424,850.2,,,,,,,,,,,,,,,,,,,,,,,,,,,,,,,,,,,,,,,,,,,,,,,,,,,,,,,,,,,,,,,,,,,,,,,,,,,,,,,,
1050,2025-11-19,18:05:13.33468,96.98215,,13.7254901960784,875,6,5.46875,0,0,5.46875,2.9296875,93,14.22602,0,0,0,,0,1.536,1.12,,1.41404,22,24,,,99.96,31.25,36.078431372549,0.0976,850.2,,,,,,,,,,,,,,,,,,,,,,,,,,,,,,,,,,,,,,,,,,,,,,,,,,,,,,,,,,,,,,,,,,,,,,,,,,,,,,,,
1051,2025-11-19,18:05:13.40657,97.05491,,13.7254901960784,875,5,5.46875,0,0,5.46875,3.125,93,14.22602,0,0,0,,0,1.536,1.12,,1.4007,22,24,,,99.96,31.25,36.078431372549,0.07808,850.2,,,,,,,,,,,,,,,,,,,,,,,,,,,,,,,,,,,,,,,,,,,,,,,,,,,,,,,,,,,,,,,,,,,,,,,,,,,,,,,,
1052,2025-11-19,18:05:13.51451,97.16198,,13.7254901960784,875,4,5.46875,0,0,5.46875,3.3203125,93,14.15269,0,0,0,,0,1.536,1.12,,1.37402,22,24,,,99.96,31.25,36.078431372549,0.07808,850.2,,,,,,,,,,,,,,,,,,,,,,,,,,,,,,,,,,,,,,,,,,,,,,,,,,,,,,,,,,,,,,,,,,,,,,,,,,,,,,,,
1053,2025-11-19,18:05:13.81487,97.46235,,13.7254901960784,875,5,5.46875,0,0,5.46875,3.515625,93,14.15269,0,0,0,,0,1.536,1.12,,1.37402,22,24,,,99.96,25,35.2941176470588,0.1952,850.2,0.72224,,,,,,,,,,,,,,,,,,,,,,,,,,,,,,,,,,,,,,,,,,,,,,,,,,,,,,,,,,,,,,,,,,,,,,,,,,,,,,,
1054,2025-11-19,18:05:13.95119,97.59886,,13.7254901960784,875,6,5.46875,0,0,5.46875,3.90625,93,14.22602,0,0,0,,0,1.536,1.12,,1.4007,22,24,,,99.96,25,35.2941176470588,0.6832,850.2,0.72224,,,,,,,,,,,,,,,,,,,,,,,,,,,,,,,,,,,,,,,,,,,,,,,,,,,,,,,,,,,,,,,,,,,,,,,,,,,,,,,
1055,2025-11-19,18:05:14.07573,97.72333,,13.7254901960784,875,5,5.46875,0,0,5.46875,3.90625,93,14.15269,0,0,0,,0,1.536,1.12,,1.334,22,24,,,99.96,25,34.5098039215686,0.74176,850.2,0.72224,,,,,,,,,,,,,,,,,,,,,,,,,,,,,,,,,,,,,,,,,,,,,,,,,,,,,,,,,,,,,,,,,,,,,,,,,,,,,,,
1056,2025-11-19,18:05:14.16795,97.81541,,13.7254901960784,875,5,5.46875,0,0,5.46875,3.7109375,93,14.22602,0,0,0,,0,1.536,1.12,,1.4007,22,24,,,99.96,25,35.2941176470588,0.76128,850.2,0.72224,,,,,,,,,,,,,,,,,,,,,,,,,,,,,,,,,,,,,,,,,,,,,,,,,,,,,,,,,,,,,,,,,,,,,,,,,,,,,,,
1057,2025-11-19,18:05:14.26087,97.90839,,13.7254901960784,875,6,5.46875,0,0,5.46875,3.7109375,93,14.15269,0,0,0,,0,1.536,1.12,,1.34734,22,24,,,99.96,25,35.2941176470588,0.74176,850.2,0.72224,,,,,,,,,,,,,,,,,,,,,,,,,,,,,,,,,,,,,,,,,,,,,,,,,,,,,,,,,,,,,,,,,,,,,,,,,,,,,,,
1058,2025-11-19,18:05:14.36324,98.01075,,13.7254901960784,875,5,5.46875,0,0,5.46875,3.515625,93,14.22602,0,0,0,,0,1.536,1.12,,1.42738,22,24,,,99.96,25,35.2941176470588,0.70272,850.2,0.72224,,,,,,,,,,,,,,,,,,,,,,,,,,,,,,,,,,,,,,,,,,,,,,,,,,,,,,,,,,,,,,,,,,,,,,,,,,,,,,,
1059,2025-11-19,18:05:14.49100,98.13836,,13.7254901960784,875,6,5.46875,0,0,5.46875,3.3203125,93,14.15269,0,0,0,,0,1.536,1.12,,1.38736,22,24,,,99.96,25,36.078431372549,0.44896,850.2,0.72224,,,,,,,,,,,,,,,,,,,,,,,,,,,,,,,,,,,,,,,,,,,,,,,,,,,,,,,,,,,,,,,,,,,,,,,,,,,,,,,
1060,2025-11-19,18:05:14.61573,98.26319,,13.7254901960784,875,6,5.46875,0,0,5.46875,3.3203125,93,14.22602,0,0,0,,0,1.536,1.12,,1.34734,22,24,,,99.96,31.25,36.078431372549,0.11712,850.2,0.72224,,,,,,,,,,,,,,,,,,,,,,,,,,,,,,,,,,,,,,,,,,,,,,,,,,,,,,,,,,,,,,,,,,,,,,,,,,,,,,,
1061,2025-11-19,18:05:14.74262,98.39012,,13.7254901960784,875,4,5.46875,0,0,5.46875,3.515625,93,14.15269,0,0,0,,0,1.536,1.12,,1.44072,22,24,,,99.96,31.25,36.078431372549,0.07808,850.2,0.72224,,,,,,,,,,,,,,,,,,,,,,,,,,,,,,,,,,,,,,,,,,,,,,,,,,,,,,,,,,,,,,,,,,,,,,,,,,,,,,,
1062,2025-11-19,18:05:14.82885,98.47692,,13.7254901960784,875,4,5.46875,0,0,5.46875,3.7109375,93,14.07936,0,0,0,,0,1.536,1.12,,1.38736,22,24,,,99.96,31.25,36.078431372549,0.07808,850.2,0.72224,,,,,,,,,,,,,,,,,,,,,,,,,,,,,,,,,,,,,,,,,,,,,,,,,,,,,,,,,,,,,,,,,,,,,,,,,,,,,,,
1063,2025-11-19,18:05:14.90192,98.54977,,13.7254901960784,875,4,5.46875,0,0,5.46875,3.7109375,93,14.07936,0,0,0,,0,1.536,1.12,,1.4007,22,24,,,99.96,31.25,36.078431372549,0.07808,850.2,0.72224,,,,,,,,,,,,,,,,,,,,,,,,,,,,,,,,,,,,,,,,,,,,,,,,,,,,,,,,,,,,,,,,,,,,,,,,,,,,,,,
1064,2025-11-19,18:05:14.97735,98.62479,,13.7254901960784,875,5,5.46875,0,0,5.46875,3.90625,93,14.22602,0,0,0,,0,1.536,1.12,,1.34734,22,24,,,99.96,31.25,35.2941176470588,0.11712,850.2,0.72224,,,,,,,,,,,,,,,,,,,,,,,,,,,,,,,,,,,,,,,,,,,,,,,,,,,,,,,,,,,,,,,,,,,,,,,,,,,,,,,
1065,2025-11-19,18:05:15.08929,98.73675,,13.7254901960784,875,4,5.46875,0,0,5.46875,4.1015625,93,14.22602,0,0,0,,0,1.536,1.12,,1.4007,22,24,,,99.96,25,35.2941176470588,0.31232,850.2,0.72224,,,,,,,,,,,,,,,,,,,,,,,,,,,,,,,,,,,,,,,,,,,,,,,,,,,,,,,,,,,,,,,,,,,,,,,,,,,,,,,
1066,2025-11-19,18:05:15.21724,98.86469,,13.7254901960784,875,4,5.46875,0,0,5.46875,4.296875,93,14.15269,0,0,0,,0,1.536,1.12,,1.34734,22,24,,,99.96,31.25,36.078431372549,0.76128,850.2,0.72224,,,,,,,,,,,,,,,,,,,,,,,,,,,,,,,,,,,,,,,,,,,,,,,,,,,,,,,,,,,,,,,,,,,,,,,,,,,,,,,
1067,2025-11-19,18:05:15.34207,98.98954,,13.7254901960784,875,4,5.46875,0,0,5.46875,4.1015625,93,14.07936,0,0,0,,0,1.536,1.12,,1.36068,22,24,,,99.96,25,35.2941176470588,0.81984,850.2,0.72224,,,,,,,,,,,,,,,,,,,,,,,,,,,,,,,,,,,,,,,,,,,,,,,,,,,,,,,,,,,,,,,,,,,,,,,,,,,,,,,
1068,2025-11-19,18:05:15.45423,99.10156,,13.7254901960784,875,5,5.46875,0,0,5.46875,3.90625,93,14.15269,0,0,0,,0,1.536,1.12,,1.37402,22,24,,,99.96,25,35.2941176470588,0.81984,850.2,0.72224,,,,,,,,,,,,,,,,,,,,,,,,,,,,,,,,,,,,,,,,,,,,,,,,,,,,,,,,,,,,,,,,,,,,,,,,,,,,,,,
1069,2025-11-19,18:05:15.53597,99.18362,,13.7254901960784,875,5,5.46875,0,0,5.46875,3.90625,93,14.22602,0,0,0,,0,1.536,1.12,,1.38736,22,24,,,99.96,25,35.2941176470588,0.81984,850.2,0.72224,,,,,,,,,,,,,,,,,,,,,,,,,,,,,,,,,,,,,,,,,,,,,,,,,,,,,,,,,,,,,,,,,,,,,,,,,,,,,,,
1070,2025-11-19,18:05:15.63988,99.28834,,13.7254901960784,875,5,5.46875,0,0,5.46875,3.7109375,93,14.15269,0,0,0,,0,1.536,1.12,,1.34734,22,24,,,99.96,25,35.2941176470588,0.80032,850.2,0.72224,,,,,,,,,,,,,,,,,,,,,,,,,,,,,,,,,,,,,,,,,,,,,,,,,,,,,,,,,,,,,,,,,,,,,,,,,,,,,,,
1071,2025-11-19,18:05:15.78907,99.4368,,13.7254901960784,875,4,5.46875,0,0,5.46875,3.515625,93,14.15269,0,0,0,,0,1.536,1.12,,1.36068,22,24,,,99.96,31.25,35.2941176470588,0.70272,850.2,0.72224,,,,,,,,,,,,,,,,,,,,,,,,,,,,,,,,,,,,,,,,,,,,,,,,,,,,,,,,,,,,,,,,,,,,,,,,,,,,,,,
1072,2025-11-19,18:05:15.92118,99.56851,,13.7254901960784,875,5,5.46875,0,0,5.46875,3.515625,93,14.22602,0,0,0,,0,1.536,1.12,,1.36068,22,24,,,99.96,31.25,36.078431372549,0.44896,850.2,0.72224,,,,,,,,,,,,,,,,,,,,,,,,,,,,,,,,,,,,,,,,,,,,,,,,,,,,,,,,,,,,,,,,,,,,,,,,,,,,,,,
1073,2025-11-19,18:05:16.04981,99.69797,,13.7254901960784,875,5,5.46875,0,0,5.46875,3.3203125,93,14.22602,0,0,0,,0,1.536,1.12,,1.4007,22,24,,,99.96,31.25,35.2941176470588,0.35136,850.2,0.72224,,,,,,,,,,,,,,,,,,,,,,,,,,,,,,,,,,,,,,,,,,,,,,,,,,,,,,,,,,,,,,,,,,,,,,,,,,,,,,,
1074,2025-11-19,18:05:16.17345,99.82089,,13.7254901960784,875,4,5.46875,0,0,5.46875,3.515625,93,14.15269,0,0,0,,0,1.536,1.12,,1.38736,22,24,,,99.96,31.25,35.2941176470588,0.23424,850.2,0.72224,,,,,,,,,,,,,,,,,,,,,,,,,,,,,,,,,,,,,,,,,,,,,,,,,,,,,,,,,,,,,,,,,,,,,,,,,,,,,,,
1075,2025-11-19,18:05:16.26239,99.90985,,13.7254901960784,875,5,5.46875,0,0,5.46875,3.7109375,93,14.22602,0,0,0,,0,1.536,1.12,,1.4007,22,24,,,99.96,31.25,35.2941176470588,0.17568,850.2,0.72224,,,,,,,,,,,,,,,,,,,,,,,,,,,,,,,,,,,,,,,,,,,,,,,,,,,,,,,,,,,,,,,,,,,,,,,,,,,,,,,
1076,2025-11-19,18:05:16.36532,100.01279,,13.7254901960784,875,4,5.46875,0,0,5.46875,3.90625,93,14.07936,0,0,0,,0,1.536,1.12,,1.34734,22,24,,,99.96,25,34.5098039215686,0.2928,850.2,0.72224,,,,,,,,,,,,,,,,,,,,,,,,,,,,,,,,,,,,,,,,,,,,,,,,,,,,,,,,,,,,,,,,,,,,,,,,,,,,,,,
1077,2025-11-19,18:05:16.49521,100.14267,,13.7254901960784,875,6,5.46875,0,0,5.46875,4.1015625,93,14.15269,0,0,0,,0,1.536,1.12,,1.4007,22,24,,,99.96,25,35.2941176470588,0.72224,850.2,0.72224,,,,,,,,,,,,,,,,,,,,,,,,,,,,,,,,,,,,,,,,,,,,,,,,,,,,,,,,,,,,,,,,,,,,,,,,,,,,,,,
1078,2025-11-19,18:05:16.63011,100.27756,,13.7254901960784,875,4,5.46875,0,0,5.46875,3.90625,93,14.22602,0,0,0,,0,1.536,1.12,,1.4007,22,24,,,99.96,25,35.2941176470588,0.76128,850.2,0.72224,,,,,,,,,,,,,,,,,,,,,,,,,,,,,,,,,,,,,,,,,,,,,,,,,,,,,,,,,,,,,,,,,,,,,,,,,,,,,,,
1079,2025-11-19,18:05:16.75503,100.40252,,13.7254901960784,875,6,5.46875,0,0,5.46875,3.7109375,93,14.15269,0,0,0,,0,1.536,1.12,,1.36068,22,24,,,99.96,25,35.2941176470588,0.74176,850.2,0.72224,,,,,,,,,,,,,,,,,,,,,,,,,,,,,,,,,,,,,,,,,,,,,,,,,,,,,,,,,,,,,,,,,,,,,,,,,,,,,,,
1080,2025-11-19,18:05:16.84693,100.49437,,13.7254901960784,875,4,5.46875,0,0,5.46875,3.7109375,93,14.22602,0,0,0,,0,1.536,1.12,,1.38736,22,24,,,99.96,31.25,36.078431372549,0.70272,850.2,0.72224,,,,,,,,,,,,,,,,,,,,,,,,,,,,,,,,,,,,,,,,,,,,,,,,,,,,,,,,,,,,,,,,,,,,,,,,,,,,,,,
1081,2025-11-19,18:05:16.92388,100.57133,,13.7254901960784,875,6,5.46875,0,0,5.46875,3.515625,93,14.15269,0,0,0,,0,1.536,1.12,,1.41404,22,24,,,99.96,25,36.078431372549,0.66368,850.2,0.72224,,,,,,,,,,,,,,,,,,,,,,,,,,,,,,,,,,,,,,,,,,,,,,,,,,,,,,,,,,,,,,,,,,,,,,,,,,,,,,,
1082,2025-11-19,18:05:17.02881,100.67623,,13.7254901960784,875,7,5.46875,0,0,5.46875,3.515625,93,14.22602,0,0,0,,0,1.536,1.12,,1.4007,22,24,,,99.96,31.25,35.2941176470588,0.72224,850.2,0.72224,,,,,,,,,,,,,,,,,,,,,,,,,,,,,,,,,,,,,,,,,,,,,,,,,,,,,,,,,,,,,,,,,,,,,,,,,,,,,,,
1083,2025-11-19,18:05:17.10771,100.75593,,13.7254901960784,875,4,5.46875,0,0,5.46875,3.3203125,93,14.15269,0,0,0,,0,1.536,1.12,,1.37402,22,24,,,99.96,31.25,36.078431372549,0.72224,850.2,0.72224,,,,,,,,,,,,,,,,,,,,,,,,,,,,,,,,,,,,,,,,,,,,,,,,,,,,,,,,,,,,,,,,,,,,,,,,,,,,,,,
1084,2025-11-19,18:05:17.19137,100.83932,,13.7254901960784,875,4,5.46875,0,0,5.46875,3.125,93,14.22602,0,0,0,,0,1.536,1.12,,1.34734,22,24,,,99.96,25,36.078431372549,0.72224,850.2,0.72224,,,,,,,,,,,,,,,,,,,,,,,,,,,,,,,,,,,,,,,,,,,,,,,,,,,,,,,,,,,,,,,,,,,,,,,,,,,,,,,
1085,2025-11-19,18:05:17.31643,100.96415,,13.7254901960784,875,6,5.46875,0,0,5.46875,3.125,93,14.15269,0,0,0,,0,1.536,1.12,,1.41404,22,24,,,99.96,31.25,36.078431372549,0.72224,850.2,0.72224,,,,,,,,,,,,,,,,,,,,,,,,,,,,,,,,,,,,,,,,,,,,,,,,,,,,,,,,,,,,,,,,,,,,,,,,,,,,,,,
1086,2025-11-19,18:05:17.44551,101.094,,13.7254901960784,875,5,5.46875,0,0,5.46875,2.9296875,93,14.15269,0,0,0,,0,1.536,1.12,,1.334,22,24,,,99.96,31.25,36.078431372549,0.72224,850.2,0.72224,,,,,,,,,,,,,,,,,,,,,,,,,,,,,,,,,,,,,,,,,,,,,,,,,,,,,,,,,,,,,,,,,,,,,,,,,,,,,,,
1087,2025-11-19,18:05:17.53489,101.1829,,13.7254901960784,875,5,5.46875,0,0,5.46875,2.734375,93,14.15269,0,0,0,,0,1.536,1.12,,1.37402,22,24,,,99.96,31.25,36.8627450980392,0.52704,850.2,0.72224,,,,,,,,,,,,,,,,,,,,,,,,,,,,,,,,,,,,,,,,,,,,,,,,,,,,,,,,,,,,,,,,,,,,,,,,,,,,,,,
1088,2025-11-19,18:05:17.62036,101.26785,,13.7254901960784,875,6,5.46875,0,0,5.46875,2.734375,93,14.22602,0,0,0,,0,1.536,1.12,,1.36068,22,24,,,99.96,31.25,36.078431372549,0.33184,850.2,0.72224,,,,,,,,,,,,,,,,,,,,,,,,,,,,,,,,,,,,,,,,,,,,,,,,,,,,,,,,,,,,,,,,,,,,,,,,,,,,,,,
1089,2025-11-19,18:05:17.70341,101.35268,,13.7254901960784,875,4,5.46875,0,0,5.46875,2.734375,93,14.15269,0,0,0,,0,1.536,1.12,,1.36068,22,24,,,99.96,31.25,35.2941176470588,0.25376,850.2,0.72224,,,,,,,,,,,,,,,,,,,,,,,,,,,,,,,,,,,,,,,,,,,,,,,,,,,,,,,,,,,,,,,,,,,,,,,,,,,,,,,
1090,2025-11-19,18:05:17.82830,101.47577,,13.7254901960784,875,3,5.46875,0,0,5.46875,2.9296875,93,14.22602,0,0,0,,0,1.536,1.12,,1.4007,22,24,,,99.96,31.25,35.2941176470588,0.56608,850.2,0.72224,,,,,,,,,,,,,,,,,,,,,,,,,,,,,,,,,,,,,,,,,,,,,,,,,,,,,,,,,,,,,,,,,,,,,,,,,,,,,,,
1091,2025-11-19,18:05:17.95325,101.60075,,13.7254901960784,875,4,5.46875,0,0,5.46875,2.9296875,93,14.15269,0,0,0,,0,1.536,1.12,,1.37402,22,24,,,99.96,25,35.2941176470588,0.72224,850.2,0.72224,,,,,,,,,,,,,,,,,,,,,,,,,,,,,,,,,,,,,,,,,,,,,,,,,,,,,,,,,,,,,,,,,,,,,,,,,,,,,,,
1092,2025-11-19,18:05:18.08007,101.72759,,13.7254901960784,875,5,5.46875,0,0,5.46875,2.9296875,93,14.22602,0,0,0,,0,1.536,1.12,,1.38736,22,24,,,99.96,25,35.2941176470588,0.6832,850.2,0.72224,,,,,,,,,,,,,,,,,,,,,,,,,,,,,,,,,,,,,,,,,,,,,,,,,,,,,,,,,,,,,,,,,,,,,,,,,,,,,,,
1093,2025-11-19,18:05:18.18693,101.83442,,13.7254901960784,875,6,5.46875,0,0,5.46875,2.734375,93,14.15269,0,0,0,,0,1.536,1.12,,1.34734,22,24,,,99.96,25,36.078431372549,0.488,850.2,0.72224,,,,,,,,,,,,,,,,,,,,,,,,,,,,,,,,,,,,,,,,,,,,,,,,,,,,,,,,,,,,,,,,,,,,,,,,,,,,,,,
1094,2025-11-19,18:05:18.26491,101.91237,,13.7254901960784,875,6,5.46875,0,0,5.46875,2.5390625,93,14.15269,0,0,0,,0,1.536,1.12,,1.4007,22,24,,,99.96,31.25,36.078431372549,0.31232,850.2,0.72224,,,,,,,,,,,,,,,,,,,,,,,,,,,,,,,,,,,,,,,,,,,,,,,,,,,,,,,,,,,,,,,,,,,,,,,,,,,,,,,
1095,2025-11-19,18:05:18.46265,102.11091,,13.7254901960784,875,6,5.46875,0,0,5.46875,2.734375,93,14.15269,0,0,0,,0,1.536,1.12,,1.34734,22,24,,,99.96,31.25,36.078431372549,0.07808,850.2,0.72224,,,,,,,,,,,,,,,,,,,,,,,,,,,,,,,,,,,,,,,,,,,,,,,,,,,,,,,,,,,,,,,,,,,,,,,,,,,,,,,
1096,2025-11-19,18:05:18.58958,102.23715,,13.7254901960784,875,4,5.46875,0,0,5.46875,2.9296875,93,14.15269,0,0,0,,0,1.536,1.12,,1.4007,22,24,,,99.96,31.25,36.8627450980392,0.07808,850.2,0.72224,,,,,,,,,,,,,,,,,,,,,,,,,,,,,,,,,,,,,,,,,,,,,,,,,,,,,,,,,,,,,,,,,,,,,,,,,,,,,,,
1097,2025-11-19,18:05:18.70966,102.35699,,13.7254901960784,875,6,5.46875,0,0,5.46875,3.125,93,14.07936,0,0,0,,0,1.536,1.12,,1.38736,22,24,,,99.96,31.25,36.078431372549,0.13664,850.2,0.72224,,,,,,,,,,,,,,,,,,,,,,,,,,,,,,,,,,,,,,,,,,,,,,,,,,,,,,,,,,,,,,,,,,,,,,,,,,,,,,,
1098,2025-11-19,18:05:18.84445,102.49193,,13.7254901960784,875,4,5.46875,0,0,5.46875,3.3203125,93,14.15269,0,0,0,,0,1.536,1.12,,1.41404,22,24,,,99.96,31.25,36.078431372549,0.64416,850.2,0.72224,,,,,,,,,,,,,,,,,,,,,,,,,,,,,,,,,,,,,,,,,,,,,,,,,,,,,,,,,,,,,,,,,,,,,,,,,,,,,,,
1099,2025-11-19,18:05:18.96830,102.61578,,13.7254901960784,875,6,5.46875,0,0,5.46875,3.3203125,93,14.22602,0,0,0,,0,1.536,1.12,,1.37402,22,24,,,99.96,25,35.2941176470588,0.80032,850.2,0.72224,,,,,,,,,,,,,,,,,,,,,,,,,,,,,,,,,,,,,,,,,,,,,,,,,,,,,,,,,,,,,,,,,,,,,,,,,,,,,,,
1100,2025-11-19,18:05:19.04522,102.69296,,13.7254901960784,875,4,5.46875,0,0,5.46875,3.3203125,93,14.07936,0,0,0,,0,1.536,1.12,,1.34734,22,24,,,99.96,31.25,36.078431372549,0.81984,850.2,0.72224,,,,,,,,,,,,,,,,,,,,,,,,,,,,,,,,,,,,,,,,,,,,,,,,,,,,,,,,,,,,,,,,,,,,,,,,,,,,,,,
1101,2025-11-19,18:05:19.16267,102.81052,,13.7254901960784,875,4,5.46875,0,0,5.46875,3.125,93,14.15269,0,0,0,,0,1.536,1.12,,1.36068,22,24,,,99.96,31.25,36.078431372549,0.81984,850.2,0.72224,,,,,,,,,,,,,,,,,,,,,,,,,,,,,,,,,,,,,,,,,,,,,,,,,,,,,,,,,,,,,,,,,,,,,,,,,,,,,,,
1102,2025-11-19,18:05:19.24604,102.89342,,13.7254901960784,875,4,5.46875,0,0,5.46875,2.9296875,93,14.22602,0,0,0,,0,1.536,1.12,,1.38736,22,24,,,99.96,25,35.2941176470588,0.80032,850.2,0.72224,,,,,,,,,,,,,,,,,,,,,,,,,,,,,,,,,,,,,,,,,,,,,,,,,,,,,,,,,,,,,,,,,,,,,,,,,,,,,,,
1103,2025-11-19,18:05:19.33995,102.9884,,13.7254901960784,875,6,5.46875,0,0,5.46875,2.9296875,93,14.15269,0,0,0,,0,1.536,1.12,,1.4007,22,24,,,99.96,31.25,36.8627450980392,0.76128,850.2,0.72224,,,,,,,,,,,,,,,,,,,,,,,,,,,,,,,,,,,,,,,,,,,,,,,,,,,,,,,,,,,,,,,,,,,,,,,,,,,,,,,
1104,2025-11-19,18:05:19.47057,103.11821,,13.7254901960784,875,6,5.46875,0,0,5.46875,2.734375,93,14.15269,0,0,0,,0,1.536,1.12,,1.36068,22,24,,,99.96,31.25,36.078431372549,0.72224,850.2,0.72224,,,,,,,,,,,,,,,,,,,,,,,,,,,,,,,,,,,,,,,,,,,,,,,,,,,,,,,,,,,,,,,,,,,,,,,,,,,,,,,
1105,2025-11-19,18:05:19.61417,103.26321,,13.7254901960784,875,5,5.46875,0,0,5.46875,2.734375,93,14.15269,0,0,0,,0,1.536,1.12,,1.34734,22,24,,,99.96,25,34.5098039215686,0.60512,850.2,0.72224,,,,,,,,,,,,,,,,,,,,,,,,,,,,,,,,,,,,,,,,,,,,,,,,,,,,,,,,,,,,,,,,,,,,,,,,,,,,,,,
1106,2025-11-19,18:05:19.72969,103.3771,,13.7254901960784,875,5,5.46875,0,0,5.46875,2.5390625,93,14.22602,0,0,0,,0,1.536,1.12,,1.48074,22,24,,,99.96,25,36.078431372549,0.31232,850.2,0.72224,,,,,,,,,,,,,,,,,,,,,,,,,,,,,,,,,,,,,,,,,,,,,,,,,,,,,,,,,,,,,,,,,,,,,,,,,,,,,,,
1107,2025-11-19,18:05:19.84182,103.49006,,29.8039215686275,875,5,5.46875,0,0,5.46875,2.5390625,93,14.15269,0,0,0,,0,6.4,5,,3.16158,22,24,,,99.96,81.25,118.43137254902,0.21472,850.2,0.72224,,,,,,,,,,,,,,,,,,,,,,,,,,,,,,,,,,,,,,,,,,,,,,,,,,,,,,,,,,,,,,,,,,,,,,,,,,,,,,,
1108,2025-11-19,18:05:19.98082,103.63,,49.8039215686275,1000,5,5.46875,0,0,0,0,93,14.15269,0,0,0,,0,6.4,7.66666666666667,,3.05486,22,24,,,99.96,156.25,112.156862745098,0.91744,850.2,0.74176,,,,,,,,,,,,,,,,,,,,,,,,,,,,,,,,,,,,,,,,,,,,,,,,,,,,,,,,,,,,,,,,,,,,,,,,,,,,,,,
1109,2025-11-19,18:05:20.11639,103.76482,,15.6862745098039,1718.75,14,5.46875,0,0,0,-0.390625,93,14.22602,0,0,0,,0,1.28,2.16666666666667,,1.70752,22,24,,,99.96,93.75,49.4117647058824,0.93696,850.2,0.89792,,,,,,,,,,,,,,,,,,,,,,,,,,,,,,,,,,,,,,,,,,,,,,,,,,,,,,,,,,,,,,,,,,,,,,,,,,,,,,,
1110,2025-11-19,18:05:20.24830,103.89705,,13.3333333333333,2062.5,23,5.46875,0,0,0,-1.171875,93,14.22602,0,0,0,,0,1.28,2.16666666666667,,1.21394,22,24,,,99.96,50,28.2352941176471,0.1952,850.2,0.91744,,,,,,,,,,,,,,,,,,,,,,,,,,,,,,,,,,,,,,,,,,,,,,,,,,,,,,,,,,,,,,,,,,,,,,,,,,,,,,,
1111,2025-11-19,18:05:20.35328,104.00171,,13.7254901960784,2031.25,26,5.46875,0,0,0,-1.7578125,93,14.15269,0,0,0,,0,1.28,2.13333333333333,,1.02718,22,24,,,99.96,43.75,22.7450980392157,0.01952,850.2,0.93696,,,,,,,,,,,,,,,,,,,,,,,,,,,,,,,,,,,,,,,,,,,,,,,,,,,,,,,,,,,,,,,,,,,,,,,,,,,,,,,
1112,2025-11-19,18:05:20.45103,104.09849,,13.7254901960784,2000,29,5.46875,0,0,5.46875,-0.9765625,93,14.22602,0,0,0,,0,1.28,2.13333333333333,,0.94714,22,24,,,99.96,37.5,20.3921568627451,0.01952,850.2,0.93696,,,,,,,,,,,,,,,,,,,,,,,,,,,,,,,,,,,,,,,,,,,,,,,,,,,,,,,,,,,,,,,,,,,,,,,,,,,,,,,
1113,2025-11-19,18:05:20.55806,104.20652,,13.7254901960784,1968.75,30,5.46875,0,0,5.46875,-0.1953125,93,14.22602,0,0,0,,0,1.28,2.1,,0.89378,22,24,,,99.96,31.25,18.8235294117647,0.01952,850.2,0.91744,,,,,,,,,,,,,,,,,,,,,,,,,,,,,,,,,,,,,,,,,,,,,,,,,,,,,,,,,,,,,,,,,,,,,,,,,,,,,,,
1114,2025-11-19,18:05:20.70567,104.35359,,13.7254901960784,1937.5,30,5.46875,0,0,5.46875,-9.9609375,93,14.15269,0,0,0,,0,1.28,2.03333333333333,,0.82708,22,24,,,99.96,31.25,18.0392156862745,0.07808,850.2,0.89792,,,,,,,,,,,,,,,,,,,,,,,,,,,,,,,,,,,,,,,,,,,,,,,,,,,,,,,,,,,,,,,,,,,,,,,,,,,,,,,
1115,2025-11-19,18:05:20.82786,104.47625,,13.7254901960784,1843.75,30,5.46875,0,0,5.46875,-9.9609375,93,14.22602,0,0,0,,0,1.28,1.93333333333333,,0.8671,22,24,,,99.96,31.25,18.0392156862745,0.8784,850.2,0.85888,,,,,,,,,,,,,,,,,,,,,,,,,,,,,,,,,,,,,,,,,,,,,,,,,,,,,,,,,,,,,,,,,,,,,,,,,,,,,,,
1116,2025-11-19,18:05:21.00869,104.65619,,13.7254901960784,1781.25,30,5.46875,0,0,5.46875,-9.9609375,93,14.15269,0,0,0,,0,1.28,1.83333333333333,,0.85376,22,24,,,99.96,31.25,18.0392156862745,0.89792,850.2,0.81984,,,,,,,,,,,,,,,,,,,,,,,,,,,,,,,,,,,,,,,,,,,,,,,,,,,,,,,,,,,,,,,,,,,,,,,,,,,,,,,
1117,2025-11-19,18:05:21.14008,104.78794,,13.7254901960784,1656.25,28,5.46875,0,0,5.46875,-9.9609375,93,14.15269,0,0,0,,0,1.28,1.73333333333333,,0.82708,22,24,,,99.96,25,18.8235294117647,0.91744,850.2,0.80032,,,,,,,,,,,,,,,,,,,,,,,,,,,,,,,,,,,,,,,,,,,,,,,,,,,,,,,,,,,,,,,,,,,,,,,,,,,,,,,
1118,2025-11-19,18:05:21.25156,104.89992,,13.7254901960784,1593.75,26,5.46875,0,0,5.46875,-9.9609375,93,14.15269,0,0,0,,0,1.28,1.66666666666667,,0.85376,22,24,,,99.96,25,19.6078431372549,0.89792,850.2,0.72224,,,,,,,,,,,,,,,,,,,,,,,,,,,,,,,,,,,,,,,,,,,,,,,,,,,,,,,,,,,,,,,,,,,,,,,,,,,,,,,
1119,2025-11-19,18:05:21.38245,105.02987,,13.7254901960784,1531.25,26,5.46875,0,0,5.46875,-9.9609375,93,14.22602,0,0,0,,0,1.28,1.56666666666667,,0.8671,22,24,,,99.96,25,21.1764705882353,0.89792,850.2,0.44896,,,,,,,,,,,,,,,,,,,,,,,,,,,,,,,,,,,,,,,,,,,,,,,,,,,,,,,,,,,,,,,,,,,,,,,,,,,,,,,
1120,2025-11-19,18:05:21.49532,105.14328,,13.7254901960784,1437.5,24,5.46875,0,0,5.46875,1.953125,93,14.22602,0,0,0,,0,1.28,1.5,,0.92046,22,24,,,99.96,25,21.9607843137255,0.89792,850.2,0.15616,,,,,,,,,,,,,,,,,,,,,,,,,,,,,,,,,,,,,,,,,,,,,,,,,,,,,,,,,,,,,,,,,,,,,,,,,,,,,,,
1121,2025-11-19,18:05:21.63013,105.27776,,13.7254901960784,1375,22,5.46875,0,0,5.46875,1.3671875,93,14.22602,0,0,0,,0,1.28,1.43333333333333,,0.90712,22,24,,,99.96,25,23.5294117647059,0.89792,850.2,0.11712,,,,,,,,,,,,,,,,,,,,,,,,,,,,,,,,,,,,,,,,,,,,,,,,,,,,,,,,,,,,,,,,,,,,,,,,,,,,,,,
1122,2025-11-19,18:05:21.80099,105.44915,,13.7254901960784,1281.25,20,5.46875,0,0,5.46875,0.9765625,93,14.15269,0,0,0,,0,1.28,1.26666666666667,,1.0005,22,24,,,99.96,25,25.8823529411765,0.85888,850.2,0.13664,,,,,,,,,,,,,,,,,,,,,,,,,,,,,,,,,,,,,,,,,,,,,,,,,,,,,,,,,,,,,,,,,,,,,,,,,,,,,,,
1123,2025-11-19,18:05:21.89164,105.53939,,13.7254901960784,1156.25,17,5.46875,0,0,5.46875,0.5859375,93,14.22602,0,0,0,,0,1.28,1.16666666666667,,1.04052,22,24,,,99.96,25,27.4509803921569,0.83936,850.2,0.15616,,,,,,,,,,,,,,,,,,,,,,,,,,,,,,,,,,,,,,,,,,,,,,,,,,,,,,,,,,,,,,,,,,,,,,,,,,,,,,,
1124,2025-11-19,18:05:22.02090,105.66933,,13.7254901960784,1093.75,16,5.46875,0,0,5.46875,0.1953125,93,14.22602,0,0,0,,0,1.28,1.1,,1.10722,22,24,,,99.96,25,29.0196078431373,0.81984,850.2,0.21472,,,,,,,,,,,,,,,,,,,,,,,,,,,,,,,,,,,,,,,,,,,,,,,,,,,,,,,,,,,,,,,,,,,,,,,,,,,,,,,
1125,2025-11-19,18:05:22.16174,105.80919,,13.7254901960784,1000,13,5.46875,0,0,5.46875,0,93,14.22602,0,0,0,,0,1.28,1.03333333333333,,1.10722,22,24,,,99.96,25,30.5882352941176,0.7808,850.2,0.33184,,,,,,,,,,,,,,,,,,,,,,,,,,,,,,,,,,,,,,,,,,,,,,,,,,,,,,,,,,,,,,,,,,,,,,,,,,,,,,,
1126,2025-11-19,18:05:22.29162,105.93908,,13.7254901960784,968.75,13,5.46875,0,0,5.46875,-0.390625,93,14.15269,0,0,0,,0,1.28,1,,1.16058,22,24,,,99.96,25,32.156862745098,0.66368,850.2,0.5856,,,,,,,,,,,,,,,,,,,,,,,,,,,,,,,,,,,,,,,,,,,,,,,,,,,,,,,,,,,,,,,,,,,,,,,,,,,,,,,
1127,2025-11-19,18:05:22.43128,106.07959,,13.3333333333333,937.5,13,5.46875,0,0,5.46875,-0.78125,93,14.07936,0,0,0,,0,1.536,1.16,,1.25396,22,24,,,99.96,25,32.9411764705882,0.44896,850.2,0.80032,,,,,,,,,,,,,,,,,,,,,,,,,,,,,,,,,,,,,,,,,,,,,,,,,,,,,,,,,,,,,,,,,,,,,,,,,,,,,,,
1128,2025-11-19,18:05:22.54218,106.19099,,13.3333333333333,906.25,11,5.46875,0,0,5.46875,-0.78125,93,14.15269,0,0,0,,0,1.536,1.16,,1.24062,22,24,,,99.96,25,33.7254901960784,0.52704,850.2,0.81984,,,,,,,,,,,,,,,,,,,,,,,,,,,,,,,,,,,,,,,,,,,,,,,,,,,,,,,,,,,,,,,,,,,,,,,,,,,,,,,
1129,2025-11-19,18:05:22.78808,106.43577,,13.3333333333333,906.25,10,5.46875,0,0,5.46875,-0.5859375,93,14.22602,0,0,0,,0,1.536,1.16,,1.29398,22,24,,,99.96,25,34.5098039215686,0.81984,850.2,0.83936,,,,,,,,,,,,,,,,,,,,,,,,,,,,,,,,,,,,,,,,,,,,,,,,,,,,,,,,,,,,,,,,,,,,,,,,,,,,,,,
1130,2025-11-19,18:05:22.93510,106.58323,,13.3333333333333,875,8,5.46875,0,0,5.46875,-0.9765625,93,14.22602,0,0,0,,0,1.536,1.12,,1.32066,22,24,,,99.96,31.25,35.2941176470588,0.83936,850.2,0.83936,,,,,,,,,,,,,,,,,,,,,,,,,,,,,,,,,,,,,,,,,,,,,,,,,,,,,,,,,,,,,,,,,,,,,,,,,,,,,,,
1131,2025-11-19,18:05:23.06101,106.70862,,13.3333333333333,875,7,5.46875,0,0,5.46875,-1.3671875,93,14.15269,0,0,0,,0,1.536,1.12,,1.28064,22,24,,,99.96,25,35.2941176470588,0.81984,850.2,0.81984,,,,,,,,,,,,,,,,,,,,,,,,,,,,,,,,,,,,,,,,,,,,,,,,,,,,,,,,,,,,,,,,,,,,,,,,,,,,,,,
1132,2025-11-19,18:05:23.17118,106.81942,,13.3333333333333,875,6,5.46875,0,0,5.46875,-1.5625,93,14.22602,0,0,0,,0,1.536,1.12,,1.34734,22,24,,,99.96,31.25,35.2941176470588,0.80032,850.2,0.80032,,,,,,,,,,,,,,,,,,,,,,,,,,,,,,,,,,,,,,,,,,,,,,,,,,,,,,,,,,,,,,,,,,,,,,,,,,,,,,,
1133,2025-11-19,18:05:23.24684,106.8944,,13.3333333333333,875,6,5.46875,0,0,5.46875,-1.7578125,93,14.22602,0,0,0,,0,1.536,1.12,,1.29398,22,24,,,99.96,31.25,36.078431372549,0.80032,850.2,0.80032,,,,,,,,,,,,,,,,,,,,,,,,,,,,,,,,,,,,,,,,,,,,,,,,,,,,,,,,,,,,,,,,,,,,,,,,,,,,,,,
1134,2025-11-19,18:05:23.36158,107.00974,,13.3333333333333,875,6,5.46875,0,0,5.46875,-1.953125,93,14.22602,0,0,0,,0,1.536,1.12,,1.30732,22,24,,,99.96,31.25,36.078431372549,0.76128,850.2,0.7808,,,,,,,,,,,,,,,,,,,,,,,,,,,,,,,,,,,,,,,,,,,,,,,,,,,,,,,,,,,,,,,,,,,,,,,,,,,,,,,
1135,2025-11-19,18:05:23.63737,107.28484,,13.3333333333333,843.75,7,5.46875,0,0,5.46875,-2.34375,93,14.15269,0,0,0,,0,1.536,1.08,,1.34734,22,24,,,99.96,25,36.8627450980392,0.62464,850.2,0.7808,,,,,,,,,,,,,,,,,,,,,,,,,,,,,,,,,,,,,,,,,,,,,,,,,,,,,,,,,,,,,,,,,,,,,,,,,,,,,,,
1136,2025-11-19,18:05:23.78855,107.43585,,13.3333333333333,843.75,7,5.46875,0,0,5.46875,-2.9296875,93,14.22602,0,0,0,,0,1.536,1.08,,1.38736,22,24,,,99.96,31.25,36.8627450980392,0.1952,850.2,0.7808,,,,,,,,,,,,,,,,,,,,,,,,,,,,,,,,,,,,,,,,,,,,,,,,,,,,,,,,,,,,,,,,,,,,,,,,,,,,,,,
1137,2025-11-19,18:05:23.92334,107.57133,,13.3333333333333,843.75,6,5.46875,0,0,5.46875,-2.5390625,93,14.15269,0,0,0,,0,1.536,1.08,,1.38736,22,24,,,99.96,31.25,36.8627450980392,0.0976,850.2,0.76128,,,,,,,,,,,,,,,,,,,,,,,,,,,,,,,,,,,,,,,,,,,,,,,,,,,,,,,,,,,,,,,,,,,,,,,,,,,,,,,
1138,2025-11-19,18:05:24.18761,107.83534,,13.3333333333333,843.75,6,5.46875,0,0,5.46875,-1.953125,93,14.15269,0,0,0,,0,1.536,1.08,,1.38736,22,24,,,99.96,31.25,36.8627450980392,0.05856,850.2,0.7808,,,,,,,,,,,,,,,,,,,,,,,,,,,,,,,,,,,,,,,,,,,,,,,,,,,,,,,,,,,,,,,,,,,,,,,,,,,,,,,
1139,2025-11-19,18:05:24.32101,107.96851,,13.3333333333333,843.75,5,5.46875,0,0,5.46875,-1.171875,93,14.15269,0,0,0,,0,1.536,1.08,,1.42738,22,24,,,99.96,25,36.8627450980392,0.05856,850.2,0.7808,,,,,,,,,,,,,,,,,,,,,,,,,,,,,,,,,,,,,,,,,,,,,,,,,,,,,,,,,,,,,,,,,,,,,,,,,,,,,,,
1140,2025-11-19,18:05:24.46782,108.11529,,13.3333333333333,843.75,6,5.46875,0,0,5.46875,-0.78125,93,14.22602,0,0,0,,0,1.536,1.08,,1.37402,22,24,,,99.96,31.25,36.8627450980392,0.05856,850.2,0.7808,,,,,,,,,,,,,,,,,,,,,,,,,,,,,,,,,,,,,,,,,,,,,,,,,,,,,,,,,,,,,,,,,,,,,,,,,,,,,,,
1141,2025-11-19,18:05:24.61867,108.26629,,13.3333333333333,843.75,3,5.46875,0,0,5.46875,-0.390625,93,14.22602,0,0,0,,0,1.536,1.08,,1.42738,22,24,,,99.96,25,36.8627450980392,0.05856,850.2,0.76128,,,,,,,,,,,,,,,,,,,,,,,,,,,,,,,,,,,,,,,,,,,,,,,,,,,,,,,,,,,,,,,,,,,,,,,,,,,,,,,
1142,2025-11-19,18:05:24.73459,108.38203,,13.3333333333333,843.75,5,5.46875,0,0,5.46875,0,93,14.15269,0,0,0,,0,1.536,1.08,,1.42738,22,24,,,99.96,25,36.8627450980392,0.05856,850.2,0.76128,,,,,,,,,,,,,,,,,,,,,,,,,,,,,,,,,,,,,,,,,,,,,,,,,,,,,,,,,,,,,,,,,,,,,,,,,,,,,,,
1143,2025-11-19,18:05:24.81756,108.46505,,13.3333333333333,843.75,6,5.46875,0,0,5.46875,0.390625,93,14.22602,0,0,0,,0,1.536,1.08,,1.37402,22,24,,,99.96,25,36.8627450980392,0.05856,850.2,0.76128,,,,,,,,,,,,,,,,,,,,,,,,,,,,,,,,,,,,,,,,,,,,,,,,,,,,,,,,,,,,,,,,,,,,,,,,,,,,,,,
1144,2025-11-19,18:05:24.94305,108.59079,,13.3333333333333,843.75,6,5.46875,0,0,5.46875,0.5859375,93,14.15269,0,0,0,,0,1.536,1.08,,1.37402,22,24,,,99.96,31.25,36.8627450980392,0.05856,850.2,0.76128,,,,,,,,,,,,,,,,,,,,,,,,,,,,,,,,,,,,,,,,,,,,,,,,,,,,,,,,,,,,,,,,,,,,,,,,,,,,,,,
1145,2025-11-19,18:05:25.10626,108.75423,,13.3333333333333,843.75,3,5.46875,0,0,5.46875,0.9765625,93,14.22602,0,0,0,,0,1.536,1.08,,1.34734,22,24,,,99.96,31.25,36.8627450980392,0.07808,850.2,0.76128,,,,,,,,,,,,,,,,,,,,,,,,,,,,,,,,,,,,,,,,,,,,,,,,,,,,,,,,,,,,,,,,,,,,,,,,,,,,,,,
1146,2025-11-19,18:05:25.24114,108.88886,,13.3333333333333,843.75,5,5.46875,0,0,5.46875,1.3671875,93,14.15269,0,0,0,,0,1.536,1.08,,1.36068,22,24,,,99.96,31.25,37.6470588235294,0.15616,850.2,0.76128,,,,,,,,,,,,,,,,,,,,,,,,,,,,,,,,,,,,,,,,,,,,,,,,,,,,,,,,,,,,,,,,,,,,,,,,,,,,,,,
1147,2025-11-19,18:05:25.37219,109.01954,,13.3333333333333,843.75,4,5.46875,0,0,5.46875,1.7578125,93,14.15269,0,0,0,,0,1.536,1.08,,1.41404,22,24,,,99.96,31.25,36.8627450980392,0.2928,850.2,0.76128,,,,,,,,,,,,,,,,,,,,,,,,,,,,,,,,,,,,,,,,,,,,,,,,,,,,,,,,,,,,,,,,,,,,,,,,,,,,,,,
1148,2025-11-19,18:05:25.63891,109.28664,,13.3333333333333,843.75,4,5.46875,0,0,5.46875,2.34375,93,14.22602,0,0,0,,0,1.536,1.08,,1.36068,22,24,,,99.96,31.25,36.8627450980392,0.81984,850.2,0.76128,,,,,,,,,,,,,,,,,,,,,,,,,,,,,,,,,,,,,,,,,,,,,,,,,,,,,,,,,,,,,,,,,,,,,,,,,,,,,,,
